Transaction_ID,Order_Date,Customer_ID,Customer_Segment,Region,Product_Category,Product_Subcategory,Product_Name,Unit_Price,Unit_Cost,Quantity,Discount,Sales,Profit,Payment_Method,Shipping_Status
TXN-12728,2023-07-19,CUST-1338,Home Office,North,Home & Kitchen,Coffee Makers,Automatic Espresso & Cappuccino Maker,229.0,155.0,2,0.05,435.1,125.1,Debit Card,Pending
TXN-12779,2023-01-28,CUST-1333,Corporate,West,Beauty & Personal Care,Hair Styling,Ionic Salon Hair Dryer,75.0,36.0,1,0.0,75.0,39.0,Debit Card,Cancelled
TXN-11147,2023-08-20,CUST-1419,Corporate,South,Electronics,Audio,Bluetooth Portable Speaker,49.0,26.0,1,0.1,44.1,18.1,Credit Card,Delivered
TXN-11111,2023-10-05,CUST-1342,Corporate,West,Electronics,Audio,Noise-Canceling Wireless Headphones,179.0,110.0,3,0.0,537.0,207.0,Credit Card,Delivered
TXN-10197,2023-08-03,CUST-1672,Corporate,East,Clothing,Men's Apparel,Men's Slim Fit Denim Jeans,49.0,22.0,1,0.1,44.1,22.1,Credit Card,Pending
TXN-11838,2023-10-22,CUST-1336,Consumer,South,Beauty & Personal Care,Haircare,Argan Oil Repair Shampoo & Conditioner,24.0,8.5,1,0.05,22.8,14.3,Net Banking,Delivered
TXN-10323,2023-08-13,CUST-1914,Home Office,East,Beauty & Personal Care,Hair Styling,Ionic Salon Hair Dryer,75.0,36.0,1,0.1,67.5,31.5,Debit Card,Delivered
TXN-11614,2023-04-01,CUST-1705,Corporate,East,Clothing,Clearance,Budget Graphic Polyester Tee,14.0,13.5,6,0.5,42.0,-39.0,Net Banking,Delivered
TXN-12251,01/04/2023,CUST-1320,Consumer,North,Beauty & Personal Care,Haircare,Argan Oil Repair Shampoo & Conditioner,24.0,8.5,2,0.05,45.6,28.6,Credit Card,Shipped
TXN-12489,2023-06-16,CUST-1710,Corporate,North,Clothing,Outerwear,Fleece Zip Hooded Sweatshirt,45.0,21.0,3,0.1,121.5,58.5,Cash on Delivery,Pending
TXN-11961,2023-12-29,CUST-1465,Home Office,East,Electronics,Audio,Noise-Canceling Wireless Headphones,179.0,110.0,8,0.05,1360.4,480.4,,Delivered
TXN-10325,2023-01-10,CUST-1190,Corporate,South,Beauty & Personal Care,Skincare,Hydrating Hyaluronic Acid Serum,29.0,9.5,3,0.15,73.95,45.45,Credit Card,Cancelled
TXN-10555,2023-10-09,CUST-1644,Corporate,  west  ,Beauty & Personal Care,Skincare,Revitalizing Night Face Cream,35.0,12.0,2,0.0,70.0,46.0,Net Banking,Delivered
TXN-11400,2023-02-05,CUST-1909,Corporate,South,Home & Kitchen,Coffee Makers,Automatic Espresso & Cappuccino Maker,229.0,155.0,1,0.05,217.55,62.55,Debit Card,Delivered
TXN-10818,2023-10-28,CUST-1264,Corporate,North,Home & Kitchen,Storage,Glass Food Storage Containers (Set of 6),28.0,13.0,1,0.15,23.8,10.8,UPI / Digital Wallet,Cancelled
TXN-12292,2023-11-12,CUST-1175,Consumer,Central,Electronics,Accessories,USB-C Multiport Fast Hub,34.0,15.0,2,0.1,61.2,31.2,Debit Card,Delivered
TXN-11816,,CUST-1870,Consumer,South,Electronics,Audio,Noise-Canceling Wireless Headphones,179.0,110.0,1,0.0,179.0,69.0,UPI / Digital Wallet,Delivered
TXN-12759,20-05-2023,CUST-1131,Home Office,West,Beauty & Personal Care,Hair Styling,Ionic Salon Hair Dryer,75.0,36.0,2,0.05,142.5,70.5,Net Banking,Cancelled
TXN-10804,2023-06-18,CUST-1610,Corporate,North,Home & Kitchen,Cleaning,Robot Smart Vacuum Cleaner,279.0,215.0,1,0.15,237.15,22.15,UPI / Digital Wallet,Delivered
TXN-11454,2023-09-12,CUST-1249,Corporate,  west  ,Clothing,Clearance,Budget Graphic Polyester Tee,14.0,13.5,1,0.5,7.0,-6.5,Net Banking,Delivered
TXN-12744,02/28/2023,CUST-1211,Corporate,South,Sports & Outdoors,Camping,Waterproof 4-Person Camping Tent,139.0,88.0,1,0.0,139.0,51.0,Cash on Delivery,Pending
TXN-12427,2023-02-28,CUST-1119,Corporate,Central,Home & Kitchen,Small Appliances,Digital Air Fryer 5.8 Qt,$89.00,56.0,5,0.0,445.0,165.0,Credit Card,Delivered
TXN-10558,08/14/2023,CUST-1158,Consumer,Central,Clothing,Outerwear,Fleece Zip Hooded Sweatshirt,45.0,21.0,1,0.0,45.0,24.0,Cash on Delivery,Cancelled
TXN-10835,2023-11-06,CUST-1262,Corporate,West, Electronics ,Smartphones,Smartphone Pro 128GB,799.0,610.0,1,0.25,599.25,-10.75,Cash on Delivery,Shipped
TXN-12452,2023-11-13,CUST-1637,Consumer,  central  ,Home & Kitchen,Coffee Makers,Automatic Espresso & Cappuccino Maker,229.0,155.0,1,0.25,171.75,16.75,UPI / Digital Wallet,Delivered
TXN-11770,2023-10-30,CUST-1213,Home Office,North,Electronics,Audio,Bluetooth Portable Speaker,49.0,26.0,1,0.0,49.0,23.0,Debit Card,Delivered
TXN-11887,2023-04-25,CUST-1386,Consumer,West,Home & Kitchen,Coffee Makers,Automatic Espresso & Cappuccino Maker,229.0,155.0,2,0.0,458.0,148.0,Credit Card,Delivered
TXN-11986,2023-12-17,CUST-1870,Consumer,West,Electronics,Audio,Bluetooth Portable Speaker,49.0,26.0,3,0.25,110.25,32.25,Credit Card,Shipped
TXN-12763,2023-08-15,CUST-1314,Home Office,  west  ,Home & Kitchen,Cookware,Stainless Steel 10-Piece Cookware Set,169.0,112.0,3,0.1,456.3,120.3,Cash on Delivery,Delivered
TXN-12105,2023-03-01,CUST-1124,Corporate,  west  ,Home & Kitchen,Cookware,Stainless Steel 10-Piece Cookware Set,169.0,112.0,1,0.05,160.55,48.55,UPI / Digital Wallet,Shipped
TXN-12370,07/19/2023,CUST-1373,Consumer,North,Sports & Outdoors,Outdoor Gear,Tactical Multi-Pocket Hiking Backpack,68.0,36.0,2,0.0,136.0,64.0,Debit Card,Delivered
TXN-11656,12/20/2023,CUST-1903,Corporate,West,Electronics,Audio,Noise-Canceling Wireless Headphones,179.0,110.0,1,0.0,179.0,69.0,Debit Card,Pending
TXN-11867,2023-02-08,CUST-1969,Consumer,South,Clothing,Women's Apparel,Women's Floral Cotton Dress,59.0,26.0,2,0.0,118.0,66.0,UPI / Digital Wallet,Delivered
TXN-12103,2023-12-12,CUST-1174,Home Office,  west  ,Home & Kitchen,Coffee Makers,Automatic Espresso & Cappuccino Maker,229.0,155.0,2,0.15,389.3,79.3,Net Banking,Delivered
TXN-11048,2023-07-22,CUST-1491,Home Office,North,Beauty & Personal Care,Haircare,Argan Oil Repair Shampoo & Conditioner,24.0,8.5,2,0.0,48.0,31.0,Debit Card,Pending
TXN-10765,2023-10-07,CUST-1501,Home Office,  west  ,Beauty & Personal Care,Haircare,Argan Oil Repair Shampoo & Conditioner,24.0,8.5,1,0.1,21.6,13.1,Net Banking,Cancelled
TXN-10142,2023-03-02,CUST-1357,Consumer,Central,Electronics,Accessories,USB-C Multiport Fast Hub,34.0,15.0,8,0.1,244.8,124.8,Debit Card,Delivered
TXN-10444,2023-08-08,CUST-1876,Consumer,East,Electronics,Wearables,Smart Fitness Health Watch,129.0,75.0,3,0.1,348.3,123.3,Credit Card,Cancelled
TXN-11757,,CUST-1397,Home Office,West,Home & Kitchen,Coffee Makers,Automatic Espresso & Cappuccino Maker,229.0,155.0,4,0.0,916.0,296.0,Net Banking,Delivered
TXN-12061,,CUST-1167,Corporate,Central,Home & Kitchen,Cleaning,Robot Smart Vacuum Cleaner,279.0,215.0,2,0.05,530.1,100.1,Cash on Delivery,Delivered
TXN-11938,2023-10-17,CUST-1582,Corporate,West,Home & Kitchen,Cookware,Stainless Steel 10-Piece Cookware Set,169.0,112.0,1,0.05,160.55,48.55,Debit Card,Pending
TXN-10980,2023-11-27,CUST-1250,Home Office,West,Home & Kitchen,Small Appliances,Digital Air Fryer 5.8 Qt,89.0,56.0,2,0.0,178.0,66.0,UPI / Digital Wallet,Delivered
TXN-12045,2023-06-20,CUST-1465,Corporate,  south  ,Beauty & Personal Care,Oral Care,Rechargeable Sonic Electric Toothbrush,69.0,34.0,8,0.15,469.2,197.2,Cash on Delivery,Delivered
TXN-12649,01/15/2023,CUST-1798,Corporate,East,Electronics,Laptops & PCs,Ultra-Slim 14-inch Laptop,950.0,740.0,1,0.0,950.0,210.0,UPI / Digital Wallet,Cancelled
TXN-11651,2023-11-15,CUST-1921,Consumer,East,Clothing,Men's Apparel,Men's Slim Fit Denim Jeans,49.0,22.0,2,0.2,78.4,34.4,Cash on Delivery,Cancelled
TXN-11518,2023-06-27,CUST-1353,Corporate,East,Home & Kitchen,Cleaning,Robot Smart Vacuum Cleaner,279.0,215.0,2,0.0,558.0,128.0,UPI / Digital Wallet,Delivered
TXN-10611,09/07/2023,CUST-1633,,West,Electronics,Laptops & PCs,Ultra-Slim 14-inch Laptop,950.0,740.0,1,0.15,807.5,67.5,UPI / Digital Wallet,Delivered
TXN-12184,2023-04-26,CUST-1961,Consumer,North,Sports & Outdoors,Strength Training,Adjustable Quick-Select Dumbbell Set,159.0,102.0,1,0.15,135.15,33.15,Cash on Delivery,Cancelled
TXN-10412,06/01/2023,CUST-1226,Home Office,South,Beauty & Personal Care,Skincare,Hydrating Hyaluronic Acid Serum,29.0,9.5,1,0.15,24.65,15.15,Net Banking,Delivered
TXN-11174,2023-06-10,CUST-1432,Home Office,North,Clothing,Men's Apparel,Men's Slim Fit Denim Jeans,$49.00,22.0,1,0.0,49.0,27.0,Net Banking,Delivered
TXN-11049,12/07/2023,CUST-1552,Home Office,East,Home & Kitchen,Cleaning,Robot Smart Vacuum Cleaner,279.0,215.0,1,0.1,251.1,36.1,Debit Card,Delivered
TXN-11862,2023-10-30,CUST-1483,Home Office,South,Beauty & Personal Care,Skincare,Revitalizing Night Face Cream,35.0,12.0,3,0.0,105.0,69.0,Net Banking,Shipped
TXN-12460,2023-10-01,CUST-1865,Corporate,Central,Electronics,Audio,Noise-Canceling Wireless Headphones,179.0,110.0,2,0.05,340.1,120.1,Debit Card,Pending
TXN-10927,01/10/2023,CUST-1912,Consumer,West,Clothing,Men's Apparel,Classic Organic Cotton T-Shirt,22.0,8.5,2,0.0,44.0,27.0,Net Banking,Delivered
TXN-12623,2023-08-29,CUST-1002,Consumer,Central,Home & Kitchen,Coffee Makers,Automatic Espresso & Cappuccino Maker,229.0,155.0,1,0.0,229.0,74.0,Cash on Delivery,Delivered
TXN-10299,2023-10-28,CUST-1919,Home Office,West,Home & Kitchen,Coffee Makers,Automatic Espresso & Cappuccino Maker,229.0,155.0,1,0.0,229.0,74.0,Debit Card,Cancelled
TXN-11806,2023-02-04,CUST-1634,Consumer,South,Clothing,Women's Apparel,Women's Floral Cotton Dress,59.0,26.0,2,0.0,118.0,66.0,Debit Card,Pending
TXN-11103,2023-02-09,CUST-1799,Home Office,West,Beauty & Personal Care,Skincare,Hydrating Hyaluronic Acid Serum,29.0,9.5,1,0.1,26.1,16.6,Net Banking,Shipped
TXN-11074,26-11-2023,CUST-1575,Corporate,East, Beauty & Personal Care ,Skincare,Hydrating Hyaluronic Acid Serum,29.0,9.5,1,0.2,23.2,13.7,Credit Card,Delivered
TXN-11736,2023-11-12,CUST-1739,Corporate,West,Home & Kitchen,Cleaning,Robot Smart Vacuum Cleaner,279.0,215.0,1,0.05,265.05,50.05,Debit Card,Cancelled
TXN-11318,2023-10-18,CUST-1524,Home Office,West,Beauty & Personal Care,Skincare,Revitalizing Night Face Cream,35.0,12.0,3,0.0,105.0,69.0,Cash on Delivery,Delivered
TXN-11180,2023-12-30,CUST-1288,Home Office,EAST,Electronics,Audio,Noise-Canceling Wireless Headphones,$179.00,110.0,1,0.2,143.2,33.2,Net Banking,Cancelled
TXN-12453,2023-05-23,CUST-1878,Consumer,South,Home & Kitchen,Coffee Makers,Automatic Espresso & Cappuccino Maker,229.0,155.0,3,0.0,687.0,222.0,UPI / Digital Wallet,Shipped
TXN-11513,27-07-2023,CUST-1324,Corporate,West,Electronics,Audio,Bluetooth Portable Speaker,49.0,26.0,1,0.1,44.1,18.1,Debit Card,Cancelled
TXN-11178,2023-04-05,CUST-1649,Consumer,North,Sports & Outdoors,Fitness,Eco-Friendly Yoga Mat with Strap,32.0,14.0,1,0.05,30.4,16.4,Cash on Delivery,Cancelled
TXN-10965,2023-01-22,CUST-1443,Consumer,North,Sports & Outdoors,Hydration,Insulated Vacuum Water Bottle 1L,24.0,9.5,1,0.1,21.6,12.1,UPI / Digital Wallet,Shipped
TXN-11012,2023-08-19,CUST-1229,Home Office,  south  ,Clothing,Women's Apparel,Women's Floral Cotton Dress,59.0,26.0,1,0.0,59.0,33.0,,Delivered
TXN-12600,2023-10-10,CUST-1915,Consumer,West,Clothing,Clearance,Budget Graphic Polyester Tee,14.0,13.5,1,0.3,9.8,-3.7,Debit Card,Cancelled
TXN-11230,2023-03-18,CUST-1720,Consumer,  east  ,Clothing,Men's Apparel,Men's Slim Fit Denim Jeans,49.0,22.0,0,0.05,139.65,73.65,Credit Card,Delivered
TXN-10403,2023-02-24,CUST-1066,Consumer,South,Electronics,Audio,Bluetooth Portable Speaker,49.0,26.0,2,0.15,83.3,31.3,Debit Card,Shipped
TXN-11274,03-07-2023,CUST-1509,Consumer,North,Sports & Outdoors,Strength Training,Adjustable Quick-Select Dumbbell Set,159.0,102.0,1,0.1,143.1,41.1,Credit Card,Delivered
TXN-10195,05/15/2023,CUST-1066,Corporate,West,Beauty & Personal Care,Skincare,Revitalizing Night Face Cream,35.0,12.0,5,0.0,175.0,115.0,Net Banking,Delivered
TXN-10240,2023-03-28,CUST-1793,Consumer,North,Home & Kitchen,Storage,Glass Food Storage Containers (Set of 6),28.0,13.0,3,0.1,75.6,36.6,Net Banking,Shipped
TXN-11209,2023-03-11,CUST-1848,Home Office,South,Clothing,Women's Apparel,Women's Floral Cotton Dress,59.0,26.0,3,0.1,159.3,81.3,Debit Card,Pending
TXN-12307,2023-10-23,CUST-1675,Corporate,East,Sports & Outdoors,Strength Training,Adjustable Quick-Select Dumbbell Set,159.0,102.0,4,0.0,636.0,228.0,,Pending
TXN-12320,2023-10-14,CUST-1913,Corporate,West,Home & Kitchen,Cleaning,Robot Smart Vacuum Cleaner,279.0,215.0,2,0.15,474.3,44.3,Cash on Delivery,Shipped
TXN-10440,2023-02-19,CUST-1011,Home Office,  south  ,Sports & Outdoors,Strength Training,Adjustable Quick-Select Dumbbell Set,159.0,102.0,1,0.15,135.15,33.15,Debit Card,Delivered
TXN-11175,2023-03-11,CUST-1827,Consumer,East,Clothing,Footwear,Breathable Mesh Running Shoes,79.0,39.0,2,0.15,134.3,56.3,Credit Card,Delivered
TXN-11134,01/03/2023,CUST-1202,Consumer,North,Home & Kitchen,Storage,Glass Food Storage Containers (Set of 6),$28.00,13.0,1,0.1,25.2,12.2,Net Banking,Shipped
TXN-12448,01-04-2023,CUST-1352,Home Office,South,Sports & Outdoors,Hydration,Insulated Vacuum Water Bottle 1L,$24.00,9.5,1,0.1,21.6,12.1,Net Banking,Shipped
TXN-10863,2023-12-29,CUST-1107,Home Office,Central,Beauty & Personal Care,Skincare,Hydrating Hyaluronic Acid Serum,29.0,9.5,3,0.15,73.95,45.45,Cash on Delivery,Delivered
TXN-12530,15-06-2023,CUST-1445,Home Office,East,Beauty & Personal Care,Skincare,Revitalizing Night Face Cream,35.0,12.0,1,0.1,31.5,19.5,Cash on Delivery,Delivered
TXN-11648,2023-01-08,CUST-1590,Corporate,East,Clothing,Men's Apparel,Classic Organic Cotton T-Shirt,22.0,8.5,3,0.15,56.1,30.6,Cash on Delivery,Delivered
TXN-10369,2023-09-25,CUST-1886,Consumer,Central,Electronics,Audio,Bluetooth Portable Speaker,49.0,26.0,1,0.0,49.0,23.0,UPI / Digital Wallet,Shipped
TXN-11476,2023-01-02,CUST-1013,Home Office,East,Beauty & Personal Care,Skincare,Hydrating Hyaluronic Acid Serum,29.0,9.5,1,0.15,24.65,15.15,UPI / Digital Wallet,Shipped
TXN-12357,2023-04-30,CUST-1862,Consumer,North,Home & Kitchen,Small Appliances,Digital Air Fryer 5.8 Qt,89.0,56.0,1,0.0,89.0,33.0,Net Banking,Shipped
TXN-10415,2023-01-09,CUST-1093,Home Office,West,Home & Kitchen,Coffee Makers,Automatic Espresso & Cappuccino Maker,229.0,155.0,2,0.0,458.0,148.0,Net Banking,Delivered
TXN-12232,2023-04-29,CUST-1598,Home Office,North,Clothing,Men's Apparel,Men's Slim Fit Denim Jeans,49.0,22.0,1,0.1,44.1,22.1,Debit Card,Delivered
TXN-10033,2023-09-23,CUST-1713,Corporate,North,Home & Kitchen,Small Appliances,Digital Air Fryer 5.8 Qt,89.0,56.0,1,0.0,89.0,33.0,Debit Card,Shipped
TXN-11406,2023-09-09,CUST-1317,Home Office,East,Sports & Outdoors,Hydration,Insulated Vacuum Water Bottle 1L,24.0,9.5,1,0.0,24.0,14.5,Cash on Delivery,Delivered
TXN-10068,2023-12-04,CUST-1786,Corporate,North,Electronics,Television,Ultra HD Smart LED TV 55-inch,649.0,490.0,2,0.25,973.5,-6.5,Cash on Delivery,Delivered
TXN-10409,2023-04-01,CUST-1551,Consumer,Central,Electronics,Accessories,USB-C Multiport Fast Hub,34.0,15.0,3,0.1,91.8,46.8,Credit Card,Delivered
TXN-12606,2023-05-23,CUST-1219,Home Office,South,Electronics,Audio,Bluetooth Portable Speaker,49.0,26.0,8,0.05,372.4,164.4,Credit Card,Delivered
TXN-10991,2023-09-20,CUST-1841,Corporate,North, Home & Kitchen ,Cleaning,Robot Smart Vacuum Cleaner,279.0,215.0,2,0.1,502.2,72.2,UPI / Digital Wallet,Delivered
TXN-11567,2023-07-13,CUST-1789,,Central,Sports & Outdoors,Fitness,Eco-Friendly Yoga Mat with Strap,32.0,14.0,2,0.05,60.8,32.8,Net Banking,Delivered
TXN-11266,07/19/2023,CUST-1192,Consumer,  central  ,Beauty & Personal Care,Skincare,Hydrating Hyaluronic Acid Serum,29.0,9.5,2,0.0,58.0,39.0,Debit Card,Shipped
TXN-11753,2023-08-06,CUST-1145,Consumer,North,Clothing,Men's Apparel,Men's Slim Fit Denim Jeans,$49.00,22.0,2,0.1,88.2,44.2,Cash on Delivery,Shipped
TXN-10573,2023-03-24,CUST-1679,Corporate,West,Electronics,Smartphones,Smartphone Pro 128GB,799.0,610.0,1,0.0,799.0,189.0,Net Banking,Delivered
TXN-11196,2023-01-24,CUST-1118,Home Office,  central  ,Electronics,Smartphones,Smartphone Pro 128GB,799.0,610.0,2,0.15,1358.3,138.3,Cash on Delivery,Cancelled
TXN-11445,2023-11-12,CUST-1359,Home Office,North,Sports & Outdoors,Camping,Waterproof 4-Person Camping Tent,139.0,88.0,6,0.1,750.6,222.6,Net Banking,Delivered
TXN-12398,2023-10-28,CUST-1913,Corporate,Central,Sports & Outdoors,Strength Training,Adjustable Quick-Select Dumbbell Set,159.0,102.0,3,0.0,477.0,171.0,Debit Card,Shipped
TXN-11492,2023-01-27,CUST-1594,Home Office,Central,Electronics,Audio,Bluetooth Portable Speaker,49.0,26.0,1,0.05,46.55,20.55,Debit Card,Cancelled
TXN-12634,2023-05-28,CUST-1549,Home Office,  north  ,Electronics,Audio,Noise-Canceling Wireless Headphones,179.0,110.0,1,0.1,161.1,51.1,Debit Card,Cancelled
TXN-11533,12-03-2023,CUST-1605,Corporate,CENTRAL,Electronics,Laptops & PCs,Ultra-Slim 14-inch Laptop,950.0,740.0,1,0.15,807.5,67.5,UPI / Digital Wallet,Delivered
TXN-11799,2023-10-13,CUST-1430,Corporate,North,Electronics,Smartphones,Smartphone Pro 128GB,799.0,610.0,1,0.0,799.0,189.0,Cash on Delivery,Shipped
TXN-12564,2023-07-06,CUST-1318,Corporate,CENTRAL,Sports & Outdoors,Camping,Waterproof 4-Person Camping Tent,139.0,88.0,3,0.05,396.15,132.15,Cash on Delivery,Delivered
TXN-10411,08/23/2023,CUST-1140,Consumer,East,Beauty & Personal Care,Hair Styling,Ionic Salon Hair Dryer,75.0,36.0,1,0.05,71.25,35.25,UPI / Digital Wallet,Delivered
TXN-10908,2023-01-11,CUST-1175,Home Office,  west  ,Home & Kitchen,Storage,Glass Food Storage Containers (Set of 6),28.0,13.0,2,0.05,53.2,27.2,Net Banking,Delivered
TXN-11815,02/22/2023,CUST-1602,Corporate,SOUTH,Electronics,Accessories,USB-C Multiport Fast Hub,34.0,15.0,1,0.05,32.3,17.3,Debit Card,Delivered
TXN-11728,03-01-2023,CUST-1652,Home Office,South, Clothing ,Footwear,Breathable Mesh Running Shoes,79.0,39.0,8,0.0,632.0,320.0,Credit Card,Delivered
TXN-10901,2023-07-27,CUST-1214,Corporate,West,Home & Kitchen,Cookware,Stainless Steel 10-Piece Cookware Set,169.0,112.0,3,0.1,456.3,120.3,Cash on Delivery,Shipped
TXN-10499,2023-07-29,CUST-1941,Consumer,East,Sports & Outdoors,Outdoor Gear,Tactical Multi-Pocket Hiking Backpack,68.0,36.0,2,0.15,115.6,43.6,Cash on Delivery,Delivered
TXN-10943,04/15/2023,CUST-1955,Consumer,West,Electronics,Audio,Bluetooth Portable Speaker,49.0,26.0,4,0.0,196.0,92.0,Credit Card,Delivered
TXN-11552,2023-12-24,CUST-1602,Home Office,Central,Beauty & Personal Care,Oral Care,Rechargeable Sonic Electric Toothbrush,69.0,34.0,2,0.2,110.4,42.4,UPI / Digital Wallet,Pending
TXN-11150,2023-07-26,CUST-1273,Home Office,East, Home & Kitchen ,Cookware,Stainless Steel 10-Piece Cookware Set,169.0,112.0,1,0.05,160.55,48.55,Net Banking,Delivered
TXN-11712,2023-09-21,CUST-1708,Home Office,West,Electronics,Smartphones,Smartphone Pro 128GB,799.0,610.0,2,0.0,1598.0,378.0,Cash on Delivery,Delivered
TXN-11079,2023-11-13,CUST-1584,Consumer,South,Sports & Outdoors,Hydration,Insulated Vacuum Water Bottle 1L,24.0,9.5,1,0.05,22.8,13.3,Debit Card,Delivered
TXN-12631,2023-03-23,CUST-1954,Corporate,Central,Home & Kitchen,Coffee Makers,Automatic Espresso & Cappuccino Maker,229.0,155.0,4,0.0,916.0,296.0,Net Banking,Cancelled
TXN-11059,22-10-2023,CUST-1634,Corporate,West,Home & Kitchen,Bedding,Orthopedic Memory Foam Pillow,39.0,18.0,2,0.05,74.1,38.1,Debit Card,Delivered
TXN-12539,17-12-2023,CUST-1052,Consumer,South,Sports & Outdoors,Camping,Waterproof 4-Person Camping Tent,139.0,88.0,3,0.2,333.6,69.6,Credit Card,Pending
TXN-12148,2023-11-30,CUST-1490,Corporate,East,Home & Kitchen,Coffee Makers,Automatic Espresso & Cappuccino Maker,229.0,155.0,1,0.2,183.2,28.2,Debit Card,Cancelled
TXN-11458,19-05-2023,CUST-1097,Home Office,North,Electronics,Wearables,Smart Fitness Health Watch,129.0,75.0,2,0.0,258.0,108.0,Credit Card,Delivered
TXN-11398,2023-10-22,CUST-1967,,WEST,Clothing,Women's Apparel,Women's Floral Cotton Dress,59.0,26.0,1,0.05,56.05,30.05,Cash on Delivery,Delivered
TXN-10613,03-12-2023,CUST-1450,Consumer,West, Electronics ,Accessories,USB-C Multiport Fast Hub,34.0,15.0,1,0.25,25.5,10.5,UPI / Digital Wallet,Cancelled
TXN-10031,2023-09-21,CUST-1291,Consumer,North, Beauty & Personal Care ,Oral Care,Rechargeable Sonic Electric Toothbrush,69.0,34.0,2,0.05,131.1,63.1,UPI / Digital Wallet,Delivered
TXN-12084,2023-06-22,CUST-1416,Corporate,East,Sports & Outdoors,Outdoor Gear,Tactical Multi-Pocket Hiking Backpack,68.0,36.0,0,0.1,122.4,50.4,Net Banking,Cancelled
TXN-11339,2023-03-26,CUST-1384,Consumer,South,Clothing,Footwear,Breathable Mesh Running Shoes,79.0,39.0,4,0.1,284.4,128.4,Credit Card,Delivered
TXN-10536,2023-07-05,CUST-1007,Consumer,Central,Electronics,Smartphones,Smartphone Pro 128GB,799.0,610.0,1,0.0,799.0,189.0,Debit Card,Delivered
TXN-12782,09/17/2023,CUST-1170,Corporate,  central  ,Home & Kitchen,Coffee Makers,Automatic Espresso & Cappuccino Maker,229.0,155.0,2,0.1,412.2,102.2,Net Banking,Delivered
TXN-12767,2023-11-11,CUST-1638,Corporate,South,Electronics,Television,Ultra HD Smart LED TV 55-inch,649.0,490.0,1,0.25,486.75,-3.25,UPI / Digital Wallet,Delivered
TXN-10355,2023-01-23,CUST-1390,Home Office,Central,Sports & Outdoors,Fitness,Eco-Friendly Yoga Mat with Strap,32.0,14.0,1,0.05,30.4,16.4,Debit Card,Delivered
TXN-11211,2023-06-29,CUST-1806,Consumer,North,Home & Kitchen,Cleaning,Robot Smart Vacuum Cleaner,279.0,215.0,2,0.0,558.0,128.0,Net Banking,Delivered
TXN-10179,2023-05-07,CUST-1670,Corporate,West,Clothing,Footwear,Breathable Mesh Running Shoes,79.0,39.0,3,0.0,237.0,120.0,UPI / Digital Wallet,Delivered
TXN-10212,2023-04-01,CUST-1349,Consumer,North,Sports & Outdoors,Strength Training,Adjustable Quick-Select Dumbbell Set,159.0,102.0,3,0.05,453.15,147.15,Debit Card,Pending
TXN-10297,2023-10-14,CUST-1292,Home Office,South,Clothing,Outerwear,Fleece Zip Hooded Sweatshirt,45.0,21.0,1,0.05,42.75,21.75,Debit Card,Shipped
TXN-10928,09-04-2023,CUST-1797,Consumer,  east  ,Sports & Outdoors,Strength Training,Adjustable Quick-Select Dumbbell Set,159.0,102.0,3,0.0,477.0,171.0,Cash on Delivery,Delivered
TXN-11638,12/01/2023,CUST-1137,Corporate,North,Clothing,Outerwear,Fleece Zip Hooded Sweatshirt,45.0,21.0,1,0.15,38.25,17.25,Credit Card,Cancelled
TXN-11407,2023-12-09,CUST-1470,Corporate,Central,Clothing,Clearance,Budget Graphic Polyester Tee,14.0,13.5,2,0.25,21.0,-6.0,Cash on Delivery,Cancelled
TXN-11272,08/31/2023,CUST-1585,Home Office,East,Beauty & Personal Care,Oral Care,Rechargeable Sonic Electric Toothbrush,69.0,34.0,1,0.0,69.0,35.0,UPI / Digital Wallet,Shipped
TXN-12675,2023-08-20,CUST-1513,Corporate,Central,Clothing,Clearance,Budget Graphic Polyester Tee,14.0,13.5,1,0.3,9.8,-3.7,Cash on Delivery,Cancelled
TXN-10749,2023-08-16,CUST-1123,Consumer,North,Sports & Outdoors,Outdoor Gear,Tactical Multi-Pocket Hiking Backpack,68.0,36.0,1,0.05,64.6,28.6,UPI / Digital Wallet,Cancelled
TXN-11992,2023-08-11,CUST-1703,Home Office,Central,Sports & Outdoors,Camping,Waterproof 4-Person Camping Tent,139.0,88.0,1,0.1,125.1,37.1,Net Banking,Delivered
TXN-10074,2023-02-01,CUST-1368,Consumer,West, Clothing ,Clearance,Budget Graphic Polyester Tee,14.0,13.5,1,0.25,10.5,-3.0,Debit Card,Cancelled
TXN-12424,08/07/2023,CUST-1938,Home Office,South,Home & Kitchen,Coffee Makers,Automatic Espresso & Cappuccino Maker,229.0,155.0,1,0.0,229.0,74.0,UPI / Digital Wallet,Pending
TXN-10064,01/15/2023,CUST-1926,Corporate,East,Electronics,Laptops & PCs,Ultra-Slim 14-inch Laptop,950.0,740.0,1,0.0,950.0,210.0,UPI / Digital Wallet,Shipped
TXN-11069,2023-11-24,CUST-1539,Consumer,South,Clothing,Footwear,Breathable Mesh Running Shoes,79.0,39.0,1,0.1,71.1,32.1,Cash on Delivery,Pending
TXN-10451,06/30/2023,CUST-1693,Consumer,North,Sports & Outdoors,Fitness,Eco-Friendly Yoga Mat with Strap,32.0,14.0,5,0.05,152.0,82.0,Net Banking,Delivered
TXN-10046,2023-12-24,CUST-1415,Corporate,Central,Home & Kitchen,Storage,Glass Food Storage Containers (Set of 6),28.0,13.0,1,0.2,22.4,9.4,Cash on Delivery,Cancelled
TXN-11223,05/13/2023,CUST-1603,Consumer,East,Home & Kitchen,Small Appliances,Digital Air Fryer 5.8 Qt,89.0,56.0,2,0.15,151.3,39.3,Cash on Delivery,Delivered
TXN-11570,2023-11-09,CUST-1372,Corporate,Central, Electronics ,Audio,Bluetooth Portable Speaker,49.0,26.0,2,0.0,98.0,46.0,UPI / Digital Wallet,Cancelled
TXN-12644,05/19/2023,CUST-1078,Consumer,West,Clothing,Outerwear,Fleece Zip Hooded Sweatshirt,45.0,21.0,4,0.1,162.0,78.0,Cash on Delivery,Shipped
TXN-11845,12/23/2023,CUST-1577,Corporate,West,Electronics,Audio,Bluetooth Portable Speaker,49.0,26.0,2,0.0,98.0,46.0,UPI / Digital Wallet,Delivered
TXN-10081,2023-03-04,CUST-1687,Corporate,North,Home & Kitchen,Cookware,Stainless Steel 10-Piece Cookware Set,169.0,112.0,1,0.1,152.1,40.1,Net Banking,Delivered
TXN-10507,03/15/2023,CUST-1167,Home Office,South,Home & Kitchen,Bedding,Orthopedic Memory Foam Pillow,39.0,18.0,1,0.1,35.1,17.1,Net Banking,Pending
TXN-10568,23-10-2023,CUST-1293,Corporate,North,Beauty & Personal Care,Haircare,Argan Oil Repair Shampoo & Conditioner,24.0,8.5,1,0.1,21.6,13.1,Cash on Delivery,Shipped
TXN-10858,2023-09-04,CUST-1148,Consumer,West,Sports & Outdoors,Camping,Waterproof 4-Person Camping Tent,139.0,88.0,1,0.0,139.0,51.0,Cash on Delivery,Shipped
TXN-11823,2023-08-26,CUST-1570,Corporate,North,Electronics,Audio,Bluetooth Portable Speaker,49.0,26.0,1,0.05,46.55,20.55,UPI / Digital Wallet,Delivered
TXN-12730,2023-06-08,CUST-1693,Consumer,East,Beauty & Personal Care,Hair Styling,Ionic Salon Hair Dryer,75.0,36.0,1,0.15,63.75,27.75,Credit Card,Shipped
TXN-12350,2023-05-24,CUST-1700,Consumer,Central,Sports & Outdoors,Outdoor Gear,Tactical Multi-Pocket Hiking Backpack,68.0,36.0,1,0.0,68.0,32.0,Cash on Delivery,Cancelled
TXN-12576,2023-08-24,CUST-1508,Consumer,West, Electronics ,Audio,Bluetooth Portable Speaker,49.0,26.0,2,0.0,98.0,46.0,Credit Card,Shipped
TXN-11381,11/12/2023,CUST-1222,Consumer,West,Electronics,Wearables,Smart Fitness Health Watch,$129.00,75.0,3,0.0,387.0,162.0,Debit Card,Delivered
TXN-10408,31-08-2023,CUST-1934,Home Office,North,Home & Kitchen,Coffee Makers,Automatic Espresso & Cappuccino Maker,229.0,155.0,1,0.0,229.0,74.0,UPI / Digital Wallet,Delivered
TXN-10677,2023-06-10,CUST-1799,Consumer,East,Electronics,Audio,Bluetooth Portable Speaker,49.0,26.0,1,0.0,49.0,23.0,Cash on Delivery,Pending
TXN-12732,2023-12-17,CUST-1757,Consumer,Central,Home & Kitchen,Coffee Makers,Automatic Espresso & Cappuccino Maker,229.0,155.0,2,0.25,343.5,33.5,Cash on Delivery,Delivered
TXN-11890,15-06-2023,CUST-1402,Consumer,North, Sports & Outdoors ,Fitness,Eco-Friendly Yoga Mat with Strap,32.0,14.0,1,0.05,30.4,16.4,Net Banking,Delivered
TXN-12284,09/16/2023,CUST-1073,Home Office,West,Home & Kitchen,Cleaning,Robot Smart Vacuum Cleaner,279.0,215.0,3,0.15,711.45,66.45,Net Banking,Cancelled
TXN-11744,2023-11-27,CUST-1135,Home Office,West,Sports & Outdoors,Strength Training,Adjustable Quick-Select Dumbbell Set,159.0,102.0,2,0.2,254.4,50.4,Net Banking,Delivered
TXN-12182,2023-04-04,CUST-1097,Corporate,South,Electronics,Wearables,Smart Fitness Health Watch,129.0,75.0,1,0.05,122.55,47.55,Net Banking,Cancelled
TXN-10841,03/05/2023,CUST-1451,Home Office,West,Sports & Outdoors,Camping,Waterproof 4-Person Camping Tent,139.0,88.0,4,0.0,556.0,204.0,Debit Card,Shipped
TXN-11488,2023-11-21,CUST-1316,Home Office,South,Home & Kitchen,Storage,Glass Food Storage Containers (Set of 6),28.0,13.0,1,0.0,28.0,15.0,Net Banking,Pending
TXN-11371,2023-03-05,CUST-1503,Home Office,North,Home & Kitchen,Small Appliances,Digital Air Fryer 5.8 Qt,89.0,56.0,1,0.0,89.0,33.0,Cash on Delivery,Pending
TXN-10599,2023-09-09,CUST-1591,Home Office,Central, Beauty & Personal Care ,Skincare,Revitalizing Night Face Cream,$35.00,12.0,1,0.05,33.25,21.25,Net Banking,Delivered
TXN-10529,2023-02-01,CUST-1088,Consumer,South, Electronics ,Laptops & PCs,Ultra-Slim 14-inch Laptop,950.0,740.0,1,0.0,950.0,210.0,Cash on Delivery,Delivered
TXN-10913,2023-05-25,CUST-1501,Home Office,  north  ,Clothing,Women's Apparel,Women's Floral Cotton Dress,59.0,26.0,1,0.1,53.1,27.1,UPI / Digital Wallet,Pending
TXN-12506,2023-01-13,CUST-1683,Corporate,Central,Sports & Outdoors,Outdoor Gear,Tactical Multi-Pocket Hiking Backpack,68.0,36.0,3,0.0,204.0,96.0,Net Banking,Delivered
TXN-12211,2023-03-08,CUST-1636,Consumer,Central,Home & Kitchen,Coffee Makers,Automatic Espresso & Cappuccino Maker,229.0,155.0,1,0.0,229.0,74.0,Debit Card,Delivered
TXN-10045,2023-05-22,CUST-1719,Consumer,North,Home & Kitchen,Cleaning,Robot Smart Vacuum Cleaner,279.0,215.0,1,0.0,279.0,64.0,,Shipped
TXN-11369,2023-04-19,CUST-1325,Corporate,North,Electronics,Smartphones,Smartphone Pro 128GB,799.0,610.0,-1,0.15,1358.3,138.3,Cash on Delivery,Shipped
TXN-12167,2023-08-26,CUST-1353,Home Office,South,Home & Kitchen,Bedding,Orthopedic Memory Foam Pillow,39.0,18.0,3,0.1,105.3,51.3,UPI / Digital Wallet,Delivered
TXN-11477,2023-01-17,CUST-1856,Consumer,Central,Home & Kitchen,Storage,Glass Food Storage Containers (Set of 6),28.0,13.0,3,0.1,75.6,36.6,UPI / Digital Wallet,Cancelled
TXN-11557,2023-09-25,CUST-1398,Home Office,South,Electronics,Laptops & PCs,Ultra-Slim 14-inch Laptop,950.0,740.0,1,0.0,950.0,210.0,UPI / Digital Wallet,Pending
TXN-11024,2023-10-26,CUST-1218,Home Office,Central,Clothing,Men's Apparel,Men's Slim Fit Denim Jeans,49.0,22.0,1,0.05,46.55,24.55,Credit Card,Cancelled
TXN-11468,03/15/2023,CUST-1542,Corporate,East,Home & Kitchen,Small Appliances,Digital Air Fryer 5.8 Qt,89.0,56.0,2,0.0,178.0,66.0,UPI / Digital Wallet,Shipped
TXN-11972,21-12-2023,CUST-1808,Consumer,North,Sports & Outdoors,Strength Training,Adjustable Quick-Select Dumbbell Set,159.0,102.0,1,0.15,135.15,33.15,Cash on Delivery,Pending
TXN-11382,2023-03-14,CUST-1508,Home Office,East,Electronics,Accessories,USB-C Multiport Fast Hub,34.0,15.0,1,0.05,32.3,17.3,UPI / Digital Wallet,Cancelled
TXN-11464,2023-06-30,CUST-1188,Corporate,South,Beauty & Personal Care,Hair Styling,Ionic Salon Hair Dryer,75.0,36.0,3,0.1,202.5,94.5,Cash on Delivery,Delivered
TXN-10941,2023-09-03,CUST-1504,Home Office,North,Home & Kitchen,Cleaning,Robot Smart Vacuum Cleaner,279.0,215.0,2,0.0,558.0,128.0,Credit Card,Delivered
TXN-10094,2023-11-12,CUST-1647,Corporate,East,Electronics,Audio,Bluetooth Portable Speaker,49.0,26.0,2,0.15,83.3,31.3,Net Banking,Delivered
TXN-11256,2023-03-22,CUST-1812,Corporate,East,Home & Kitchen,Cookware,Stainless Steel 10-Piece Cookware Set,169.0,112.0,3,0.05,481.65,145.65,Debit Card,Cancelled
TXN-10176,2023-03-27,CUST-1569,Corporate,East,Home & Kitchen,Coffee Makers,Automatic Espresso & Cappuccino Maker,229.0,155.0,1,0.0,229.0,74.0,Net Banking,Delivered
TXN-11362,15-09-2023,CUST-1877,Consumer,East,Beauty & Personal Care,Skincare,Revitalizing Night Face Cream,35.0,12.0,1,0.05,33.25,21.25,Debit Card,Delivered
TXN-12797,2023-09-16,CUST-1682,Corporate,  west  , Electronics ,Audio,Bluetooth Portable Speaker,49.0,26.0,1,0.0,49.0,23.0,Net Banking,Delivered
TXN-12707,14-02-2023,CUST-1378,Consumer,East,Home & Kitchen,Coffee Makers,Automatic Espresso & Cappuccino Maker,229.0,155.0,3,0.0,687.0,222.0,UPI / Digital Wallet,Delivered
TXN-10528,2023-05-09,CUST-1861,Consumer,East,Clothing,Men's Apparel,Men's Slim Fit Denim Jeans,49.0,22.0,1,0.0,49.0,27.0,UPI / Digital Wallet,Pending
TXN-12665,30-05-2023,CUST-1516,Consumer,South, Sports & Outdoors ,Fitness,Eco-Friendly Yoga Mat with Strap,32.0,14.0,1,0.1,28.8,14.8,Net Banking,Delivered
TXN-11062,2023-01-12,CUST-1518,Consumer,East,Sports & Outdoors,Fitness,Eco-Friendly Yoga Mat with Strap,32.0,14.0,1,0.0,32.0,18.0,Net Banking,Cancelled
TXN-12258,2023-06-21,CUST-1542,Home Office,North,Beauty & Personal Care,Haircare,Argan Oil Repair Shampoo & Conditioner,24.0,8.5,4,0.05,91.2,57.2,Credit Card,Delivered
TXN-12033,2023-07-27,CUST-1086,Corporate,WEST,Clothing,Footwear,Breathable Mesh Running Shoes,79.0,39.0,1,0.0,79.0,40.0,Credit Card,Cancelled
TXN-12570,09-04-2023,CUST-1377,Consumer,East,Home & Kitchen,Small Appliances,Digital Air Fryer 5.8 Qt,89.0,56.0,2,0.0,178.0,66.0,Cash on Delivery,Shipped
TXN-10310,2023-10-28,CUST-1372,Consumer,North,Home & Kitchen,Small Appliances,Digital Air Fryer 5.8 Qt,89.0,56.0,1,0.0,89.0,33.0,Debit Card,Cancelled
TXN-11038,2023-10-16,CUST-1579,Corporate,South,Clothing,Clearance,Budget Graphic Polyester Tee,14.0,13.5,2,0.3,19.6,-7.4,Credit Card,Delivered
TXN-11358,2023-09-09,CUST-1625,Home Office,East,Sports & Outdoors,Camping,Waterproof 4-Person Camping Tent,139.0,88.0,2,0.05,264.1,88.1,Credit Card,Delivered
TXN-11037,2023-06-24,CUST-1582,Home Office,North,Electronics,Smartphones,Smartphone Pro 128GB,799.0,610.0,2,0.0,1598.0,378.0,UPI / Digital Wallet,Cancelled
TXN-10701,06/04/2023,CUST-1943,Home Office,West,Beauty & Personal Care,Skincare,Hydrating Hyaluronic Acid Serum,29.0,9.5,1,0.15,24.65,15.15,UPI / Digital Wallet,Pending
TXN-10708,2023-05-04,CUST-1674,Corporate,South,Electronics,Accessories,USB-C Multiport Fast Hub,34.0,15.0,2,0.15,57.8,27.8,Cash on Delivery,Delivered
TXN-12298,2023-01-07,CUST-1997,Consumer,West,Beauty & Personal Care,Hair Styling,Ionic Salon Hair Dryer,75.0,36.0,1,0.05,71.25,35.25,Cash on Delivery,Shipped
TXN-12152,2023-11-04,CUST-1350,Consumer,Central,Beauty & Personal Care,Oral Care,Rechargeable Sonic Electric Toothbrush,69.0,34.0,2,0.25,103.5,35.5,Credit Card,Pending
TXN-11763,2023-02-18,CUST-1205,Corporate,East,Electronics,Accessories,USB-C Multiport Fast Hub,34.0,15.0,2,0.05,64.6,34.6,Debit Card,Cancelled
TXN-10812,2023-10-23,CUST-1212,Consumer,South,Clothing,Men's Apparel,Men's Slim Fit Denim Jeans,49.0,22.0,2,0.1,88.2,44.2,Cash on Delivery,Pending
TXN-12178,2023-09-26,CUST-1320,Corporate,West, Electronics ,Wearables,Smart Fitness Health Watch,$129.00,75.0,3,0.15,328.95,103.95,Cash on Delivery,Shipped
TXN-11691,2023-04-08,CUST-1479,Consumer,West,Electronics,Smartphones,Smartphone Pro 128GB,799.0,610.0,2,0.15,1358.3,138.3,Credit Card,Cancelled
TXN-11785,2023-01-20,CUST-1005,Corporate,East,Sports & Outdoors,Fitness,Eco-Friendly Yoga Mat with Strap,32.0,14.0,2,0.15,54.4,26.4,Debit Card,Pending
TXN-10434,03-11-2023,CUST-1751,Corporate,East,Electronics,Accessories,USB-C Multiport Fast Hub,34.0,15.0,2,0.05,64.6,34.6,Debit Card,Delivered
TXN-12275,2023-11-18,CUST-1656,Home Office,North,Sports & Outdoors,Strength Training,Adjustable Quick-Select Dumbbell Set,$159.00,102.0,2,0.2,254.4,50.4,Cash on Delivery,Pending
TXN-12577,2023-01-24,CUST-1061,Home Office,West,Clothing,Footwear,Breathable Mesh Running Shoes,$79.00,39.0,1,0.0,79.0,40.0,Cash on Delivery,Shipped
TXN-11469,22-04-2023,CUST-1289,Consumer,North,Beauty & Personal Care,Skincare,Revitalizing Night Face Cream,35.0,12.0,2,0.05,66.5,42.5,Net Banking,Delivered
TXN-10519,2023-02-05,CUST-1577,Home Office,South,Clothing,Footwear,Breathable Mesh Running Shoes,79.0,39.0,1,0.0,79.0,40.0,Net Banking,Delivered
TXN-11673,2023-05-18,CUST-1899,Consumer,Central,Sports & Outdoors,Hydration,Insulated Vacuum Water Bottle 1L,24.0,9.5,1,0.0,24.0,14.5,UPI / Digital Wallet,Shipped
TXN-11360,2023-10-03,CUST-1517,Consumer,East,Sports & Outdoors,Fitness,Eco-Friendly Yoga Mat with Strap,32.0,14.0,2,0.0,64.0,36.0,Debit Card,Cancelled
TXN-10394,2023-11-07,CUST-1114,Corporate,West,Home & Kitchen,Small Appliances,Digital Air Fryer 5.8 Qt,89.0,56.0,2,0.0,178.0,66.0,Cash on Delivery,Cancelled
TXN-10810,09-11-2023,CUST-1142,Consumer,West,Electronics,Audio,Noise-Canceling Wireless Headphones,179.0,110.0,2,0.25,268.5,48.5,UPI / Digital Wallet,Pending
TXN-11653,03/06/2023,CUST-1727,Consumer,East,Clothing,Footwear,Breathable Mesh Running Shoes,79.0,39.0,1,0.05,75.05,36.05,Cash on Delivery,Pending
TXN-10071,10/04/2023,CUST-1111,Home Office,East,Beauty & Personal Care,Skincare,Hydrating Hyaluronic Acid Serum,29.0,9.5,3,0.15,73.95,45.45,Debit Card,Cancelled
TXN-11731,2023-09-28,CUST-1229,Corporate,East,Electronics,Wearables,Smart Fitness Health Watch,129.0,75.0,2,0.05,245.1,95.1,UPI / Digital Wallet,Delivered
TXN-11379,2023-07-24,CUST-1560,Consumer,North,Home & Kitchen,Small Appliances,Digital Air Fryer 5.8 Qt,89.0,56.0,2,0.0,178.0,66.0,Credit Card,Delivered
TXN-12400,2023-04-07,CUST-1485,Consumer,North,Electronics,Wearables,Smart Fitness Health Watch,129.0,75.0,2,0.15,219.3,69.3,Net Banking,Pending
TXN-10409,2023-04-01,CUST-1551,Consumer,Central,Electronics,Accessories,USB-C Multiport Fast Hub,34.0,15.0,3,0.1,91.8,46.8,Credit Card,Delivered
TXN-10057,2023-05-28,CUST-1950,Consumer,North, Home & Kitchen ,Small Appliances,Digital Air Fryer 5.8 Qt,89.0,56.0,3,0.1,240.3,72.3,Net Banking,Delivered
TXN-10464,2023-12-10,CUST-1808,Home Office,North,Clothing,Clearance,Budget Graphic Polyester Tee,14.0,13.5,1,0.4,8.4,-5.1,Debit Card,Shipped
TXN-11593,2023-06-03,CUST-1807,Home Office,West,Sports & Outdoors,Camping,Waterproof 4-Person Camping Tent,139.0,88.0,1,0.1,125.1,37.1,Credit Card,Cancelled
TXN-10332,2023-03-11,CUST-1531,Consumer,South,Sports & Outdoors,Outdoor Gear,Tactical Multi-Pocket Hiking Backpack,68.0,36.0,1,0.05,64.6,28.6,UPI / Digital Wallet,Delivered
TXN-10730,2023-07-18,CUST-1567,Corporate,Central,Beauty & Personal Care,Hair Styling,Ionic Salon Hair Dryer,75.0,36.0,4,0.05,285.0,141.0,Cash on Delivery,Pending
TXN-11514,24-01-2023,CUST-1184,Home Office,Central,Electronics,Television,Ultra HD Smart LED TV 55-inch,$649.00,490.0,2,0.15,1103.3,123.3,Credit Card,Pending
TXN-11928,05-12-2023,CUST-1037,Consumer,  central  ,Clothing,Men's Apparel,Classic Organic Cotton T-Shirt,22.0,8.5,8,0.2,140.8,72.8,Cash on Delivery,Shipped
TXN-10103,2023-05-04,CUST-1589,Home Office,North,Beauty & Personal Care,Skincare,Revitalizing Night Face Cream,35.0,12.0,1,0.1,31.5,19.5,UPI / Digital Wallet,Delivered
TXN-10433,2023-01-15,CUST-1251,Home Office,North,Electronics,Audio,Bluetooth Portable Speaker,49.0,26.0,3,0.1,132.3,54.3,UPI / Digital Wallet,Pending
TXN-10416,2023-12-20,CUST-1721,Home Office,East,Electronics,Audio,Noise-Canceling Wireless Headphones,179.0,110.0,1,0.25,134.25,24.25,Credit Card,Delivered
TXN-12113,2023-06-24,CUST-1832,Corporate,WEST,Clothing,Clearance,Budget Graphic Polyester Tee,14.0,13.5,1,0.3,9.8,-3.7,Cash on Delivery,Delivered
TXN-11242,2023-12-16,CUST-1003,Corporate,South,Electronics,Laptops & PCs,Ultra-Slim 14-inch Laptop,950.0,740.0,1,0.2,760.0,20.0,Cash on Delivery,Shipped
TXN-11406,2023-09-09,CUST-1317,Home Office,East,Sports & Outdoors,Hydration,Insulated Vacuum Water Bottle 1L,24.0,9.5,1,0.0,24.0,14.5,Cash on Delivery,Delivered
TXN-11952,30-04-2023,CUST-1360,Corporate,North, Electronics ,Audio,Noise-Canceling Wireless Headphones,$179.00,110.0,2,0.15,304.3,84.3,Cash on Delivery,Shipped
TXN-11260,02/27/2023,CUST-1004,Consumer,East,Clothing,Women's Apparel,Women's Floral Cotton Dress,59.0,26.0,4,0.0,236.0,132.0,Cash on Delivery,Pending
TXN-12026,2023-11-29,CUST-1377,Corporate,South,Home & Kitchen,Storage,Glass Food Storage Containers (Set of 6),28.0,13.0,2,0.0,56.0,30.0,Debit Card,Pending
TXN-12731,2023-03-15,CUST-1295,Consumer,Central,Clothing,Men's Apparel,Classic Organic Cotton T-Shirt,$22.00,8.5,1,0.05,20.9,12.4,UPI / Digital Wallet,Delivered
TXN-12335,2023-03-21,CUST-1203,Consumer,East,Clothing,Outerwear,Fleece Zip Hooded Sweatshirt,45.0,21.0,3,0.1,121.5,58.5,UPI / Digital Wallet,Delivered
TXN-12154,2023-07-28,CUST-1766,Home Office,North,Sports & Outdoors,Camping,Waterproof 4-Person Camping Tent,139.0,88.0,1,0.15,118.15,30.15,Net Banking,Shipped
TXN-10125,2023-01-09,CUST-1836,Home Office,West,Clothing,Outerwear,Fleece Zip Hooded Sweatshirt,45.0,21.0,1,0.0,45.0,24.0,UPI / Digital Wallet,Cancelled
TXN-10319,2023-05-08,CUST-1732,Home Office,South,Clothing,Clearance,Budget Graphic Polyester Tee,14.0,13.5,3,0.5,21.0,-19.5,Credit Card,Delivered
TXN-11937,2023-01-31,CUST-1688,Consumer,East,Electronics,Smartphones,Smartphone Pro 128GB,$799.00,610.0,1,0.0,799.0,189.0,UPI / Digital Wallet,Delivered
TXN-11453,2023-05-18,CUST-1852,Consumer,Central,Sports & Outdoors,Fitness,Eco-Friendly Yoga Mat with Strap,32.0,14.0,1,0.0,32.0,18.0,Cash on Delivery,Delivered
TXN-11449,2023-07-10,CUST-1926,Home Office,South, Sports & Outdoors ,Fitness,Eco-Friendly Yoga Mat with Strap,32.0,14.0,3,0.05,91.2,49.2,Credit Card,Delivered
TXN-10388,2023-05-01,CUST-1718,Corporate,North,Home & Kitchen,Coffee Makers,Automatic Espresso & Cappuccino Maker,229.0,155.0,1,0.15,194.65,39.65,Credit Card,Delivered
TXN-11351,2023-06-08,CUST-1067,Home Office,South,Clothing,Men's Apparel,Men's Slim Fit Denim Jeans,49.0,22.0,1,0.1,44.1,22.1,Net Banking,Pending
TXN-12342,2023-05-31,CUST-1843,Corporate,West,Electronics,Television,Ultra HD Smart LED TV 55-inch,649.0,490.0,1,0.05,616.55,126.55,Cash on Delivery,Shipped
TXN-12522,15-04-2023,CUST-1681,Consumer,North, Beauty & Personal Care ,Haircare,Argan Oil Repair Shampoo & Conditioner,24.0,8.5,2,0.1,43.2,26.2,Cash on Delivery,Shipped
TXN-11874,2023-03-13,CUST-1004,Home Office,North, Electronics ,Accessories,USB-C Multiport Fast Hub,34.0,15.0,1,0.15,28.9,13.9,Net Banking,Shipped
TXN-12051,2023-09-25,CUST-1697,Home Office,South, Electronics ,Accessories,USB-C Multiport Fast Hub,34.0,15.0,1,0.0,34.0,19.0,Net Banking,Cancelled
TXN-12774,12/07/2023,CUST-1490,Home Office,East,Electronics,Audio,Noise-Canceling Wireless Headphones,179.0,110.0,1,0.25,134.25,24.25,Net Banking,Delivered
TXN-10953,2023-06-25,CUST-1308,Home Office,West,Clothing,Clearance,Budget Graphic Polyester Tee,14.0,13.5,1,0.4,8.4,-5.1,Net Banking,Shipped
TXN-10977,2023-10-24,CUST-1446,Consumer,South,Sports & Outdoors,Hydration,Insulated Vacuum Water Bottle 1L,24.0,9.5,1,0.0,24.0,14.5,Credit Card,Shipped
TXN-12044,2023-02-05,CUST-1990,Consumer,Central,Clothing,Men's Apparel,Men's Slim Fit Denim Jeans,$49.00,22.0,1,0.0,49.0,27.0,Net Banking,Cancelled
TXN-10643,21-08-2023,CUST-1971,Home Office,Central,Home & Kitchen,Cleaning,Robot Smart Vacuum Cleaner,279.0,215.0,2,0.05,530.1,100.1,UPI / Digital Wallet,Cancelled
TXN-10680,2023-07-26,CUST-1862,Corporate,North,Electronics,Laptops & PCs,Ultra-Slim 14-inch Laptop,950.0,740.0,3,0.15,2422.5,202.5,Credit Card,Delivered
TXN-11356,2023-08-20,CUST-1624,Home Office,East,Sports & Outdoors,Outdoor Gear,Tactical Multi-Pocket Hiking Backpack,68.0,36.0,1,0.0,68.0,32.0,Net Banking,Delivered
TXN-10762,05/06/2023,CUST-1519,Corporate,West,Clothing,Clearance,Budget Graphic Polyester Tee,14.0,13.5,1,0.5,7.0,-6.5,Net Banking,Cancelled
TXN-10234,2023-11-28,CUST-1575,Consumer,West,Clothing,Footwear,Breathable Mesh Running Shoes,79.0,39.0,1,0.0,79.0,40.0,UPI / Digital Wallet,Delivered
TXN-10595,2023-09-03,CUST-1587,Consumer,Central,Clothing,Women's Apparel,Women's Floral Cotton Dress,59.0,26.0,2,0.0,118.0,66.0,Cash on Delivery,Shipped
TXN-11232,2023-08-22,CUST-1946,Home Office,Central,Clothing,Men's Apparel,Classic Organic Cotton T-Shirt,22.0,8.5,3,0.15,56.1,30.6,Cash on Delivery,Delivered
TXN-10745,2023-05-24,CUST-1603,Corporate,West,Sports & Outdoors,Fitness,Eco-Friendly Yoga Mat with Strap,32.0,14.0,1,0.05,30.4,16.4,Credit Card,Pending
TXN-12790,2023-06-05,CUST-1034,Consumer,South,Clothing,Men's Apparel,Classic Organic Cotton T-Shirt,22.0,8.5,1,0.05,20.9,12.4,Credit Card,Pending
TXN-10487,2023-09-02,CUST-1672,Corporate,West,Home & Kitchen,Small Appliances,Digital Air Fryer 5.8 Qt,89.0,56.0,2,0.15,151.3,39.3,Net Banking,Pending
TXN-10508,07/29/2023,CUST-1617,Consumer,East,Electronics,Audio,Bluetooth Portable Speaker,49.0,26.0,1,0.15,41.65,15.65,Net Banking,Delivered
TXN-10533,2023-11-17,CUST-1317,Consumer,South, Electronics ,Smartphones,Smartphone Pro 128GB,799.0,610.0,2,0.25,1198.5,-21.5,Debit Card,Pending
TXN-11601,2023-06-21,CUST-1821,Corporate,East,Clothing,Men's Apparel,Classic Organic Cotton T-Shirt,22.0,8.5,1,0.0,22.0,13.5,UPI / Digital Wallet,Pending
TXN-10962,2023-03-17,CUST-1208,,North,Clothing,Footwear,Breathable Mesh Running Shoes,79.0,39.0,1,0.1,71.1,32.1,Credit Card,Pending
TXN-11152,2023-03-30,CUST-1804,Consumer,Central,Electronics,Laptops & PCs,Ultra-Slim 14-inch Laptop,950.0,740.0,1,0.15,807.5,67.5,Net Banking,Delivered
TXN-11643,06/10/2023,CUST-1969,Consumer,South,Electronics,Wearables,Smart Fitness Health Watch,129.0,75.0,1,0.1,116.1,41.1,Net Banking,Pending
TXN-10431,2023-11-24,CUST-1420,Consumer,Central,Home & Kitchen,Cookware,Stainless Steel 10-Piece Cookware Set,169.0,112.0,1,0.15,143.65,31.65,Debit Card,Delivered
TXN-12438,2023-02-09,CUST-1487,Corporate,West,Beauty & Personal Care,Hair Styling,Ionic Salon Hair Dryer,75.0,36.0,1,0.0,75.0,39.0,Net Banking,Delivered
TXN-10322,2023-02-16,CUST-1512,Corporate,North,Beauty & Personal Care,Oral Care,Rechargeable Sonic Electric Toothbrush,69.0,34.0,2,0.0,138.0,70.0,Debit Card,Cancelled
TXN-12315,2023-02-18,CUST-1546,Corporate,West,Home & Kitchen,Bedding,Orthopedic Memory Foam Pillow,39.0,18.0,3,0.0,117.0,63.0,Net Banking,Delivered
TXN-11457,10/20/2023,CUST-1005,Corporate,East,Beauty & Personal Care,Oral Care,Rechargeable Sonic Electric Toothbrush,69.0,34.0,2,0.15,117.3,49.3,Debit Card,Delivered
TXN-12683,2023-09-27,CUST-1663,Corporate,South, Electronics ,Accessories,USB-C Multiport Fast Hub,34.0,15.0,2,0.1,61.2,31.2,Credit Card,Delivered
TXN-11428,09-09-2023,CUST-1160,Consumer,West,Home & Kitchen,Bedding,Orthopedic Memory Foam Pillow,39.0,18.0,3,0.15,99.45,45.45,UPI / Digital Wallet,Shipped
TXN-12529,,CUST-1754,Home Office,North,Home & Kitchen,Coffee Makers,Automatic Espresso & Cappuccino Maker,229.0,155.0,8,0.05,1740.4,500.4,Cash on Delivery,Pending
TXN-12131,2023-03-29,CUST-1191,Corporate,WEST, Beauty & Personal Care ,Hair Styling,Ionic Salon Hair Dryer,75.0,36.0,1,0.15,63.75,27.75,Net Banking,Delivered
TXN-12321,2023-11-07,CUST-1219,Corporate,Central, Home & Kitchen ,Cleaning,Robot Smart Vacuum Cleaner,279.0,215.0,5,0.05,1325.25,250.25,Debit Card,Delivered
TXN-10030,2023-05-27,CUST-1312,Home Office,Central,Electronics,Wearables,Smart Fitness Health Watch,129.0,75.0,1,0.15,109.65,34.65,UPI / Digital Wallet,Shipped
TXN-11840,2023-08-13,CUST-1225,Corporate,West,Beauty & Personal Care,Hair Styling,Ionic Salon Hair Dryer,75.0,36.0,1,0.15,63.75,27.75,Cash on Delivery,Delivered
TXN-12741,2023-04-29,CUST-1764,Home Office,South,Home & Kitchen,Bedding,Orthopedic Memory Foam Pillow,39.0,18.0,8,0.0,312.0,168.0,Net Banking,Delivered
TXN-10737,2023-12-17,CUST-1154,Home Office,Central,Electronics,Wearables,Smart Fitness Health Watch,129.0,75.0,3,0.2,309.6,84.6,UPI / Digital Wallet,Delivered
TXN-10603,2023-04-24,CUST-1387,Home Office,South,Clothing,Clearance,Budget Graphic Polyester Tee,14.0,13.5,5,0.25,52.5,-15.0,UPI / Digital Wallet,Pending
TXN-12780,2023-06-30,CUST-1338,Home Office,Central,Electronics,Wearables,Smart Fitness Health Watch,129.0,75.0,1,0.1,116.1,41.1,Debit Card,Delivered
TXN-11745,2023-07-23,CUST-1464,Consumer,East,Electronics,Laptops & PCs,Ultra-Slim 14-inch Laptop,950.0,740.0,1,0.0,950.0,210.0,Net Banking,Cancelled
TXN-10189,2023-05-26,CUST-1623,Consumer,East,Sports & Outdoors,Fitness,Eco-Friendly Yoga Mat with Strap,32.0,14.0,4,0.0,128.0,72.0,Net Banking,Pending
TXN-10171,2023-09-01,CUST-1357,Consumer,East,Electronics,Audio,Bluetooth Portable Speaker,49.0,26.0,1,0.1,44.1,18.1,UPI / Digital Wallet,Delivered
TXN-12429,2023-11-03,CUST-1892,Home Office,South,Beauty & Personal Care,Skincare,Revitalizing Night Face Cream,35.0,12.0,1,0.05,33.25,21.25,UPI / Digital Wallet,Delivered
TXN-10044,2023-02-14,CUST-1851,Home Office,WEST,Clothing,Women's Apparel,Women's Floral Cotton Dress,59.0,26.0,3,0.0,177.0,99.0,Net Banking,Cancelled
TXN-10088,2023-12-20,CUST-1472,Corporate,South,Electronics,Audio,Noise-Canceling Wireless Headphones,179.0,110.0,1,0.0,179.0,69.0,Net Banking,Shipped
TXN-10652,11/16/2023,CUST-1866,Corporate,Central, Clothing ,Outerwear,Fleece Zip Hooded Sweatshirt,45.0,21.0,1,0.15,38.25,17.25,UPI / Digital Wallet,Cancelled
TXN-11733,2023-08-22,CUST-1426,Consumer,West,Electronics,Wearables,Smart Fitness Health Watch,129.0,75.0,1,0.05,122.55,47.55,Debit Card,Delivered
TXN-10283,2023-10-06,CUST-1593,Home Office,Central,Clothing,Clearance,Budget Graphic Polyester Tee,14.0,13.5,2,0.4,16.8,-10.2,Credit Card,Pending
TXN-12025,08/06/2023,CUST-1529,Home Office,Central,Electronics,Laptops & PCs,Ultra-Slim 14-inch Laptop,950.0,740.0,1,0.1,855.0,115.0,Credit Card,Delivered
TXN-12376,02/04/2023,CUST-1315,Consumer,East,Clothing,Women's Apparel,Women's Floral Cotton Dress,59.0,26.0,1,0.15,50.15,24.15,Credit Card,Delivered
TXN-10663,2023-07-30,CUST-1632,Consumer,  central  ,Electronics,Audio,Bluetooth Portable Speaker,49.0,26.0,2,0.15,83.3,31.3,Cash on Delivery,Pending
TXN-10544,2023-04-30,CUST-1453,Corporate,  north  ,Clothing,Women's Apparel,Women's Floral Cotton Dress,59.0,26.0,2,0.05,112.1,60.1,Net Banking,Pending
TXN-11226,2023-12-18,CUST-1227,Corporate,East, Beauty & Personal Care ,Skincare,Hydrating Hyaluronic Acid Serum,29.0,9.5,3,0.2,69.6,41.1,Debit Card,Delivered
TXN-11098,2023-06-17,CUST-1358,Consumer,East,Beauty & Personal Care,Oral Care,Rechargeable Sonic Electric Toothbrush,69.0,34.0,1,0.1,62.1,28.1,UPI / Digital Wallet,Pending
TXN-12319,2023-03-17,CUST-1484,Corporate,Central,Beauty & Personal Care,Oral Care,Rechargeable Sonic Electric Toothbrush,69.0,34.0,2,0.0,138.0,70.0,Cash on Delivery,Cancelled
TXN-10150,2023-07-04,CUST-1268,Home Office,North,Home & Kitchen,Bedding,Orthopedic Memory Foam Pillow,39.0,18.0,3,0.1,105.3,51.3,Cash on Delivery,Delivered
TXN-11451,2023-06-22,CUST-1232,Corporate,South,Clothing,Footwear,Breathable Mesh Running Shoes,79.0,39.0,1,0.0,79.0,40.0,Net Banking,Pending
TXN-11790,2023-12-29,CUST-1419,Consumer,North,Clothing,Men's Apparel,Men's Slim Fit Denim Jeans,49.0,22.0,2,0.1,88.2,44.2,UPI / Digital Wallet,Delivered
TXN-11310,2023-03-14,CUST-1086,Home Office,East,Sports & Outdoors,Strength Training,Adjustable Quick-Select Dumbbell Set,159.0,102.0,2,0.0,318.0,114.0,Debit Card,Delivered
TXN-12168,06/03/2023,CUST-1720,Consumer,South,Home & Kitchen,Bedding,Orthopedic Memory Foam Pillow,39.0,18.0,2,0.15,66.3,30.3,Cash on Delivery,Cancelled
TXN-12118,2023-03-08,CUST-1265,Consumer,West,Electronics,Television,Ultra HD Smart LED TV 55-inch,649.0,490.0,2,0.05,1233.1,253.1,Net Banking,Delivered
TXN-10959,2023-02-21,CUST-1119,Consumer,Central, Electronics ,Accessories,USB-C Multiport Fast Hub,34.0,15.0,1,0.15,28.9,13.9,Cash on Delivery,Shipped
TXN-10135,2023-03-31,CUST-1198,,WEST,Beauty & Personal Care,Skincare,Hydrating Hyaluronic Acid Serum,29.0,9.5,3,0.1,78.3,49.8,UPI / Digital Wallet,Delivered
TXN-11424,02/15/2023,CUST-1146,Corporate,West, Clothing ,Men's Apparel,Classic Organic Cotton T-Shirt,22.0,8.5,1,0.0,22.0,13.5,Debit Card,Shipped
TXN-10830,2023-03-13,CUST-1662,Consumer,  south  ,Home & Kitchen,Small Appliances,Digital Air Fryer 5.8 Qt,89.0,56.0,3,0.0,267.0,99.0,UPI / Digital Wallet,Delivered
TXN-10931,2023-11-01,CUST-1161,,West,Clothing,Men's Apparel,Classic Organic Cotton T-Shirt,22.0,8.5,1,0.1,19.8,11.3,Debit Card,Cancelled
TXN-10322,2023-02-16,CUST-1512,Corporate,North,Beauty & Personal Care,Oral Care,Rechargeable Sonic Electric Toothbrush,69.0,34.0,2,0.0,138.0,70.0,Debit Card,Cancelled
TXN-12404,09/17/2023,CUST-1643,Corporate,Central,Sports & Outdoors,Outdoor Gear,Tactical Multi-Pocket Hiking Backpack,68.0,36.0,3,0.1,183.6,75.6,,Delivered
TXN-11713,2023-11-07,CUST-1551,Home Office,Central,Home & Kitchen,Storage,Glass Food Storage Containers (Set of 6),28.0,13.0,2,0.1,50.4,24.4,Credit Card,Delivered
TXN-10545,2023-06-18,CUST-1692,,South,Clothing,Women's Apparel,Women's Floral Cotton Dress,59.0,26.0,1,0.05,56.05,30.05,Net Banking,Delivered
TXN-11565,2023-05-23,CUST-1894,Consumer,Central,Beauty & Personal Care,Hair Styling,Ionic Salon Hair Dryer,75.0,36.0,1,0.05,71.25,35.25,Net Banking,Shipped
TXN-12286,,CUST-1294,Corporate,East,Clothing,Footwear,Breathable Mesh Running Shoes,79.0,39.0,3,0.05,225.15,108.15,Cash on Delivery,Delivered
TXN-11296,2023-02-25,CUST-1588,Consumer,South, Electronics ,Wearables,Smart Fitness Health Watch,129.0,75.0,1,0.0,129.0,54.0,Debit Card,Delivered
TXN-10222,2023-07-31,CUST-1555,Corporate,North,Sports & Outdoors,Fitness,Eco-Friendly Yoga Mat with Strap,32.0,14.0,2,0.15,54.4,26.4,Net Banking,Shipped
TXN-12690,2023-07-07,CUST-1660,Home Office,East,Electronics,Wearables,Smart Fitness Health Watch,129.0,75.0,1,0.05,122.55,47.55,Debit Card,Pending
TXN-11085,2023-09-02,CUST-1169,Corporate,Central,Sports & Outdoors,Fitness,Eco-Friendly Yoga Mat with Strap,32.0,14.0,1,0.0,32.0,18.0,Net Banking,Shipped
TXN-12177,2023-01-24,CUST-1598,Consumer,South,Electronics,Wearables,Smart Fitness Health Watch,129.0,75.0,1,0.0,129.0,54.0,Debit Card,Pending
TXN-10174,19-11-2023,CUST-1541,Corporate,East,Beauty & Personal Care,Skincare,Hydrating Hyaluronic Acid Serum,29.0,9.5,1,0.0,29.0,19.5,Cash on Delivery,Pending
TXN-12244,2023-06-30,CUST-1056,Home Office,West,Clothing,Men's Apparel,Classic Organic Cotton T-Shirt,22.0,8.5,1,0.0,22.0,13.5,Cash on Delivery,Cancelled
TXN-10645,2023-02-23,CUST-1112,Consumer,NORTH,Electronics,Audio,Noise-Canceling Wireless Headphones,179.0,110.0,1,0.05,170.05,60.05,UPI / Digital Wallet,Delivered
TXN-10480,2023-10-07,CUST-1971,Home Office,North,Sports & Outdoors,Strength Training,Adjustable Quick-Select Dumbbell Set,159.0,102.0,2,0.05,302.1,98.1,Credit Card,Pending
TXN-11245,2023-08-02,CUST-1378,Consumer,West,Sports & Outdoors,Camping,Waterproof 4-Person Camping Tent,139.0,88.0,5,0.1,625.5,185.5,Cash on Delivery,Delivered
TXN-11813,2023-04-16,CUST-1551,Home Office,East, Sports & Outdoors ,Hydration,Insulated Vacuum Water Bottle 1L,24.0,9.5,1,0.0,24.0,14.5,Net Banking,Delivered
TXN-10510,2023-07-13,CUST-1801,Consumer,South,Home & Kitchen,Coffee Makers,Automatic Espresso & Cappuccino Maker,229.0,155.0,3,0.15,583.95,118.95,Net Banking,Cancelled
TXN-12724,2023-01-10,CUST-1660,Consumer,Central, Beauty & Personal Care ,Hair Styling,Ionic Salon Hair Dryer,75.0,36.0,2,0.0,150.0,78.0,UPI / Digital Wallet,Cancelled
TXN-10315,2023-10-15,CUST-1904,Consumer,West,Clothing,Men's Apparel,Men's Slim Fit Denim Jeans,49.0,22.0,1,0.1,44.1,22.1,UPI / Digital Wallet,Delivered
TXN-10153,01-10-2023,CUST-1838,Home Office,North, Home & Kitchen ,Cookware,Stainless Steel 10-Piece Cookware Set,169.0,112.0,1,0.0,169.0,57.0,Debit Card,Delivered
TXN-10458,2023-03-19,CUST-1247,Corporate,West,Beauty & Personal Care,Hair Styling,Ionic Salon Hair Dryer,75.0,36.0,2,0.05,142.5,70.5,UPI / Digital Wallet,Delivered
TXN-10273,2023-07-20,CUST-1140,Home Office,East,Sports & Outdoors,Strength Training,Adjustable Quick-Select Dumbbell Set,159.0,102.0,3,0.15,405.45,99.45,Debit Card,Delivered
TXN-10271,2023-10-30,CUST-1258,Corporate,West, Clothing ,Women's Apparel,Women's Floral Cotton Dress,59.0,26.0,1,0.1,53.1,27.1,UPI / Digital Wallet,Delivered
TXN-11303,2023-01-25,CUST-1089,Consumer,North,Electronics,Audio,Bluetooth Portable Speaker,$49.00,26.0,2,0.15,83.3,31.3,UPI / Digital Wallet,Cancelled
TXN-12241,2023-03-13,CUST-1860,Home Office,South,Home & Kitchen,Storage,Glass Food Storage Containers (Set of 6),28.0,13.0,3,0.0,84.0,45.0,Debit Card,Delivered
TXN-12769,2023-08-29,CUST-1165,Corporate,South,Beauty & Personal Care,Hair Styling,Ionic Salon Hair Dryer,75.0,36.0,2,0.15,127.5,55.5,Cash on Delivery,Pending
TXN-12262,11/18/2023,CUST-1943,Corporate,Central,Beauty & Personal Care,Hair Styling,Ionic Salon Hair Dryer,$75.00,36.0,2,0.15,127.5,55.5,Cash on Delivery,Pending
TXN-12629,2023-04-13,CUST-1404,Corporate,North,Clothing,Clearance,Budget Graphic Polyester Tee,14.0,13.5,1,0.25,10.5,-3.0,Credit Card,Shipped
TXN-10534,2023-06-24,CUST-1071,Home Office,Central,Electronics,Wearables,Smart Fitness Health Watch,129.0,75.0,2,0.1,232.2,82.2,UPI / Digital Wallet,Pending
TXN-10496,2023-10-07,CUST-1619,Home Office,  north  ,Home & Kitchen,Small Appliances,Digital Air Fryer 5.8 Qt,89.0,56.0,3,0.0,267.0,99.0,Net Banking,Delivered
TXN-12454,2023-05-09,CUST-1144,Home Office,West,Clothing,Clearance,Budget Graphic Polyester Tee,14.0,13.5,5,0.3,49.0,-18.5,Cash on Delivery,Delivered
TXN-10258,2023-09-05,CUST-1600,Consumer,Central,Home & Kitchen,Bedding,Orthopedic Memory Foam Pillow,39.0,18.0,3,0.0,117.0,63.0,Debit Card,Delivered
TXN-11768,2023-06-25,CUST-1985,Home Office,North,Electronics,Audio,Bluetooth Portable Speaker,49.0,26.0,1,0.05,46.55,20.55,Debit Card,Delivered
TXN-12011,2023-07-20,CUST-1819,Home Office,Central,Electronics,Audio,Bluetooth Portable Speaker,49.0,26.0,3,0.0,147.0,69.0,,Cancelled
TXN-10569,2023-07-15,CUST-1021,Home Office,Central,Home & Kitchen,Cookware,Stainless Steel 10-Piece Cookware Set,169.0,112.0,3,0.05,481.65,145.65,Debit Card,Pending
TXN-11028,2023-04-09,CUST-1398,Corporate,South,Sports & Outdoors,Camping,Waterproof 4-Person Camping Tent,139.0,88.0,2,0.05,264.1,88.1,Net Banking,Shipped
TXN-11791,2023-06-03,CUST-1128,Home Office,North,Electronics,Laptops & PCs,Ultra-Slim 14-inch Laptop,950.0,740.0,3,0.05,2707.5,487.5,Debit Card,Pending
TXN-10255,2023-08-21,CUST-1229,Corporate,CENTRAL, Clothing ,Men's Apparel,Classic Organic Cotton T-Shirt,22.0,8.5,2,0.15,37.4,20.4,UPI / Digital Wallet,Cancelled
TXN-10522,2023-11-04,CUST-1386,Consumer,North,Electronics,Accessories,USB-C Multiport Fast Hub,$34.00,15.0,3,0.25,76.5,31.5,Cash on Delivery,Delivered
TXN-11340,2023-04-03,CUST-1962,Consumer,South,Electronics,Audio,Bluetooth Portable Speaker,49.0,26.0,2,0.05,93.1,41.1,UPI / Digital Wallet,Shipped
TXN-10930,2023-01-06,CUST-1874,Consumer,East,Clothing,Footwear,Breathable Mesh Running Shoes,79.0,39.0,1,0.0,79.0,40.0,Credit Card,Cancelled
TXN-10169,28-11-2023,CUST-1694,Consumer,North,Sports & Outdoors,Fitness,Eco-Friendly Yoga Mat with Strap,32.0,14.0,1,0.15,27.2,13.2,Credit Card,Delivered
TXN-10437,2023-12-20,CUST-1629,Home Office,CENTRAL,Home & Kitchen,Bedding,Orthopedic Memory Foam Pillow,39.0,18.0,3,0.25,87.75,33.75,Credit Card,Shipped
TXN-11940,02/22/2023,CUST-1977,Home Office,Central,Electronics,Accessories,USB-C Multiport Fast Hub,34.0,15.0,1,0.05,32.3,17.3,Credit Card,Delivered
TXN-10784,2023-08-11,CUST-1720,Corporate,South,Clothing,Outerwear,Fleece Zip Hooded Sweatshirt,45.0,21.0,2,0.05,85.5,43.5,Net Banking,Pending
TXN-10292,2023-04-15,CUST-1407,Consumer,West,Home & Kitchen,Cookware,Stainless Steel 10-Piece Cookware Set,169.0,112.0,2,0.15,287.3,63.3,UPI / Digital Wallet,Pending
TXN-12585,2023-06-28,CUST-1753,Corporate,  north  ,Beauty & Personal Care,Oral Care,Rechargeable Sonic Electric Toothbrush,69.0,34.0,1,0.1,62.1,28.1,Debit Card,Pending
TXN-11238,2023-03-12,CUST-1527,Consumer,South,Electronics,Accessories,USB-C Multiport Fast Hub,34.0,15.0,2,0.1,61.2,31.2,Credit Card,Delivered
TXN-11264,2023-12-04,CUST-1915,Consumer,West,Clothing,Men's Apparel,Men's Slim Fit Denim Jeans,49.0,22.0,1,0.05,46.55,24.55,Net Banking,Delivered
TXN-10678,2023-11-08,CUST-1285,Home Office,Central,Sports & Outdoors,Strength Training,Adjustable Quick-Select Dumbbell Set,159.0,102.0,3,0.0,477.0,171.0,Cash on Delivery,Cancelled
TXN-10136,18-06-2023,CUST-1274,Corporate,North,Clothing,Footwear,Breathable Mesh Running Shoes,79.0,39.0,2,0.15,134.3,56.3,UPI / Digital Wallet,Cancelled
TXN-12277,11/03/2023,CUST-1140,Corporate,East,Sports & Outdoors,Fitness,Eco-Friendly Yoga Mat with Strap,32.0,14.0,2,0.15,54.4,26.4,Net Banking,Delivered
TXN-12109,2023-04-15,CUST-1864,Corporate,East,Home & Kitchen,Cleaning,Robot Smart Vacuum Cleaner,279.0,215.0,8,0.15,1897.2,177.2,Credit Card,Shipped
TXN-11396,2023-03-02,CUST-1445,Consumer,West,Sports & Outdoors,Outdoor Gear,Tactical Multi-Pocket Hiking Backpack,68.0,36.0,1,0.0,68.0,32.0,Credit Card,Pending
TXN-10368,2023-03-20,CUST-1513,Corporate,CENTRAL,Electronics,Wearables,Smart Fitness Health Watch,129.0,75.0,1,0.1,116.1,41.1,UPI / Digital Wallet,Delivered
TXN-11808,2023-05-10,CUST-1093,Consumer,East,Home & Kitchen,Small Appliances,Digital Air Fryer 5.8 Qt,89.0,56.0,2,0.15,151.3,39.3,UPI / Digital Wallet,Shipped
TXN-11545,2023-05-23,CUST-1529,Home Office,West,Clothing,Footwear,Breathable Mesh Running Shoes,79.0,39.0,1,0.05,75.05,36.05,Credit Card,Pending
TXN-11462,2023-07-03,CUST-1805,,Central,Beauty & Personal Care,Hair Styling,Ionic Salon Hair Dryer,75.0,36.0,2,0.0,150.0,78.0,UPI / Digital Wallet,Cancelled
TXN-10686,2023-06-24,CUST-1108,Corporate,Central,Electronics,Wearables,Smart Fitness Health Watch,129.0,75.0,3,0.15,328.95,103.95,UPI / Digital Wallet,Cancelled
TXN-10461,2023-03-13,CUST-1407,Home Office,North,Clothing,Men's Apparel,Men's Slim Fit Denim Jeans,49.0,22.0,1,0.15,41.65,19.65,Net Banking,Pending
TXN-10963,2023-05-05,CUST-1943,Home Office,  south  ,Sports & Outdoors,Hydration,Insulated Vacuum Water Bottle 1L,24.0,9.5,2,0.0,48.0,29.0,Cash on Delivery,Shipped
TXN-10760,2023-02-09,CUST-1087,Consumer,NORTH,Electronics,Audio,Noise-Canceling Wireless Headphones,179.0,110.0,2,0.1,322.2,102.2,Net Banking,Pending
TXN-12567,2023-07-18,CUST-1104,Corporate,South,Clothing,Men's Apparel,Classic Organic Cotton T-Shirt,22.0,8.5,2,0.0,44.0,27.0,Debit Card,Delivered
TXN-12638,2023-12-06,CUST-1466,Home Office,North, Clothing ,Men's Apparel,Men's Slim Fit Denim Jeans,49.0,22.0,1,0.0,49.0,27.0,UPI / Digital Wallet,Cancelled
TXN-11980,2023-07-23,CUST-1371,Home Office,South,Clothing,Men's Apparel,Men's Slim Fit Denim Jeans,49.0,22.0,1,0.15,41.65,19.65,Debit Card,Cancelled
TXN-11089,2023-08-31,CUST-1846,Home Office,Central,Clothing,Clearance,Budget Graphic Polyester Tee,14.0,13.5,4,0.3,39.2,-14.8,Net Banking,Delivered
TXN-10211,10/18/2023,CUST-1971,Corporate,CENTRAL, Home & Kitchen ,Storage,Glass Food Storage Containers (Set of 6),28.0,13.0,4,0.1,100.8,48.8,Debit Card,Shipped
TXN-12002,2023-05-10,CUST-1676,Consumer,North,Sports & Outdoors,Hydration,Insulated Vacuum Water Bottle 1L,24.0,9.5,3,0.05,68.4,39.9,Cash on Delivery,Shipped
TXN-11870,22-02-2023,CUST-1307,Consumer,South,Home & Kitchen,Bedding,Orthopedic Memory Foam Pillow,39.0,18.0,1,0.15,33.15,15.15,Debit Card,Cancelled
TXN-10366,2023-07-12,CUST-1348,Home Office,Central,Beauty & Personal Care,Haircare,Argan Oil Repair Shampoo & Conditioner,24.0,8.5,2,0.0,48.0,31.0,Cash on Delivery,Delivered
TXN-12514,2023-02-18,CUST-1218,Corporate,West,Electronics,Television,Ultra HD Smart LED TV 55-inch,$649.00,490.0,5,0.0,3245.0,795.0,Debit Card,Delivered
TXN-12695,2023-04-20,CUST-1547,Home Office,Central,Home & Kitchen,Cookware,Stainless Steel 10-Piece Cookware Set,169.0,112.0,2,0.1,304.2,80.2,Debit Card,Delivered
TXN-10421,2023-11-23,CUST-1534,Corporate,  west  , Beauty & Personal Care ,Oral Care,Rechargeable Sonic Electric Toothbrush,69.0,34.0,2,0.05,131.1,63.1,Cash on Delivery,Shipped
TXN-11739,13-01-2023,CUST-1605,Consumer,South,Beauty & Personal Care,Hair Styling,Ionic Salon Hair Dryer,75.0,36.0,1,0.05,71.25,35.25,Net Banking,Cancelled
TXN-11660,2023-07-08,CUST-1527,Home Office,North,Clothing,Outerwear,Fleece Zip Hooded Sweatshirt,$45.00,21.0,5,0.05,213.75,108.75,Cash on Delivery,Pending
TXN-11727,11/22/2023,CUST-1277,Consumer,North,Clothing,Outerwear,Fleece Zip Hooded Sweatshirt,45.0,21.0,2,0.25,67.5,25.5,Net Banking,Delivered
TXN-12477,2023-11-15,CUST-1339,Consumer,North,Sports & Outdoors,Fitness,Eco-Friendly Yoga Mat with Strap,32.0,14.0,2,0.0,64.0,36.0,Debit Card,Shipped
TXN-10109,2023-08-11,CUST-1630,Home Office,North,Clothing,Women's Apparel,Women's Floral Cotton Dress,$59.00,26.0,2,0.0,118.0,66.0,Cash on Delivery,Delivered
TXN-11100,2023-05-28,CUST-1555,Consumer,South,Sports & Outdoors,Strength Training,Adjustable Quick-Select Dumbbell Set,159.0,102.0,2,0.0,318.0,114.0,Credit Card,Delivered
TXN-12694,2023-10-18,CUST-1946,Consumer,North,Beauty & Personal Care,Skincare,Revitalizing Night Face Cream,35.0,12.0,2,0.15,59.5,35.5,Net Banking,Pending
TXN-11881,2023-09-13,CUST-1935,Consumer,North, Sports & Outdoors ,Outdoor Gear,Tactical Multi-Pocket Hiking Backpack,68.0,36.0,6,0.05,387.6,171.6,UPI / Digital Wallet,Pending
TXN-10890,19-07-2023,CUST-1182,Consumer,North,Sports & Outdoors,Camping,Waterproof 4-Person Camping Tent,139.0,88.0,1,0.1,125.1,37.1,Debit Card,Pending
TXN-10333,20-01-2023,CUST-1097,Corporate,East,Home & Kitchen,Small Appliances,Digital Air Fryer 5.8 Qt,89.0,56.0,1,0.0,89.0,33.0,Net Banking,Delivered
TXN-12310,2023-09-12,CUST-1421,Consumer,WEST,Clothing,Footwear,Breathable Mesh Running Shoes,79.0,39.0,1,0.0,79.0,40.0,Cash on Delivery,Delivered
TXN-12693,08/07/2023,CUST-1916,Consumer,East, Beauty & Personal Care ,Haircare,Argan Oil Repair Shampoo & Conditioner,24.0,8.5,1,0.0,24.0,15.5,Cash on Delivery,Delivered
TXN-12611,2023-09-27,CUST-1289,Home Office,South,Clothing,Footwear,Breathable Mesh Running Shoes,79.0,39.0,1,0.0,79.0,40.0,Cash on Delivery,Delivered
TXN-11922,2023-06-26,CUST-1843,Home Office,East,Sports & Outdoors,Outdoor Gear,Tactical Multi-Pocket Hiking Backpack,68.0,36.0,1,0.0,68.0,32.0,UPI / Digital Wallet,Delivered
TXN-12043,2023-08-08,CUST-1966,Corporate,Central,Beauty & Personal Care,Skincare,Hydrating Hyaluronic Acid Serum,29.0,9.5,4,0.15,98.6,60.6,Net Banking,Pending
TXN-11018,2023-03-16,CUST-1167,Corporate,South,Clothing,Men's Apparel,Classic Organic Cotton T-Shirt,22.0,8.5,1,0.15,18.7,10.2,UPI / Digital Wallet,Delivered
TXN-12234,12/14/2023,CUST-1703,Consumer,West,Beauty & Personal Care,Skincare,Revitalizing Night Face Cream,35.0,12.0,1,0.2,28.0,16.0,Cash on Delivery,Pending
TXN-11971,09-11-2023,CUST-1641,Consumer,East, Home & Kitchen ,Cookware,Stainless Steel 10-Piece Cookware Set,169.0,112.0,3,0.15,430.95,94.95,Debit Card,Delivered
TXN-11322,2023-04-27,CUST-1879,Home Office,Central,Electronics,Accessories,USB-C Multiport Fast Hub,34.0,15.0,3,0.0,102.0,57.0,Cash on Delivery,Cancelled
TXN-10200,2023-06-07,CUST-1870,Corporate,WEST,Electronics,Audio,Bluetooth Portable Speaker,49.0,26.0,1,0.0,49.0,23.0,Credit Card,Delivered
TXN-12269,2023-08-27,CUST-1473,Consumer,North,Sports & Outdoors,Camping,Waterproof 4-Person Camping Tent,139.0,88.0,2,0.1,250.2,74.2,UPI / Digital Wallet,Cancelled
TXN-12100,2023-04-19,CUST-1729,Corporate,WEST,Home & Kitchen,Cleaning,Robot Smart Vacuum Cleaner,279.0,215.0,1,0.0,279.0,64.0,Net Banking,Pending
TXN-10290,2023-12-23,CUST-1824,Consumer,South,Home & Kitchen,Cookware,Stainless Steel 10-Piece Cookware Set,169.0,112.0,1,0.15,143.65,31.65,UPI / Digital Wallet,Pending
TXN-10247,2023-12-09,CUST-1588,Corporate,North,Electronics,Audio,Noise-Canceling Wireless Headphones,179.0,110.0,3,0.0,537.0,207.0,Debit Card,Shipped
TXN-12260,06/04/2023,CUST-1717,Home Office,North,Electronics,Wearables,Smart Fitness Health Watch,129.0,75.0,2,0.0,258.0,108.0,Net Banking,Delivered
TXN-11090,2023-08-21,CUST-1208,Corporate,East,Clothing,Men's Apparel,Men's Slim Fit Denim Jeans,49.0,22.0,1,0.0,49.0,27.0,,Delivered
TXN-11652,2023-04-03,CUST-1511,,Central,Clothing,Men's Apparel,Classic Organic Cotton T-Shirt,22.0,8.5,3,0.0,66.0,40.5,Debit Card,Delivered
TXN-10600,2023-11-05,CUST-1138,Corporate,Central,Home & Kitchen,Storage,Glass Food Storage Containers (Set of 6),28.0,13.0,1,0.05,26.6,13.6,Credit Card,Pending
TXN-10479,2023-02-24,CUST-1975,Corporate,North,Sports & Outdoors,Camping,Waterproof 4-Person Camping Tent,139.0,88.0,1,0.0,139.0,51.0,Cash on Delivery,Shipped
TXN-10472,2023-08-29,CUST-1011,Home Office,South, Electronics ,Television,Ultra HD Smart LED TV 55-inch,649.0,490.0,3,0.1,1752.3,282.3,Cash on Delivery,Cancelled
TXN-11511,2023-11-29,CUST-1035,Consumer,North, Clothing ,Outerwear,Fleece Zip Hooded Sweatshirt,45.0,21.0,1,0.05,42.75,21.75,Cash on Delivery,Cancelled
TXN-10097,2023-03-20,CUST-1386,Home Office,South,Electronics,Accessories,USB-C Multiport Fast Hub,34.0,15.0,1,0.15,28.9,13.9,Cash on Delivery,Delivered
TXN-12155,10/17/2023,CUST-1288,Home Office,Central,Electronics,Smartphones,Smartphone Pro 128GB,799.0,610.0,3,0.0,2397.0,567.0,UPI / Digital Wallet,Pending
TXN-12348,2023-09-13,CUST-1806,Home Office,West,Home & Kitchen,Storage,Glass Food Storage Containers (Set of 6),28.0,13.0,4,0.15,95.2,43.2,UPI / Digital Wallet,Delivered
TXN-11115,2023-06-16,CUST-1979,Corporate,West,Sports & Outdoors,Hydration,Insulated Vacuum Water Bottle 1L,24.0,9.5,3,0.15,61.2,32.7,Net Banking,Shipped
TXN-10656,2023-08-05,CUST-1701,Consumer,North,Clothing,Women's Apparel,Women's Floral Cotton Dress,59.0,26.0,1,0.0,59.0,33.0,Credit Card,Delivered
TXN-11622,15-08-2023,CUST-1305,Home Office,South,Clothing,Clearance,Budget Graphic Polyester Tee,14.0,13.5,1,0.4,8.4,-5.1,Net Banking,Cancelled
TXN-11261,2023-09-05,CUST-1156,Corporate,North,Sports & Outdoors,Hydration,Insulated Vacuum Water Bottle 1L,24.0,9.5,2,0.0,48.0,29.0,Debit Card,Delivered
TXN-12708,2023-02-20,CUST-1491,Consumer,West,Electronics,Laptops & PCs,Ultra-Slim 14-inch Laptop,950.0,740.0,1,0.05,902.5,162.5,Debit Card,Delivered
TXN-12447,01/29/2023,CUST-1162,Consumer,South,Sports & Outdoors,Hydration,Insulated Vacuum Water Bottle 1L,24.0,9.5,1,0.1,21.6,12.1,UPI / Digital Wallet,Delivered
TXN-11265,2023-04-24,CUST-1801,Corporate,South,Sports & Outdoors,Strength Training,Adjustable Quick-Select Dumbbell Set,159.0,102.0,1,0.0,159.0,57.0,Cash on Delivery,Delivered
TXN-11240,2023-10-02,CUST-1617,Consumer,South,Beauty & Personal Care,Oral Care,Rechargeable Sonic Electric Toothbrush,69.0,34.0,1,0.0,69.0,35.0,Debit Card,Delivered
TXN-10105,2023-03-10,CUST-1341,Home Office,South,Electronics,Laptops & PCs,Ultra-Slim 14-inch Laptop,950.0,740.0,1,0.05,902.5,162.5,Cash on Delivery,Cancelled
TXN-12012,13-08-2023,CUST-1031,Consumer,South, Beauty & Personal Care ,Hair Styling,Ionic Salon Hair Dryer,75.0,36.0,1,0.0,75.0,39.0,Net Banking,Cancelled
TXN-10843,2023-08-22,CUST-1115,Consumer,West,Electronics,Smartphones,Smartphone Pro 128GB,799.0,610.0,1,0.1,719.1,109.1,UPI / Digital Wallet,Delivered
TXN-12314,2023-01-09,CUST-1108,Consumer,South,Home & Kitchen,Cleaning,Robot Smart Vacuum Cleaner,279.0,215.0,2,0.0,558.0,128.0,Cash on Delivery,Cancelled
TXN-11430,2023-03-24,CUST-1473,Corporate,South,Clothing,Men's Apparel,Men's Slim Fit Denim Jeans,49.0,22.0,2,0.0,98.0,54.0,UPI / Digital Wallet,Shipped
TXN-10582,04/10/2023,CUST-1622,Home Office,Central,Beauty & Personal Care,Skincare,Revitalizing Night Face Cream,35.0,12.0,1,0.15,29.75,17.75,Net Banking,Delivered
TXN-10606,2023-05-22,CUST-1294,Home Office,East,Home & Kitchen,Cookware,Stainless Steel 10-Piece Cookware Set,169.0,112.0,2,0.0,338.0,114.0,Credit Card,Delivered
TXN-12366,2023-07-04,CUST-1714,Consumer,Central,Home & Kitchen,Cleaning,Robot Smart Vacuum Cleaner,279.0,215.0,1,0.05,265.05,50.05,Credit Card,Delivered
TXN-12107,2023-10-14,CUST-1300,Corporate,North,Beauty & Personal Care,Hair Styling,Ionic Salon Hair Dryer,75.0,36.0,2,0.0,150.0,78.0,Net Banking,Pending
TXN-11939,06/17/2023,CUST-1464,Consumer,South,Beauty & Personal Care,Haircare,Argan Oil Repair Shampoo & Conditioner,24.0,8.5,1,0.0,24.0,15.5,Debit Card,Delivered
TXN-12070,2023-01-30,CUST-1308,Consumer,South,Electronics,Wearables,Smart Fitness Health Watch,$129.00,75.0,3,0.05,367.65,142.65,Credit Card,Delivered
TXN-10227,2023-11-30,CUST-1340,Corporate,East,Clothing,Women's Apparel,Women's Floral Cotton Dress,59.0,26.0,3,0.0,177.0,99.0,UPI / Digital Wallet,Delivered
TXN-10232,2023-09-20,CUST-1420,Consumer,West,Electronics,Smartphones,Smartphone Pro 128GB,799.0,610.0,3,0.0,2397.0,567.0,Debit Card,Pending
TXN-11273,2023-05-18,CUST-1439,Corporate,East,Electronics,Audio,Noise-Canceling Wireless Headphones,179.0,110.0,1,0.05,170.05,60.05,UPI / Digital Wallet,Delivered
TXN-10252,2023-03-18,CUST-1395,Consumer,North,Sports & Outdoors,Camping,Waterproof 4-Person Camping Tent,139.0,88.0,3,0.15,354.45,90.45,Debit Card,Pending
TXN-10112,2023-09-09,CUST-1711,Consumer,West,Electronics,Wearables,Smart Fitness Health Watch,129.0,75.0,1,0.0,129.0,54.0,Cash on Delivery,Delivered
TXN-10052,02/06/2023,CUST-1465,Home Office,Central,Beauty & Personal Care,Oral Care,Rechargeable Sonic Electric Toothbrush,69.0,34.0,1,0.05,65.55,31.55,Debit Card,Shipped
TXN-11578,2023-11-18,CUST-1730,,Central, Clothing ,Clearance,Budget Graphic Polyester Tee,14.0,13.5,3,0.3,29.4,-11.1,Net Banking,Pending
TXN-12662,2023-09-22,CUST-1798,Home Office,South,Electronics,Audio,Bluetooth Portable Speaker,49.0,26.0,1,0.0,49.0,23.0,Cash on Delivery,Shipped
TXN-11006,2023-12-01,CUST-1328,Home Office,Central,Home & Kitchen,Cookware,Stainless Steel 10-Piece Cookware Set,$169.00,112.0,1,0.25,126.75,14.75,Net Banking,Delivered
TXN-10671,2023-12-18,CUST-1216,Consumer,South,Sports & Outdoors,Outdoor Gear,Tactical Multi-Pocket Hiking Backpack,68.0,36.0,1,0.15,57.8,21.8,UPI / Digital Wallet,Delivered
TXN-11921,10-02-2023,CUST-1073,Consumer,East, Home & Kitchen ,Storage,Glass Food Storage Containers (Set of 6),28.0,13.0,2,0.05,53.2,27.2,Debit Card,Delivered
TXN-12491,2023-07-11,CUST-1153,Consumer,Central,Clothing,Clearance,Budget Graphic Polyester Tee,14.0,13.5,2,0.25,21.0,-6.0,Credit Card,Delivered
TXN-10512,2023-12-19,CUST-1660,Home Office,CENTRAL,Home & Kitchen,Cleaning,Robot Smart Vacuum Cleaner,279.0,215.0,2,0.0,558.0,128.0,Debit Card,Shipped
TXN-10486,2023-05-16,CUST-1828,,South,Clothing,Men's Apparel,Classic Organic Cotton T-Shirt,22.0,8.5,5,0.0,110.0,67.5,Credit Card,Cancelled
TXN-11913,02-09-2023,CUST-1493,Home Office,South,Sports & Outdoors,Strength Training,Adjustable Quick-Select Dumbbell Set,159.0,102.0,4,0.05,604.2,196.2,Credit Card,Delivered
TXN-11000,2023-09-09,CUST-1901,Consumer,West,Clothing,Clearance,Budget Graphic Polyester Tee,14.0,13.5,2,0.5,14.0,-13.0,UPI / Digital Wallet,Delivered
TXN-11447,2023-10-27,CUST-1567,,Central,Home & Kitchen,Storage,Glass Food Storage Containers (Set of 6),28.0,13.0,2,0.15,47.6,21.6,Credit Card,Shipped
TXN-10465,2023-06-02,CUST-1242,Home Office,WEST,Electronics,Wearables,Smart Fitness Health Watch,129.0,75.0,3,0.0,387.0,162.0,UPI / Digital Wallet,Cancelled
TXN-12541,2023-12-25,CUST-1213,Home Office,East,Clothing,Footwear,Breathable Mesh Running Shoes,79.0,39.0,2,0.2,126.4,48.4,Cash on Delivery,Delivered
TXN-11408,2023-11-15,CUST-1079,Home Office,West,Sports & Outdoors,Outdoor Gear,Tactical Multi-Pocket Hiking Backpack,68.0,36.0,8,0.2,435.2,147.2,UPI / Digital Wallet,Pending
TXN-11076,2023-01-25,CUST-1842,Home Office,Central, Home & Kitchen ,Bedding,Orthopedic Memory Foam Pillow,39.0,18.0,1,0.15,33.15,15.15,Credit Card,Delivered
TXN-12471,30-12-2023,CUST-1712,Corporate,West, Electronics ,Wearables,Smart Fitness Health Watch,129.0,75.0,2,0.2,206.4,56.4,Debit Card,Delivered
TXN-12518,12/02/2023,CUST-1260,,North,Electronics,Accessories,USB-C Multiport Fast Hub,34.0,15.0,1,0.0,34.0,19.0,Net Banking,Cancelled
TXN-11623,2023-03-13,CUST-1472,Consumer,East,Beauty & Personal Care,Hair Styling,Ionic Salon Hair Dryer,75.0,36.0,4,0.15,255.0,111.0,Debit Card,Shipped
TXN-12340,2023-04-09,CUST-1819,Home Office,East,Electronics,Television,Ultra HD Smart LED TV 55-inch,649.0,490.0,1,0.15,551.65,61.65,Debit Card,Delivered
TXN-10213,2023-07-22,CUST-1679,Consumer,East,Home & Kitchen,Storage,Glass Food Storage Containers (Set of 6),28.0,13.0,1,0.05,26.6,13.6,Debit Card,Cancelled
TXN-11988,2023-01-15,CUST-1566,Corporate,West,Electronics,Audio,Bluetooth Portable Speaker,49.0,26.0,1,0.0,49.0,23.0,UPI / Digital Wallet,Delivered
TXN-10832,2023-05-24,CUST-1256,Consumer,North,Beauty & Personal Care,Skincare,Hydrating Hyaluronic Acid Serum,29.0,9.5,2,0.0,58.0,39.0,UPI / Digital Wallet,Delivered
TXN-11399,2023-02-16,CUST-1933,Home Office,South, Beauty & Personal Care ,Skincare,Revitalizing Night Face Cream,35.0,12.0,2,0.0,70.0,46.0,Cash on Delivery,Pending
TXN-10423,2023-05-28,CUST-1995,Corporate,East,Sports & Outdoors,Fitness,Eco-Friendly Yoga Mat with Strap,32.0,14.0,3,0.0,96.0,54.0,Cash on Delivery,Delivered
TXN-10742,11-10-2023,CUST-1270,Corporate,NORTH,Home & Kitchen,Coffee Makers,Automatic Espresso & Cappuccino Maker,229.0,155.0,2,0.0,458.0,148.0,Credit Card,Cancelled
TXN-10314,2023-03-11,CUST-1869,Home Office,North,Clothing,Outerwear,Fleece Zip Hooded Sweatshirt,45.0,21.0,1,0.15,38.25,17.25,Cash on Delivery,Shipped
TXN-10839,17-06-2023,CUST-1691,Corporate,Central,Home & Kitchen,Cleaning,Robot Smart Vacuum Cleaner,279.0,215.0,2,0.0,558.0,128.0,Net Banking,Delivered
TXN-12159,2023-11-08,CUST-1133,Consumer,West,Clothing,Clearance,Budget Graphic Polyester Tee,14.0,13.5,1,0.5,7.0,-6.5,Net Banking,Shipped
TXN-12488,07/24/2023,CUST-1576,Consumer,East,Home & Kitchen,Coffee Makers,Automatic Espresso & Cappuccino Maker,229.0,155.0,2,0.15,389.3,79.3,UPI / Digital Wallet,Cancelled
TXN-11054,2023-08-11,CUST-1520,Consumer,North,Home & Kitchen,Small Appliances,Digital Air Fryer 5.8 Qt,89.0,56.0,1,0.15,75.65,19.65,UPI / Digital Wallet,Delivered
TXN-12287,2023-03-28,CUST-1713,Consumer,East,Electronics,Television,Ultra HD Smart LED TV 55-inch,649.0,490.0,2,0.15,1103.3,123.3,Cash on Delivery,Delivered
TXN-12496,2023-05-29,CUST-1749,Consumer,East,Electronics,Accessories,USB-C Multiport Fast Hub,34.0,15.0,3,0.15,86.7,41.7,Credit Card,Delivered
TXN-11293,2023-10-04,CUST-1801,Home Office,South,Electronics,Laptops & PCs,Ultra-Slim 14-inch Laptop,950.0,740.0,2,0.05,1805.0,325.0,UPI / Digital Wallet,Shipped
TXN-10219,2023-10-11,CUST-1714,,East,Beauty & Personal Care,Hair Styling,Ionic Salon Hair Dryer,75.0,36.0,2,0.05,142.5,70.5,Credit Card,Delivered
TXN-12494,2023-01-06,CUST-1736,Home Office,North,Electronics,Audio,Bluetooth Portable Speaker,49.0,26.0,2,0.0,98.0,46.0,Credit Card,Pending
TXN-12297,2023-04-08,CUST-1101,Consumer,South,Electronics,Laptops & PCs,Ultra-Slim 14-inch Laptop,950.0,740.0,2,0.0,1900.0,420.0,UPI / Digital Wallet,Shipped
TXN-12635,13-02-2023,CUST-1771,Home Office,East,Home & Kitchen,Coffee Makers,Automatic Espresso & Cappuccino Maker,229.0,155.0,1,0.05,217.55,62.55,Net Banking,Delivered
TXN-12602,2023-09-29,CUST-1528,Home Office,North,Clothing,Outerwear,Fleece Zip Hooded Sweatshirt,45.0,21.0,2,0.15,76.5,34.5,Debit Card,Delivered
TXN-11989,2023-06-12,CUST-1007,Home Office,West,Sports & Outdoors,Camping,Waterproof 4-Person Camping Tent,139.0,88.0,1,0.15,118.15,30.15,Net Banking,Cancelled
TXN-11011,2023-08-22,CUST-1774,Home Office,West,Electronics,Laptops & PCs,Ultra-Slim 14-inch Laptop,950.0,740.0,1,0.0,950.0,210.0,Credit Card,Shipped
TXN-11081,2023-12-10,CUST-1334,Home Office,South,Clothing,Outerwear,Fleece Zip Hooded Sweatshirt,45.0,21.0,2,0.2,72.0,30.0,Net Banking,Delivered
TXN-11792,06-02-2023,CUST-1809,Home Office,Central,Beauty & Personal Care,Haircare,Argan Oil Repair Shampoo & Conditioner,24.0,8.5,1,0.0,24.0,15.5,UPI / Digital Wallet,Pending
TXN-10860,10/05/2023,CUST-1128,Consumer,East,Home & Kitchen,Small Appliances,Digital Air Fryer 5.8 Qt,89.0,56.0,1,0.05,84.55,28.55,Cash on Delivery,Delivered
TXN-11422,03/11/2023,CUST-1199,Consumer,South,Electronics,Wearables,Smart Fitness Health Watch,129.0,75.0,3,0.0,387.0,162.0,Cash on Delivery,Pending
TXN-12499,2023-11-29,CUST-1205,Home Office,North,Sports & Outdoors,Hydration,Insulated Vacuum Water Bottle 1L,$24.00,9.5,1,0.0,24.0,14.5,Debit Card,Pending
TXN-12684,2023-05-08,CUST-1108,Consumer,West,Electronics,Television,Ultra HD Smart LED TV 55-inch,649.0,490.0,1,0.0,649.0,159.0,Debit Card,Delivered
TXN-12246,2023-03-12,CUST-1378,Consumer,Central, Electronics ,Laptops & PCs,Ultra-Slim 14-inch Laptop,950.0,740.0,1,0.0,950.0,210.0,Net Banking,Pending
TXN-12226,2023-08-02,CUST-1705,Corporate,West,Home & Kitchen,Small Appliances,Digital Air Fryer 5.8 Qt,89.0,56.0,3,0.0,267.0,99.0,Debit Card,Delivered
TXN-12503,2023-10-09,CUST-1466,Consumer,East, Electronics ,Television,Ultra HD Smart LED TV 55-inch,649.0,490.0,2,0.1,1168.2,188.2,UPI / Digital Wallet,Pending
TXN-11300,2023-05-13,CUST-1852,Corporate,North,Beauty & Personal Care,Oral Care,Rechargeable Sonic Electric Toothbrush,69.0,34.0,3,0.1,186.3,84.3,Cash on Delivery,Delivered
TXN-11766,27-09-2023,CUST-1629,Corporate,North,Clothing,Men's Apparel,Classic Organic Cotton T-Shirt,22.0,8.5,1,0.0,22.0,13.5,Net Banking,Delivered
TXN-10946,2023-08-11,CUST-1856,Home Office,South,Home & Kitchen,Cleaning,Robot Smart Vacuum Cleaner,279.0,215.0,5,0.1,1255.5,180.5,Credit Card,Delivered
TXN-11751,2023-08-23,CUST-1222,Home Office,North,Electronics,Smartphones,Smartphone Pro 128GB,799.0,610.0,2,0.0,1598.0,378.0,Credit Card,Pending
TXN-11331,07/27/2023,CUST-1292,Home Office,South,Clothing,Women's Apparel,Women's Floral Cotton Dress,59.0,26.0,1,0.15,50.15,24.15,Net Banking,Delivered
TXN-11671,01/12/2023,CUST-1124,Consumer,East,Clothing,Footwear,Breathable Mesh Running Shoes,79.0,39.0,1,0.0,79.0,40.0,Cash on Delivery,Pending
TXN-11376,2023-07-10,CUST-1278,Consumer,North,Sports & Outdoors,Fitness,Eco-Friendly Yoga Mat with Strap,32.0,14.0,1,0.15,27.2,13.2,Net Banking,Shipped
TXN-10788,2023-08-07,CUST-1432,Home Office,West,Sports & Outdoors,Fitness,Eco-Friendly Yoga Mat with Strap,32.0,14.0,1,0.15,27.2,13.2,Credit Card,Delivered
TXN-10768,11-03-2023,CUST-1339,Corporate,NORTH,Electronics,Accessories,USB-C Multiport Fast Hub,34.0,15.0,2,0.1,61.2,31.2,Cash on Delivery,Delivered
TXN-10912,2023-07-18,CUST-1390,Corporate,West,Electronics,Laptops & PCs,Ultra-Slim 14-inch Laptop,950.0,740.0,2,0.05,1805.0,325.0,UPI / Digital Wallet,Pending
TXN-11094,09/13/2023,CUST-1475,Consumer,North,Beauty & Personal Care,Oral Care,Rechargeable Sonic Electric Toothbrush,69.0,34.0,2,0.0,138.0,70.0,Debit Card,Cancelled
TXN-12749,2023-05-23,CUST-1270,Consumer,Central,Clothing,Men's Apparel,Classic Organic Cotton T-Shirt,22.0,8.5,1,0.1,19.8,11.3,Cash on Delivery,Delivered
TXN-10359,2023-04-01,CUST-1576,Consumer,North, Home & Kitchen ,Small Appliances,Digital Air Fryer 5.8 Qt,89.0,56.0,2,0.05,169.1,57.1,UPI / Digital Wallet,Delivered
TXN-11413,2023-01-10,CUST-1887,Consumer,North,Clothing,Outerwear,Fleece Zip Hooded Sweatshirt,45.0,21.0,3,0.0,135.0,72.0,Credit Card,Delivered
TXN-10260,2023-10-11,CUST-1958,Home Office,East,Electronics,Wearables,Smart Fitness Health Watch,129.0,75.0,1,0.05,122.55,47.55,Debit Card,Cancelled
TXN-12501,2023-09-09,CUST-1701,Corporate,Central,Beauty & Personal Care,Skincare,Hydrating Hyaluronic Acid Serum,29.0,9.5,1,0.0,29.0,19.5,Credit Card,Delivered
TXN-12261,2023-08-25,CUST-1806,Consumer,West,Electronics,Smartphones,Smartphone Pro 128GB,799.0,610.0,3,0.05,2277.15,447.15,Credit Card,Delivered
TXN-12441,2023-01-15,CUST-1409,Consumer,SOUTH,Electronics,Audio,Bluetooth Portable Speaker,49.0,26.0,2,0.15,83.3,31.3,Cash on Delivery,Shipped
TXN-11386,11/14/2023,CUST-1025,Corporate,Central,Sports & Outdoors,Camping,Waterproof 4-Person Camping Tent,139.0,88.0,2,0.2,222.4,46.4,Credit Card,Shipped
TXN-12276,2023-04-21,CUST-1571,Consumer,Central,Electronics,Laptops & PCs,Ultra-Slim 14-inch Laptop,950.0,740.0,1,0.1,855.0,115.0,Net Banking,Cancelled
TXN-10773,2023-06-09,CUST-1364,Home Office,North,Sports & Outdoors,Camping,Waterproof 4-Person Camping Tent,139.0,88.0,2,0.15,236.3,60.3,Debit Card,Delivered
TXN-11338,2023-01-25,CUST-1126,Corporate,  east  ,Clothing,Men's Apparel,Men's Slim Fit Denim Jeans,49.0,22.0,1,0.05,46.55,24.55,Debit Card,Pending
TXN-11692,2023-03-01,CUST-1467,,East,Electronics,Audio,Bluetooth Portable Speaker,49.0,26.0,3,0.15,124.95,46.95,UPI / Digital Wallet,Delivered
TXN-12568,2023-02-26,CUST-1461,Home Office,South,Electronics,Television,Ultra HD Smart LED TV 55-inch,649.0,490.0,1,0.1,584.1,94.1,Credit Card,Pending
TXN-12293,2023-09-15,CUST-1277,Consumer,North,Electronics,Audio,Bluetooth Portable Speaker,49.0,26.0,1,0.05,46.55,20.55,Debit Card,Pending
TXN-10457,2023-04-06,CUST-1884,Home Office,East,Home & Kitchen,Storage,Glass Food Storage Containers (Set of 6),28.0,13.0,2,0.1,50.4,24.4,Net Banking,Pending
TXN-10463,11/05/2023,CUST-1487,Corporate,East,Sports & Outdoors,Outdoor Gear,Tactical Multi-Pocket Hiking Backpack,68.0,36.0,3,0.05,193.8,85.8,UPI / Digital Wallet,Delivered
TXN-12099,2023-02-04,CUST-1954,Corporate,East,Beauty & Personal Care,Haircare,Argan Oil Repair Shampoo & Conditioner,24.0,8.5,8,0.0,192.0,124.0,Cash on Delivery,Pending
TXN-10565,2023-08-16,CUST-1969,Corporate,East,Beauty & Personal Care,Hair Styling,Ionic Salon Hair Dryer,75.0,36.0,3,0.0,225.0,117.0,Credit Card,Pending
TXN-10382,2023-11-25,CUST-1141,Corporate,Central,Sports & Outdoors,Hydration,Insulated Vacuum Water Bottle 1L,24.0,9.5,-1,0.25,36.0,17.0,Net Banking,Delivered
TXN-11279,2023-07-13,CUST-1827,Corporate,  west  ,Clothing,Women's Apparel,Women's Floral Cotton Dress,59.0,26.0,8,0.15,401.2,193.2,Cash on Delivery,Delivered
TXN-12408,2023-07-07,CUST-1528,Home Office,West,Electronics,Audio,Bluetooth Portable Speaker,49.0,26.0,3,0.1,132.3,54.3,,Delivered
TXN-10791,2023-08-26,CUST-1386,Consumer,West,Beauty & Personal Care,Skincare,Revitalizing Night Face Cream,35.0,12.0,1,0.0,35.0,23.0,UPI / Digital Wallet,Delivered
TXN-11627,2023-02-06,CUST-1064,Consumer,  south  ,Sports & Outdoors,Hydration,Insulated Vacuum Water Bottle 1L,24.0,9.5,1,0.15,20.4,10.9,Credit Card,Delivered
TXN-11895,2023-03-22,CUST-1821,Consumer,West,Sports & Outdoors,Strength Training,Adjustable Quick-Select Dumbbell Set,159.0,102.0,1,0.05,151.05,49.05,Net Banking,Delivered
TXN-10786,23-03-2023,CUST-1009,Consumer,North,Home & Kitchen,Cookware,Stainless Steel 10-Piece Cookware Set,169.0,112.0,2,0.05,321.1,97.1,UPI / Digital Wallet,Delivered
TXN-11190,2023-08-07,CUST-1269,,Central,Electronics,Laptops & PCs,Ultra-Slim 14-inch Laptop,950.0,740.0,3,0.0,2850.0,630.0,Credit Card,Shipped
TXN-12180,2023-10-25,CUST-1124,Home Office,West,Electronics,Wearables,Smart Fitness Health Watch,129.0,75.0,3,0.15,328.95,103.95,Debit Card,Shipped
TXN-10799,2023-03-16,CUST-1130,Corporate,East,Beauty & Personal Care,Haircare,Argan Oil Repair Shampoo & Conditioner,24.0,8.5,2,0.05,45.6,28.6,Net Banking,Delivered
TXN-12228,2023-07-23,CUST-1495,Corporate,East,Clothing,Outerwear,Fleece Zip Hooded Sweatshirt,45.0,21.0,1,0.0,45.0,24.0,Credit Card,Cancelled
TXN-12326,2023-11-13,CUST-1699,Corporate,East,Sports & Outdoors,Fitness,Eco-Friendly Yoga Mat with Strap,32.0,14.0,1,0.1,28.8,14.8,Credit Card,Shipped
TXN-11058,2023-11-30,CUST-1878,Consumer,Central, Home & Kitchen ,Coffee Makers,Automatic Espresso & Cappuccino Maker,229.0,155.0,3,0.05,652.65,187.65,Cash on Delivery,Cancelled
TXN-10543,2023-08-16,CUST-1303,Corporate,North,Home & Kitchen,Bedding,Orthopedic Memory Foam Pillow,39.0,18.0,1,0.15,33.15,15.15,Net Banking,Pending
TXN-11589,2023-07-21,CUST-1522,Consumer,North,Home & Kitchen,Cleaning,Robot Smart Vacuum Cleaner,279.0,215.0,3,0.0,837.0,192.0,Net Banking,Delivered
TXN-11583,2023-12-20,CUST-1363,Consumer,North, Sports & Outdoors ,Strength Training,Adjustable Quick-Select Dumbbell Set,159.0,102.0,2,0.05,302.1,98.1,Debit Card,Delivered
TXN-10859,10/27/2023,CUST-1744,Corporate,East,Electronics,Television,Ultra HD Smart LED TV 55-inch,649.0,490.0,1,0.0,649.0,159.0,Credit Card,Cancelled
TXN-12023,2023-09-03,CUST-1326,Consumer,West,Home & Kitchen,Small Appliances,Digital Air Fryer 5.8 Qt,89.0,56.0,2,0.0,178.0,66.0,Debit Card,Pending
TXN-12274,2023-05-01,CUST-1550,Corporate,Central,Clothing,Outerwear,Fleece Zip Hooded Sweatshirt,45.0,21.0,1,0.15,38.25,17.25,Credit Card,Delivered
TXN-10566,2023-12-25,CUST-1211,Home Office,South, Clothing ,Men's Apparel,Men's Slim Fit Denim Jeans,49.0,22.0,3,0.25,110.25,44.25,Cash on Delivery,Pending
TXN-12799,,CUST-1015,Consumer,East,Beauty & Personal Care,Skincare,Revitalizing Night Face Cream,35.0,12.0,3,0.1,94.5,58.5,Net Banking,Delivered
TXN-12660,2023-09-05,CUST-1188,Corporate,South,Sports & Outdoors,Hydration,Insulated Vacuum Water Bottle 1L,24.0,9.5,4,0.05,91.2,53.2,Net Banking,Pending
TXN-10789,2023-03-13,CUST-1770,Corporate,North, Electronics ,Television,Ultra HD Smart LED TV 55-inch,649.0,490.0,2,0.0,1298.0,318.0,Debit Card,Delivered
TXN-11507,2023-02-04,CUST-1919,Consumer,WEST,Clothing,Footwear,Breathable Mesh Running Shoes,79.0,39.0,1,0.1,71.1,32.1,Net Banking,Cancelled
TXN-11771,2023-10-28,CUST-1667,Corporate,Central,Beauty & Personal Care,Oral Care,Rechargeable Sonic Electric Toothbrush,69.0,34.0,1,0.15,58.65,24.65,Debit Card,Cancelled
TXN-10436,2023-10-24,CUST-1548,Corporate,East,Electronics,Television,Ultra HD Smart LED TV 55-inch,649.0,490.0,1,0.15,551.65,61.65,Cash on Delivery,Shipped
TXN-10692,2023-10-24,CUST-1323,Home Office,North,Clothing,Men's Apparel,Classic Organic Cotton T-Shirt,22.0,8.5,3,0.0,66.0,40.5,Cash on Delivery,Shipped
TXN-10238,2023-03-02,CUST-1872,Home Office,Central,Home & Kitchen,Coffee Makers,Automatic Espresso & Cappuccino Maker,229.0,155.0,1,0.15,194.65,39.65,Credit Card,Shipped
TXN-10790,,CUST-1242,Home Office,South,Home & Kitchen,Cookware,Stainless Steel 10-Piece Cookware Set,169.0,112.0,1,0.0,169.0,57.0,Net Banking,Delivered
TXN-10110,2023-02-04,CUST-1130,Corporate,East,Clothing,Men's Apparel,Men's Slim Fit Denim Jeans,49.0,22.0,3,0.05,139.65,73.65,Net Banking,Delivered
TXN-11855,07/26/2023,CUST-1732,Home Office,South,Electronics,Laptops & PCs,Ultra-Slim 14-inch Laptop,$950.00,740.0,1,0.0,950.0,210.0,Cash on Delivery,Delivered
TXN-10164,2023-11-17,CUST-1739,Corporate,South,Beauty & Personal Care,Skincare,Hydrating Hyaluronic Acid Serum,29.0,9.5,1,0.0,29.0,19.5,Credit Card,Shipped
TXN-11884,2023-10-17,CUST-1525,,South, Electronics ,Television,Ultra HD Smart LED TV 55-inch,649.0,490.0,1,0.15,551.65,61.65,Net Banking,Delivered
TXN-10253,2023-09-17,CUST-1052,Consumer,West,Clothing,Men's Apparel,Men's Slim Fit Denim Jeans,49.0,22.0,2,0.1,88.2,44.2,Credit Card,Shipped
TXN-12543,29-05-2023,CUST-1075,Home Office,West, Sports & Outdoors ,Fitness,Eco-Friendly Yoga Mat with Strap,32.0,14.0,1,0.05,30.4,16.4,Cash on Delivery,Delivered
TXN-11779,2023-08-10,CUST-1391,Consumer,Central,Home & Kitchen,Storage,Glass Food Storage Containers (Set of 6),28.0,13.0,2,0.1,50.4,24.4,Debit Card,Pending
TXN-12742,2023-02-05,CUST-1476,Corporate,North, Clothing ,Outerwear,Fleece Zip Hooded Sweatshirt,45.0,21.0,1,0.05,42.75,21.75,Debit Card,Delivered
TXN-12347,2023-12-15,CUST-1237,Home Office,Central,Sports & Outdoors,Fitness,Eco-Friendly Yoga Mat with Strap,32.0,14.0,2,0.05,60.8,32.8,Net Banking,Delivered
TXN-12387,2023-07-23,CUST-1358,Home Office,South,Home & Kitchen,Cookware,Stainless Steel 10-Piece Cookware Set,169.0,112.0,4,0.1,608.4,160.4,Debit Card,Pending
TXN-12202,28-08-2023,CUST-1405,Corporate,West,Clothing,Women's Apparel,Women's Floral Cotton Dress,59.0,26.0,2,0.05,112.1,60.1,Credit Card,Delivered
TXN-10787,2023-07-24,CUST-1749,Home Office,East,Home & Kitchen,Coffee Makers,Automatic Espresso & Cappuccino Maker,229.0,155.0,3,0.05,652.65,187.65,UPI / Digital Wallet,Shipped
TXN-11378,12/22/2023,CUST-1853,Home Office,North,Electronics,Wearables,Smart Fitness Health Watch,129.0,75.0,1,0.0,129.0,54.0,Net Banking,Delivered
TXN-11035,2023-03-16,CUST-1658,Corporate,Central,Electronics,Audio,Bluetooth Portable Speaker,49.0,26.0,1,0.05,46.55,20.55,Credit Card,Delivered
TXN-12607,2023-08-28,CUST-1438,Corporate,West,Sports & Outdoors,Hydration,Insulated Vacuum Water Bottle 1L,24.0,9.5,2,0.0,48.0,29.0,Cash on Delivery,Cancelled
TXN-10651,05/13/2023,CUST-1472,Consumer,South,Home & Kitchen,Coffee Makers,Automatic Espresso & Cappuccino Maker,229.0,155.0,5,0.1,1030.5,255.5,Net Banking,Shipped
TXN-12646,2023-12-02,CUST-1925,Home Office,Central,Home & Kitchen,Small Appliances,Digital Air Fryer 5.8 Qt,89.0,56.0,1,0.0,89.0,33.0,UPI / Digital Wallet,Delivered
TXN-10462,2023-05-01,CUST-1400,Consumer,South, Home & Kitchen ,Cookware,Stainless Steel 10-Piece Cookware Set,169.0,112.0,1,0.0,169.0,57.0,UPI / Digital Wallet,Shipped
TXN-12308,2023-07-03,CUST-1593,Corporate,Central,Electronics,Audio,Noise-Canceling Wireless Headphones,179.0,110.0,2,0.05,340.1,120.1,UPI / Digital Wallet,Delivered
TXN-10158,2023-12-31,CUST-1213,Consumer,East,Sports & Outdoors,Camping,Waterproof 4-Person Camping Tent,139.0,88.0,1,0.0,139.0,51.0,Net Banking,Delivered
TXN-11719,2023-07-16,CUST-1017,Home Office,West,Electronics,Accessories,USB-C Multiport Fast Hub,34.0,15.0,3,0.0,102.0,57.0,Debit Card,Delivered
TXN-11508,2023-02-06,CUST-1578,Home Office,South,Electronics,Wearables,Smart Fitness Health Watch,129.0,75.0,1,0.0,129.0,54.0,Net Banking,Shipped
TXN-12618,2023-07-28,CUST-1837,Consumer,West,Beauty & Personal Care,Oral Care,Rechargeable Sonic Electric Toothbrush,69.0,34.0,1,0.0,69.0,35.0,UPI / Digital Wallet,Delivered
TXN-10239,13-04-2023,CUST-1141,Consumer,  west  ,Clothing,Men's Apparel,Classic Organic Cotton T-Shirt,22.0,8.5,1,0.15,18.7,10.2,UPI / Digital Wallet,Cancelled
TXN-12439,2023-03-25,CUST-1092,Corporate,North,Sports & Outdoors,Outdoor Gear,Tactical Multi-Pocket Hiking Backpack,68.0,36.0,5,0.05,323.0,143.0,Net Banking,Delivered
TXN-10938,10/26/2023,CUST-1773,Home Office,North,Clothing,Men's Apparel,Classic Organic Cotton T-Shirt,22.0,8.5,3,0.1,59.4,33.9,UPI / Digital Wallet,Shipped
TXN-11776,,CUST-1094,Corporate,North,Beauty & Personal Care,Oral Care,Rechargeable Sonic Electric Toothbrush,69.0,34.0,2,0.1,124.2,56.2,Cash on Delivery,Delivered
TXN-10101,2023-03-16,CUST-1344,Home Office,South, Electronics ,Television,Ultra HD Smart LED TV 55-inch,649.0,490.0,1,0.1,584.1,94.1,Cash on Delivery,Shipped
TXN-10316,09/30/2023,CUST-1761,Consumer,North,Sports & Outdoors,Strength Training,Adjustable Quick-Select Dumbbell Set,159.0,102.0,1,0.0,159.0,57.0,Debit Card,Delivered
TXN-12794,08-02-2023,CUST-1970,Corporate,East,Home & Kitchen,Storage,Glass Food Storage Containers (Set of 6),28.0,13.0,2,0.05,53.2,27.2,Credit Card,Pending
TXN-12281,2023-10-05,CUST-1052,Home Office,Central,Beauty & Personal Care,Hair Styling,Ionic Salon Hair Dryer,75.0,36.0,3,0.1,202.5,94.5,UPI / Digital Wallet,Shipped
TXN-11106,11-07-2023,CUST-1351,Corporate,West,Clothing,Women's Apparel,Women's Floral Cotton Dress,59.0,26.0,1,0.15,50.15,24.15,Net Banking,Shipped
TXN-10696,2023-02-15,CUST-1763,Corporate,North,Electronics,Wearables,Smart Fitness Health Watch,129.0,75.0,4,0.1,464.4,164.4,Net Banking,Shipped
TXN-10262,2023-05-09,CUST-1700,Home Office,South,Electronics,Television,Ultra HD Smart LED TV 55-inch,649.0,490.0,3,0.05,1849.65,379.65,Credit Card,Delivered
TXN-12402,2023-10-12,CUST-1739,Consumer,East,Electronics,Laptops & PCs,Ultra-Slim 14-inch Laptop,950.0,740.0,1,0.05,902.5,162.5,Cash on Delivery,Delivered
TXN-11481,2023-08-08,CUST-1771,Home Office,South,Electronics,Laptops & PCs,Ultra-Slim 14-inch Laptop,950.0,740.0,1,0.0,950.0,210.0,Debit Card,Shipped
TXN-12290,2023-09-21,CUST-1393,Corporate,West,Electronics,Laptops & PCs,Ultra-Slim 14-inch Laptop,950.0,740.0,4,0.05,3610.0,650.0,Credit Card,Pending
TXN-12586,11-12-2023,CUST-1951,Home Office,Central,Sports & Outdoors,Camping,Waterproof 4-Person Camping Tent,139.0,88.0,3,0.25,312.75,48.75,Cash on Delivery,Cancelled
TXN-10180,2023-11-09,CUST-1728,Consumer,South,Electronics,Accessories,USB-C Multiport Fast Hub,34.0,15.0,2,0.05,64.6,34.6,Net Banking,Delivered
TXN-11188,2023-04-28,CUST-1812,Corporate,South,Clothing,Men's Apparel,Classic Organic Cotton T-Shirt,$22.00,8.5,2,0.15,37.4,20.4,Net Banking,Delivered
TXN-11562,2023-05-11,CUST-1362,Corporate,East,Clothing,Men's Apparel,Classic Organic Cotton T-Shirt,22.0,8.5,1,0.0,22.0,13.5,UPI / Digital Wallet,Delivered
TXN-10870,31-05-2023,CUST-1898,Consumer,East,Beauty & Personal Care,Skincare,Hydrating Hyaluronic Acid Serum,$29.00,9.5,2,0.0,58.0,39.0,Cash on Delivery,Delivered
TXN-11450,2023-03-30,CUST-1212,Consumer,East,Electronics,Smartphones,Smartphone Pro 128GB,799.0,610.0,5,0.0,3995.0,945.0,Credit Card,Delivered
TXN-12303,2023-04-02,CUST-1608,Home Office,South,Home & Kitchen,Coffee Makers,Automatic Espresso & Cappuccino Maker,229.0,155.0,8,0.1,1648.8,408.8,Net Banking,Delivered
TXN-10481,2023-04-17,CUST-1873,Home Office,East,Electronics,Accessories,USB-C Multiport Fast Hub,34.0,15.0,1,0.1,30.6,15.6,Debit Card,Delivered
TXN-11353,2023-02-13,CUST-1722,Corporate,East,Home & Kitchen,Cleaning,Robot Smart Vacuum Cleaner,279.0,215.0,2,0.15,474.3,44.3,Debit Card,Cancelled
TXN-12588,2023-09-24,CUST-1487,Consumer,North,Clothing,Women's Apparel,Women's Floral Cotton Dress,59.0,26.0,2,0.0,118.0,66.0,Cash on Delivery,Delivered
TXN-11843,2023-07-02,CUST-1973,Consumer,Central,Clothing,Men's Apparel,Classic Organic Cotton T-Shirt,22.0,8.5,2,0.0,44.0,27.0,Credit Card,Cancelled
TXN-12021,2023-05-19,CUST-1141,Home Office,West,Home & Kitchen,Coffee Makers,Automatic Espresso & Cappuccino Maker,229.0,155.0,1,0.15,194.65,39.65,Credit Card,Cancelled
TXN-12703,2023-01-10,CUST-1271,,West,Electronics,Audio,Bluetooth Portable Speaker,49.0,26.0,1,0.05,46.55,20.55,Credit Card,Pending
TXN-12282,2023-08-24,CUST-1387,Corporate,East,Electronics,Smartphones,Smartphone Pro 128GB,799.0,610.0,3,0.15,2037.45,207.45,Credit Card,Shipped
TXN-11617,05/08/2023,CUST-1766,Home Office,West,Electronics,Television,Ultra HD Smart LED TV 55-inch,649.0,490.0,1,0.1,584.1,94.1,Debit Card,Delivered
TXN-11738,2023-03-31,CUST-1567,Corporate,South,Sports & Outdoors,Strength Training,Adjustable Quick-Select Dumbbell Set,159.0,102.0,2,0.0,318.0,114.0,Debit Card,Shipped
TXN-12417,2023-08-31,CUST-1170,Consumer,West,Electronics,Laptops & PCs,Ultra-Slim 14-inch Laptop,950.0,740.0,2,0.05,1805.0,325.0,Debit Card,Cancelled
TXN-11717,2023-09-09,CUST-1575,,  south  ,Clothing,Outerwear,Fleece Zip Hooded Sweatshirt,45.0,21.0,2,0.0,90.0,48.0,Credit Card,Delivered
TXN-11984,12/19/2023,CUST-1311,Consumer,West, Clothing ,Women's Apparel,Women's Floral Cotton Dress,59.0,26.0,2,0.05,112.1,60.1,Debit Card,Cancelled
TXN-10795,2023-12-18,CUST-1394,Corporate,West,Home & Kitchen,Coffee Makers,Automatic Espresso & Cappuccino Maker,229.0,155.0,2,0.25,343.5,33.5,Credit Card,Delivered
TXN-10248,2023-10-15,CUST-1821,Consumer,North,Electronics,Audio,Bluetooth Portable Speaker,49.0,26.0,3,0.0,147.0,69.0,Debit Card,Delivered
TXN-11323,20-11-2023,CUST-1117,Corporate,South,Sports & Outdoors,Strength Training,Adjustable Quick-Select Dumbbell Set,159.0,102.0,3,0.15,405.45,99.45,Cash on Delivery,Delivered
TXN-11910,2023-05-18,CUST-1087,Home Office,North,Sports & Outdoors,Camping,Waterproof 4-Person Camping Tent,139.0,88.0,2,0.0,278.0,102.0,UPI / Digital Wallet,Delivered
TXN-10348,2023-04-05,CUST-1135,Corporate,Central,Electronics,Smartphones,Smartphone Pro 128GB,$799.00,610.0,3,0.15,2037.45,207.45,Net Banking,Pending
TXN-10842,2023-10-24,CUST-1519,Corporate,North,Electronics,Audio,Bluetooth Portable Speaker,49.0,26.0,1,0.0,49.0,23.0,Net Banking,Delivered
TXN-11600,2023-03-22,CUST-1597,Corporate,WEST,Beauty & Personal Care,Haircare,Argan Oil Repair Shampoo & Conditioner,24.0,8.5,1,0.1,21.6,13.1,,Delivered
TXN-12150,2023-03-02,CUST-1113,Consumer,Central,Home & Kitchen,Cleaning,Robot Smart Vacuum Cleaner,279.0,215.0,1,0.0,279.0,64.0,Credit Card,Cancelled
TXN-11095,03-08-2023,CUST-1953,Home Office,West,Electronics,Accessories,USB-C Multiport Fast Hub,34.0,15.0,2,0.05,64.6,34.6,Net Banking,Shipped
TXN-12482,2023-02-13,CUST-1916,Home Office,East,Home & Kitchen,Storage,Glass Food Storage Containers (Set of 6),28.0,13.0,2,0.15,47.6,21.6,UPI / Digital Wallet,Delivered
TXN-11873,2023-08-26,CUST-1401,Corporate,North,Electronics,Smartphones,Smartphone Pro 128GB,799.0,610.0,2,0.0,1598.0,378.0,Debit Card,Delivered
TXN-11534,2023-04-19,CUST-1543,Corporate,East,Clothing,Footwear,Breathable Mesh Running Shoes,79.0,39.0,3,0.05,225.15,108.15,Cash on Delivery,Delivered
TXN-10446,2023-10-25,CUST-1785,Corporate,East,Sports & Outdoors,Fitness,Eco-Friendly Yoga Mat with Strap,32.0,14.0,3,0.1,86.4,44.4,Net Banking,Shipped
TXN-10618,2023-03-16,CUST-1952,Consumer,North,Home & Kitchen,Cookware,Stainless Steel 10-Piece Cookware Set,169.0,112.0,1,0.0,169.0,57.0,Cash on Delivery,Shipped
TXN-11100,2023-05-28,CUST-1555,Consumer,South,Sports & Outdoors,Strength Training,Adjustable Quick-Select Dumbbell Set,159.0,102.0,2,0.0,318.0,114.0,Credit Card,Delivered
TXN-11426,02/24/2023,CUST-1309,Corporate,North, Beauty & Personal Care ,Hair Styling,Ionic Salon Hair Dryer,75.0,36.0,1,0.0,75.0,39.0,Debit Card,Delivered
TXN-11367,2023-12-23,CUST-1639,Home Office,  east  ,Clothing,Men's Apparel,Classic Organic Cotton T-Shirt,22.0,8.5,2,0.05,41.8,24.8,,Shipped
TXN-10875,2023-10-14,CUST-1460,Home Office,North,Sports & Outdoors,Outdoor Gear,Tactical Multi-Pocket Hiking Backpack,68.0,36.0,1,0.0,68.0,32.0,UPI / Digital Wallet,Delivered
TXN-11412,2023-06-07,CUST-1240,Home Office,East,Clothing,Men's Apparel,Men's Slim Fit Denim Jeans,49.0,22.0,1,0.15,41.65,19.65,Net Banking,Delivered
TXN-12412,2023-03-18,CUST-1654,Consumer,CENTRAL,Clothing,Footwear,Breathable Mesh Running Shoes,79.0,39.0,3,0.0,237.0,120.0,Debit Card,Pending
TXN-11193,2023-02-15,CUST-1038,Home Office,Central,Sports & Outdoors,Hydration,Insulated Vacuum Water Bottle 1L,24.0,9.5,2,0.15,40.8,21.8,Cash on Delivery,Cancelled
TXN-11591,2023-07-16,CUST-1299,Consumer,West,Sports & Outdoors,Hydration,Insulated Vacuum Water Bottle 1L,24.0,9.5,2,0.05,45.6,26.6,Credit Card,Delivered
TXN-10264,2023-08-15,CUST-1800,Home Office,Central,Sports & Outdoors,Camping,Waterproof 4-Person Camping Tent,139.0,88.0,1,0.05,132.05,44.05,Net Banking,Delivered
TXN-11124,2023-12-09,CUST-1876,Corporate,North,Clothing,Clearance,Budget Graphic Polyester Tee,14.0,13.5,3,0.3,29.4,-11.1,Credit Card,Pending
TXN-11974,03/01/2023,CUST-1116,Consumer,South, Electronics ,Audio,Noise-Canceling Wireless Headphones,179.0,110.0,1,0.0,179.0,69.0,Cash on Delivery,Delivered
TXN-10354,2023-12-31,CUST-1665,Home Office,North,Beauty & Personal Care,Skincare,Revitalizing Night Face Cream,35.0,12.0,2,0.0,70.0,46.0,Cash on Delivery,Cancelled
TXN-10209,2023-01-16,CUST-1225,Corporate,North,Sports & Outdoors,Outdoor Gear,Tactical Multi-Pocket Hiking Backpack,68.0,36.0,3,0.05,193.8,85.8,Net Banking,Delivered
TXN-10848,2023-11-30,CUST-1618,Corporate,South,Home & Kitchen,Coffee Makers,Automatic Espresso & Cappuccino Maker,229.0,155.0,3,0.1,618.3,153.3,Net Banking,Delivered
TXN-11019,2023-11-14,CUST-1195,Home Office,North,Sports & Outdoors,Fitness,Eco-Friendly Yoga Mat with Strap,32.0,14.0,2,0.25,48.0,20.0,Debit Card,Cancelled
TXN-11554,2023-10-08,CUST-1161,Corporate,North,Sports & Outdoors,Outdoor Gear,Tactical Multi-Pocket Hiking Backpack,$68.00,36.0,2,0.0,136.0,64.0,Net Banking,Delivered
TXN-11642,01-01-2023,CUST-1033,Corporate,East,Clothing,Women's Apparel,Women's Floral Cotton Dress,59.0,26.0,1,0.15,50.15,24.15,Net Banking,Delivered
TXN-11357,23-03-2023,CUST-1779,Consumer,NORTH,Home & Kitchen,Bedding,Orthopedic Memory Foam Pillow,39.0,18.0,8,0.15,265.2,121.2,Debit Card,Cancelled
TXN-10058,2023-03-02,CUST-1970,Home Office,East,Beauty & Personal Care,Haircare,Argan Oil Repair Shampoo & Conditioner,24.0,8.5,3,0.1,64.8,39.3,UPI / Digital Wallet,Shipped
TXN-10917,2023-02-08,CUST-1720,Consumer,South,Electronics,Wearables,Smart Fitness Health Watch,129.0,75.0,1,0.05,122.55,47.55,Cash on Delivery,Cancelled
TXN-12403,2023-10-19,CUST-1429,Corporate,North,Electronics,Accessories,USB-C Multiport Fast Hub,34.0,15.0,2,0.0,68.0,38.0,Debit Card,Delivered
TXN-10562,2023-09-13,CUST-1614,Corporate,South,Electronics,Audio,Bluetooth Portable Speaker,49.0,26.0,2,0.15,83.3,31.3,Credit Card,Pending
TXN-10230,2023-07-08,CUST-1281,Home Office,North,Sports & Outdoors,Camping,Waterproof 4-Person Camping Tent,139.0,88.0,2,0.1,250.2,74.2,Credit Card,Delivered
TXN-11879,2023-05-03,CUST-1214,Home Office,North,Home & Kitchen,Small Appliances,Digital Air Fryer 5.8 Qt,89.0,56.0,1,0.05,84.55,28.55,Cash on Delivery,Shipped
TXN-10694,2023-06-21,CUST-1312,Corporate,  central  ,Home & Kitchen,Small Appliances,Digital Air Fryer 5.8 Qt,89.0,56.0,2,0.05,169.1,57.1,Cash on Delivery,Delivered
TXN-10904,16-10-2023,CUST-1697,Corporate,South,Beauty & Personal Care,Haircare,Argan Oil Repair Shampoo & Conditioner,24.0,8.5,1,0.0,24.0,15.5,UPI / Digital Wallet,Shipped
TXN-12047,06/21/2023,CUST-1429,Consumer,East,Beauty & Personal Care,Skincare,Hydrating Hyaluronic Acid Serum,29.0,9.5,1,0.0,29.0,19.5,Credit Card,Shipped
TXN-11761,08/18/2023,CUST-1630,Consumer,South,Beauty & Personal Care,Skincare,Hydrating Hyaluronic Acid Serum,29.0,9.5,2,0.05,55.1,36.1,Credit Card,Shipped
TXN-11217,2023-05-09,CUST-1225,Consumer,Central,Sports & Outdoors,Outdoor Gear,Tactical Multi-Pocket Hiking Backpack,68.0,36.0,1,0.15,57.8,21.8,Net Banking,Delivered
TXN-10706,2023-10-01,CUST-1309,Consumer,North,Sports & Outdoors,Strength Training,Adjustable Quick-Select Dumbbell Set,159.0,102.0,2,0.0,318.0,114.0,Credit Card,Delivered
TXN-10425,2023-03-25,CUST-1553,Corporate,West,Home & Kitchen,Cleaning,Robot Smart Vacuum Cleaner,279.0,215.0,1,0.0,279.0,64.0,Debit Card,Shipped
TXN-10070,2023-12-12,CUST-1742,Corporate,North,Sports & Outdoors,Hydration,Insulated Vacuum Water Bottle 1L,24.0,9.5,3,0.1,64.8,36.3,Credit Card,Delivered
TXN-11592,2023-10-09,CUST-1946,Consumer,South,Home & Kitchen,Small Appliances,Digital Air Fryer 5.8 Qt,89.0,56.0,1,0.0,89.0,33.0,Credit Card,Pending
TXN-12175,2023-06-04,CUST-1302,Home Office,Central,Beauty & Personal Care,Skincare,Hydrating Hyaluronic Acid Serum,29.0,9.5,2,0.05,55.1,36.1,UPI / Digital Wallet,Pending
TXN-11522,2023-10-27,CUST-1727,Consumer,South,Beauty & Personal Care,Hair Styling,Ionic Salon Hair Dryer,$75.00,36.0,1,0.1,67.5,31.5,Credit Card,Delivered
TXN-12658,11-04-2023,CUST-1374,Consumer,West,Beauty & Personal Care,Hair Styling,Ionic Salon Hair Dryer,75.0,36.0,1,0.15,63.75,27.75,Cash on Delivery,Pending
TXN-10747,05/28/2023,CUST-1174,Home Office,South,Clothing,Women's Apparel,Women's Floral Cotton Dress,59.0,26.0,6,0.0,354.0,198.0,UPI / Digital Wallet,Delivered
TXN-10621,2023-11-06,CUST-1542,Consumer,West, Beauty & Personal Care ,Haircare,Argan Oil Repair Shampoo & Conditioner,24.0,8.5,1,0.2,19.2,10.7,Credit Card,Delivered
TXN-10679,2023-03-03,CUST-1432,Home Office,East,Electronics,Audio,Bluetooth Portable Speaker,49.0,26.0,2,0.15,83.3,31.3,Cash on Delivery,Delivered
TXN-12112,2023-12-28,CUST-1278,Home Office,East,Beauty & Personal Care,Skincare,Revitalizing Night Face Cream,35.0,12.0,1,0.25,26.25,14.25,Cash on Delivery,Shipped
TXN-11365,2023-03-01,CUST-1899,Home Office,West,Electronics,Audio,Bluetooth Portable Speaker,49.0,26.0,1,0.0,49.0,23.0,Net Banking,Delivered
TXN-10820,2023-05-23,CUST-1154,Corporate,South, Beauty & Personal Care ,Skincare,Hydrating Hyaluronic Acid Serum,29.0,9.5,3,0.0,87.0,58.5,Cash on Delivery,Shipped
TXN-11955,2023-01-03,CUST-1480,Home Office,South,Sports & Outdoors,Fitness,Eco-Friendly Yoga Mat with Strap,32.0,14.0,1,0.1,28.8,14.8,Cash on Delivery,Delivered
TXN-12015,2023-10-17,CUST-1410,Home Office,West, Beauty & Personal Care ,Oral Care,Rechargeable Sonic Electric Toothbrush,69.0,34.0,6,0.0,414.0,210.0,Credit Card,Delivered
TXN-12188,27-07-2023,CUST-1870,Consumer,North,Electronics,Audio,Bluetooth Portable Speaker,49.0,26.0,1,0.0,49.0,23.0,Credit Card,Delivered
TXN-12115,19-07-2023,CUST-1762,Consumer,EAST,Beauty & Personal Care,Oral Care,Rechargeable Sonic Electric Toothbrush,69.0,34.0,5,0.05,327.75,157.75,UPI / Digital Wallet,Shipped
TXN-10280,2023-03-18,CUST-1670,Consumer,East,Clothing,Outerwear,Fleece Zip Hooded Sweatshirt,45.0,21.0,1,0.15,38.25,17.25,Cash on Delivery,Pending
TXN-11419,2023-08-28,CUST-1799,Consumer,West,Beauty & Personal Care,Skincare,Hydrating Hyaluronic Acid Serum,29.0,9.5,3,0.0,87.0,58.5,Cash on Delivery,Delivered
TXN-12682,2023-01-05,CUST-1863,Home Office,South,Home & Kitchen,Storage,Glass Food Storage Containers (Set of 6),28.0,13.0,2,0.05,53.2,27.2,UPI / Digital Wallet,Delivered
TXN-10728,2023-09-11,CUST-1394,Consumer,West,Electronics,Smartphones,Smartphone Pro 128GB,799.0,610.0,3,0.1,2157.3,327.3,Debit Card,Delivered
TXN-12207,03/03/2023,CUST-1965,Consumer,West,Electronics,Accessories,USB-C Multiport Fast Hub,34.0,15.0,2,0.0,68.0,38.0,Debit Card,Pending
TXN-11903,2023-10-21,CUST-1489,Home Office,CENTRAL,Home & Kitchen,Storage,Glass Food Storage Containers (Set of 6),28.0,13.0,4,0.05,106.4,54.4,UPI / Digital Wallet,Delivered
TXN-10766,2023-04-12,CUST-1171,Corporate,North,Home & Kitchen,Small Appliances,Digital Air Fryer 5.8 Qt,89.0,56.0,3,0.0,267.0,99.0,,Delivered
TXN-10597,2023-12-04,CUST-1989,Consumer,South,Electronics,Accessories,USB-C Multiport Fast Hub,34.0,15.0,3,0.25,76.5,31.5,Net Banking,Shipped
TXN-11531,2023-07-06,CUST-1147,Consumer,East,Electronics,Television,Ultra HD Smart LED TV 55-inch,649.0,490.0,1,0.05,616.55,126.55,Debit Card,Shipped
TXN-12006,2023-07-18,CUST-1477,Home Office,East,Electronics,Audio,Bluetooth Portable Speaker,49.0,26.0,3,0.0,147.0,69.0,Credit Card,Cancelled
TXN-12571,,CUST-1770,Home Office,East,Clothing,Women's Apparel,Women's Floral Cotton Dress,59.0,26.0,2,0.0,118.0,66.0,UPI / Digital Wallet,Delivered
TXN-10441,12-12-2023,CUST-1800,Home Office,North,Electronics,Audio,Noise-Canceling Wireless Headphones,179.0,110.0,1,0.2,143.2,33.2,Debit Card,Cancelled
TXN-10509,01/25/2023,CUST-1432,Consumer,South,Sports & Outdoors,Outdoor Gear,Tactical Multi-Pocket Hiking Backpack,68.0,36.0,1,0.05,64.6,28.6,Cash on Delivery,Delivered
TXN-10077,2023-08-20,CUST-1112,Home Office,North, Home & Kitchen ,Bedding,Orthopedic Memory Foam Pillow,39.0,18.0,1,0.15,33.15,15.15,Net Banking,Delivered
TXN-11711,27-09-2023,CUST-1558,Consumer,North,Sports & Outdoors,Outdoor Gear,Tactical Multi-Pocket Hiking Backpack,68.0,36.0,2,0.05,129.2,57.2,Cash on Delivery,Cancelled
TXN-10650,08-06-2023,CUST-1147,Consumer,West, Home & Kitchen ,Cleaning,Robot Smart Vacuum Cleaner,279.0,215.0,3,0.0,837.0,192.0,Cash on Delivery,Delivered
TXN-10523,2023-11-11,CUST-1093,Corporate,West,Sports & Outdoors,Strength Training,Adjustable Quick-Select Dumbbell Set,$159.00,102.0,2,0.05,302.1,98.1,Credit Card,Delivered
TXN-11377,28-10-2023,CUST-1029,Home Office,East,Home & Kitchen,Cleaning,Robot Smart Vacuum Cleaner,279.0,215.0,2,0.1,502.2,72.2,Cash on Delivery,Delivered
TXN-12017,25-03-2023,CUST-1916,Home Office,Central,Electronics,Audio,Bluetooth Portable Speaker,49.0,26.0,1,0.0,49.0,23.0,Debit Card,Cancelled
TXN-11350,2023-02-24,CUST-1885,Corporate,South,Clothing,Outerwear,Fleece Zip Hooded Sweatshirt,45.0,21.0,1,0.1,40.5,19.5,UPI / Digital Wallet,Shipped
TXN-11682,2023-09-26,CUST-1975,Corporate,East, Beauty & Personal Care ,Hair Styling,Ionic Salon Hair Dryer,75.0,36.0,2,0.0,150.0,78.0,Credit Card,Delivered
TXN-12333,01/12/2023,CUST-1479,Home Office,North,Clothing,Footwear,Breathable Mesh Running Shoes,79.0,39.0,3,0.0,237.0,120.0,Debit Card,Delivered
TXN-12173,11/02/2023,CUST-1808,Corporate,East,Clothing,Footwear,Breathable Mesh Running Shoes,79.0,39.0,1,0.15,67.15,28.15,Debit Card,Delivered
TXN-11487,2023-10-02,CUST-1581,Home Office,West,Home & Kitchen,Coffee Makers,Automatic Espresso & Cappuccino Maker,229.0,155.0,1,0.0,229.0,74.0,UPI / Digital Wallet,Delivered
TXN-10631,2023-01-07,CUST-1828,Consumer,North,Beauty & Personal Care,Skincare,Hydrating Hyaluronic Acid Serum,29.0,9.5,1,0.1,26.1,16.6,Credit Card,Cancelled
TXN-11427,2023-12-31,CUST-1398,Corporate,  central  ,Sports & Outdoors,Strength Training,Adjustable Quick-Select Dumbbell Set,159.0,102.0,1,0.25,119.25,17.25,Debit Card,Delivered
TXN-11363,2023-07-14,CUST-1211,Consumer,North,Sports & Outdoors,Fitness,Eco-Friendly Yoga Mat with Strap,32.0,14.0,-1,0.1,28.8,14.8,UPI / Digital Wallet,Pending
TXN-10756,2023-08-15,CUST-1829,Corporate,  east  ,Home & Kitchen,Cookware,Stainless Steel 10-Piece Cookware Set,169.0,112.0,1,0.0,169.0,57.0,Debit Card,Delivered
TXN-10483,2023-08-26,CUST-1997,Home Office,West,Beauty & Personal Care,Oral Care,Rechargeable Sonic Electric Toothbrush,69.0,34.0,1,0.0,69.0,35.0,Net Banking,Delivered
TXN-11732,18-02-2023,CUST-1332,Corporate,East, Electronics ,Audio,Noise-Canceling Wireless Headphones,179.0,110.0,2,0.05,340.1,120.1,UPI / Digital Wallet,Cancelled
TXN-11317,2023-08-12,CUST-1145,Consumer,  south  ,Sports & Outdoors,Strength Training,Adjustable Quick-Select Dumbbell Set,159.0,102.0,1,0.0,159.0,57.0,Credit Card,Delivered
TXN-12423,2023-04-10,CUST-1075,Home Office,South,Clothing,Men's Apparel,Men's Slim Fit Denim Jeans,49.0,22.0,3,0.1,132.3,66.3,Credit Card,Delivered
TXN-11456,2023-05-21,CUST-1974,Corporate,West, Home & Kitchen ,Coffee Makers,Automatic Espresso & Cappuccino Maker,229.0,155.0,1,0.15,194.65,39.65,Cash on Delivery,Delivered
TXN-10439,02/27/2023,CUST-1782,Consumer,West,Electronics,Audio,Noise-Canceling Wireless Headphones,179.0,110.0,1,0.1,161.1,51.1,Debit Card,Delivered
TXN-12124,2023-09-27,CUST-1136,Consumer,North,Home & Kitchen,Cleaning,Robot Smart Vacuum Cleaner,279.0,215.0,1,0.15,237.15,22.15,Net Banking,Shipped
TXN-11393,01/03/2023,CUST-1627,Consumer,Central, Electronics ,Smartphones,Smartphone Pro 128GB,799.0,610.0,2,0.15,1358.3,138.3,Credit Card,Delivered
TXN-12395,11/01/2023,CUST-1978,Home Office,Central,Electronics,Accessories,USB-C Multiport Fast Hub,34.0,15.0,2,0.2,54.4,24.4,Cash on Delivery,Delivered
TXN-10167,2023-02-05,CUST-1710,Consumer,West,Sports & Outdoors,Camping,Waterproof 4-Person Camping Tent,139.0,88.0,3,0.1,375.3,111.3,UPI / Digital Wallet,Delivered
TXN-10060,20-06-2023,CUST-1354,Corporate,West,Home & Kitchen,Cleaning,Robot Smart Vacuum Cleaner,279.0,215.0,3,0.1,753.3,108.3,Debit Card,Cancelled
TXN-10612,2023-09-21,CUST-1542,Consumer,West,Sports & Outdoors,Outdoor Gear,Tactical Multi-Pocket Hiking Backpack,68.0,36.0,1,0.0,68.0,32.0,Debit Card,Cancelled
TXN-10531,2023-06-18,CUST-1530,Home Office,North,Home & Kitchen,Storage,Glass Food Storage Containers (Set of 6),28.0,13.0,1,0.0,28.0,15.0,Credit Card,Pending
TXN-12085,2023-03-14,CUST-1191,Home Office,Central,Home & Kitchen,Bedding,Orthopedic Memory Foam Pillow,39.0,18.0,3,0.05,111.15,57.15,Debit Card,Cancelled
TXN-10050,2023-11-02,CUST-1621,Corporate,West,Clothing,Men's Apparel,Men's Slim Fit Denim Jeans,49.0,22.0,3,0.15,124.95,58.95,UPI / Digital Wallet,Pending
TXN-11337,2023-12-01,CUST-1460,Home Office,North, Beauty & Personal Care ,Hair Styling,Ionic Salon Hair Dryer,75.0,36.0,4,0.25,225.0,81.0,Cash on Delivery,Delivered
TXN-10803,2023-05-17,CUST-1282,Consumer,North,Home & Kitchen,Small Appliances,Digital Air Fryer 5.8 Qt,89.0,56.0,2,0.05,169.1,57.1,Debit Card,Delivered
TXN-10808,24-02-2023,CUST-1646,Home Office,Central,Beauty & Personal Care,Oral Care,Rechargeable Sonic Electric Toothbrush,69.0,34.0,3,0.05,196.65,94.65,Net Banking,Shipped
TXN-10049,2023-05-10,CUST-1053,Corporate,  west  ,Sports & Outdoors,Hydration,Insulated Vacuum Water Bottle 1L,24.0,9.5,2,0.0,48.0,29.0,Credit Card,Pending
TXN-10720,2023-02-01,CUST-1900,Home Office,Central,Clothing,Men's Apparel,Men's Slim Fit Denim Jeans,49.0,22.0,2,0.15,83.3,39.3,Credit Card,Delivered
TXN-11056,2023-08-29,CUST-1641,Home Office,West,Electronics,Laptops & PCs,Ultra-Slim 14-inch Laptop,950.0,740.0,1,0.0,950.0,210.0,Net Banking,Pending
TXN-12582,,CUST-1159,Corporate,West,Home & Kitchen,Cookware,Stainless Steel 10-Piece Cookware Set,169.0,112.0,1,0.15,143.65,31.65,UPI / Digital Wallet,Cancelled
TXN-12121,2023-11-17,CUST-1561,Home Office,North,Clothing,Women's Apparel,Women's Floral Cotton Dress,59.0,26.0,2,0.15,100.3,48.3,Net Banking,Cancelled
TXN-11045,12/17/2023,CUST-1180,Consumer,South,Home & Kitchen,Cookware,Stainless Steel 10-Piece Cookware Set,169.0,112.0,1,0.05,160.55,48.55,Debit Card,Shipped
TXN-10633,2023-11-18,CUST-1274,Corporate,Central, Electronics ,Smartphones,Smartphone Pro 128GB,799.0,610.0,3,0.0,2397.0,567.0,Credit Card,Pending
TXN-11584,2023-12-01,CUST-1131,Home Office,South,Beauty & Personal Care,Skincare,Hydrating Hyaluronic Acid Serum,29.0,9.5,2,0.25,43.5,24.5,UPI / Digital Wallet,Cancelled
TXN-10999,2023-03-25,CUST-1249,Consumer,East,Beauty & Personal Care,Skincare,Hydrating Hyaluronic Acid Serum,$29.00,9.5,2,0.0,58.0,39.0,Cash on Delivery,Shipped
TXN-12738,2023-12-31,CUST-1460,Consumer,Central,Beauty & Personal Care,Skincare,Hydrating Hyaluronic Acid Serum,29.0,9.5,2,0.05,55.1,36.1,Debit Card,Shipped
TXN-10026,2023-04-25,CUST-1234,Corporate,East,Electronics,Smartphones,Smartphone Pro 128GB,799.0,610.0,2,0.1,1438.2,218.2,Credit Card,Delivered
TXN-10868,06/29/2023,CUST-1498,Consumer,South,Clothing,Men's Apparel,Classic Organic Cotton T-Shirt,22.0,8.5,3,0.05,62.7,37.2,UPI / Digital Wallet,Delivered
TXN-11160,2023-11-01,CUST-1307,Home Office,South,Sports & Outdoors,Fitness,Eco-Friendly Yoga Mat with Strap,32.0,14.0,2,0.0,64.0,36.0,Cash on Delivery,Cancelled
TXN-10277,2023-08-19,CUST-1498,Consumer,Central,Clothing,Men's Apparel,Classic Organic Cotton T-Shirt,$22.00,8.5,2,0.05,41.8,24.8,Net Banking,Pending
TXN-12231,2023-08-02,CUST-1515,Consumer,South,Sports & Outdoors,Fitness,Eco-Friendly Yoga Mat with Strap,32.0,14.0,2,0.05,60.8,32.8,Cash on Delivery,Delivered
TXN-10782,2023-03-09,CUST-1774,Corporate,South,Clothing,Footwear,Breathable Mesh Running Shoes,79.0,39.0,1,0.05,75.05,36.05,Debit Card,Pending
TXN-12010,2023-12-22,CUST-1353,Consumer,  north  ,Electronics,Laptops & PCs,Ultra-Slim 14-inch Laptop,950.0,740.0,4,0.05,3610.0,650.0,Cash on Delivery,Delivered
TXN-10362,2023-04-10,CUST-1298,Home Office,North,Electronics,Smartphones,Smartphone Pro 128GB,799.0,610.0,1,0.1,719.1,109.1,,Pending
TXN-11615,2023-08-02,CUST-1635,Corporate,West,Home & Kitchen,Cookware,Stainless Steel 10-Piece Cookware Set,169.0,112.0,1,0.05,160.55,48.55,Debit Card,Delivered
TXN-12354,03/10/2023,CUST-1807,Corporate,Central,Beauty & Personal Care,Skincare,Revitalizing Night Face Cream,$35.00,12.0,1,0.0,35.0,23.0,Net Banking,Delivered
TXN-11502,2023-07-15,CUST-1040,Home Office,East,Clothing,Clearance,Budget Graphic Polyester Tee,14.0,13.5,3,0.5,21.0,-19.5,Credit Card,Delivered
TXN-12203,2023-06-21,CUST-1115,Corporate,CENTRAL,Beauty & Personal Care,Skincare,Hydrating Hyaluronic Acid Serum,29.0,9.5,1,0.0,29.0,19.5,Credit Card,Delivered
TXN-11877,11/22/2023,CUST-1526,Corporate,South,Home & Kitchen,Coffee Makers,Automatic Espresso & Cappuccino Maker,229.0,155.0,2,0.0,458.0,148.0,Net Banking,Shipped
TXN-12130,2023-01-09,CUST-1094,Corporate,South,Beauty & Personal Care,Oral Care,Rechargeable Sonic Electric Toothbrush,69.0,34.0,1,0.1,62.1,28.1,Cash on Delivery,Delivered
TXN-12540,10/27/2023,CUST-1956,Home Office,North,Electronics,Audio,Noise-Canceling Wireless Headphones,179.0,110.0,1,0.0,179.0,69.0,UPI / Digital Wallet,Shipped
TXN-10298,2023-03-01,CUST-1970,Home Office,Central,Sports & Outdoors,Strength Training,Adjustable Quick-Select Dumbbell Set,159.0,102.0,2,0.05,302.1,98.1,UPI / Digital Wallet,Cancelled
TXN-11136,2023-01-17,CUST-1633,Corporate,Central,Home & Kitchen,Small Appliances,Digital Air Fryer 5.8 Qt,89.0,56.0,1,0.05,84.55,28.55,Debit Card,Delivered
TXN-10241,2023-06-14,CUST-1015,Home Office,North,Sports & Outdoors,Fitness,Eco-Friendly Yoga Mat with Strap,32.0,14.0,3,0.0,96.0,54.0,Credit Card,Cancelled
TXN-11930,11/06/2023,CUST-1410,Home Office,Central,Sports & Outdoors,Outdoor Gear,Tactical Multi-Pocket Hiking Backpack,68.0,36.0,2,0.2,108.8,36.8,Net Banking,Delivered
TXN-10583,2023-03-01,CUST-1457,Consumer,South,Home & Kitchen,Coffee Makers,Automatic Espresso & Cappuccino Maker,$229.00,155.0,2,0.0,458.0,148.0,Debit Card,Cancelled
TXN-11595,04/06/2023,CUST-1839,Corporate,West,Electronics,Audio,Bluetooth Portable Speaker,49.0,26.0,2,0.0,98.0,46.0,,Shipped
TXN-11941,07/26/2023,CUST-1423,Consumer,North,Home & Kitchen,Cookware,Stainless Steel 10-Piece Cookware Set,169.0,112.0,1,0.15,143.65,31.65,Debit Card,Pending
TXN-11504,2023-04-01,CUST-1418,Home Office,Central,Electronics,Wearables,Smart Fitness Health Watch,129.0,75.0,3,0.1,348.3,123.3,Net Banking,Cancelled
TXN-11503,2023-01-26,CUST-1767,Consumer,West,Clothing,Women's Apparel,Women's Floral Cotton Dress,59.0,26.0,1,0.15,50.15,24.15,Debit Card,Shipped
TXN-10351,2023-10-20,CUST-1962,Consumer,CENTRAL,Home & Kitchen,Bedding,Orthopedic Memory Foam Pillow,39.0,18.0,2,0.0,78.0,42.0,Cash on Delivery,Shipped
TXN-12597,2023-01-03,CUST-1399,Consumer,South,Sports & Outdoors,Hydration,Insulated Vacuum Water Bottle 1L,24.0,9.5,2,0.0,48.0,29.0,Credit Card,Cancelled
TXN-11101,2023-11-07,CUST-1734,Home Office,  east  ,Beauty & Personal Care,Haircare,Argan Oil Repair Shampoo & Conditioner,24.0,8.5,1,0.2,19.2,10.7,Net Banking,Pending
TXN-10350,2023-04-15,CUST-1776,Corporate,Central,Electronics,Audio,Noise-Canceling Wireless Headphones,179.0,110.0,1,0.1,161.1,51.1,UPI / Digital Wallet,Shipped
TXN-10880,12-05-2023,CUST-1537,Consumer,Central,Electronics,Smartphones,Smartphone Pro 128GB,$799.00,610.0,3,0.0,2397.0,567.0,UPI / Digital Wallet,Delivered
TXN-12431,,CUST-1823,Home Office,West,Home & Kitchen,Small Appliances,Digital Air Fryer 5.8 Qt,89.0,56.0,3,0.15,226.95,58.95,Debit Card,Pending
TXN-11197,2023-11-10,CUST-1241,Home Office,Central,Beauty & Personal Care,Haircare,Argan Oil Repair Shampoo & Conditioner,24.0,8.5,1,0.0,24.0,15.5,Credit Card,Shipped
TXN-11015,2023-05-13,CUST-1133,Consumer,West,Electronics,Accessories,USB-C Multiport Fast Hub,34.0,15.0,2,0.05,64.6,34.6,Cash on Delivery,Delivered
TXN-11033,2023-02-26,CUST-1424,Consumer,East, Sports & Outdoors ,Outdoor Gear,Tactical Multi-Pocket Hiking Backpack,68.0,36.0,1,0.05,64.6,28.6,Cash on Delivery,Delivered
TXN-10658,10/20/2023,CUST-1710,Consumer,South,Electronics,Smartphones,Smartphone Pro 128GB,799.0,610.0,2,0.15,1358.3,138.3,Net Banking,Pending
TXN-11722,2023-05-24,CUST-1068,Home Office,East,Clothing,Clearance,Budget Graphic Polyester Tee,14.0,13.5,2,0.5,14.0,-13.0,Debit Card,Cancelled
TXN-11809,2023-10-29,CUST-1919,Consumer,East,Sports & Outdoors,Strength Training,Adjustable Quick-Select Dumbbell Set,159.0,102.0,2,0.0,318.0,114.0,Net Banking,Cancelled
TXN-12478,2023-12-23,CUST-1197,Corporate,North,Sports & Outdoors,Outdoor Gear,Tactical Multi-Pocket Hiking Backpack,68.0,36.0,1,0.1,61.2,25.2,Net Banking,Delivered
TXN-12535,2023-03-13,CUST-1229,Consumer,West,Home & Kitchen,Bedding,Orthopedic Memory Foam Pillow,39.0,18.0,3,0.0,117.0,63.0,UPI / Digital Wallet,Delivered
TXN-10979,16-12-2023,CUST-1716,Corporate,East,Sports & Outdoors,Strength Training,Adjustable Quick-Select Dumbbell Set,159.0,102.0,1,0.05,151.05,49.05,Cash on Delivery,Delivered
TXN-11564,2023-05-18,CUST-1830,Consumer,West, Electronics ,Television,Ultra HD Smart LED TV 55-inch,649.0,490.0,4,0.15,2206.6,246.6,Debit Card,Delivered
TXN-10966,2023-11-27,CUST-1417,Corporate,  central  ,Beauty & Personal Care,Haircare,Argan Oil Repair Shampoo & Conditioner,24.0,8.5,1,0.2,19.2,10.7,Cash on Delivery,Delivered
TXN-11526,2023-05-20,CUST-1975,Home Office,West,Clothing,Outerwear,Fleece Zip Hooded Sweatshirt,45.0,21.0,2,0.05,85.5,43.5,Credit Card,Pending
TXN-12381,2023-06-25,CUST-1688,Corporate,  west  ,Sports & Outdoors,Hydration,Insulated Vacuum Water Bottle 1L,24.0,9.5,2,0.15,40.8,21.8,UPI / Digital Wallet,Delivered
TXN-10539,08-04-2023,CUST-1814,Home Office,EAST,Electronics,Wearables,Smart Fitness Health Watch,129.0,75.0,2,0.05,245.1,95.1,Cash on Delivery,Cancelled
TXN-11819,2023-12-22,CUST-1108,Consumer,North,Beauty & Personal Care,Haircare,Argan Oil Repair Shampoo & Conditioner,24.0,8.5,1,0.2,19.2,10.7,Credit Card,Cancelled
TXN-11798,2023-09-15,CUST-1293,Consumer,East,Beauty & Personal Care,Skincare,Revitalizing Night Face Cream,$35.00,12.0,1,0.15,29.75,17.75,Cash on Delivery,Cancelled
TXN-12243,2023-06-18,CUST-1807,Home Office,West,Clothing,Men's Apparel,Classic Organic Cotton T-Shirt,22.0,8.5,2,0.05,41.8,24.8,Cash on Delivery,Cancelled
TXN-11755,07/15/2023,CUST-1401,Consumer,South,Electronics,Accessories,USB-C Multiport Fast Hub,34.0,15.0,2,0.0,68.0,38.0,UPI / Digital Wallet,Cancelled
TXN-12546,2023-04-24,CUST-1482,Corporate,West,Sports & Outdoors,Hydration,Insulated Vacuum Water Bottle 1L,24.0,9.5,3,0.0,72.0,43.5,Credit Card,Delivered
TXN-11833,2023-08-05,CUST-1698,Consumer,Central,Home & Kitchen,Coffee Makers,Automatic Espresso & Cappuccino Maker,229.0,155.0,4,0.1,824.4,204.4,Net Banking,Shipped
TXN-11616,2023-07-21,CUST-1784,Consumer,East,Home & Kitchen,Cookware,Stainless Steel 10-Piece Cookware Set,169.0,112.0,2,0.0,338.0,114.0,Net Banking,Pending
TXN-12768,2023-12-11,CUST-1854,Consumer,East,Clothing,Men's Apparel,Men's Slim Fit Denim Jeans,49.0,22.0,3,0.25,110.25,44.25,Credit Card,Cancelled
TXN-11810,02/16/2023,CUST-1209,Home Office,Central,Electronics,Wearables,Smart Fitness Health Watch,129.0,75.0,4,0.0,516.0,216.0,Debit Card,Delivered
TXN-12027,2023-12-18,CUST-1591,Home Office,North, Home & Kitchen ,Cleaning,Robot Smart Vacuum Cleaner,279.0,215.0,2,0.2,446.4,16.4,Cash on Delivery,Delivered
TXN-11767,22-12-2023,CUST-1350,Home Office,Central,Sports & Outdoors,Camping,Waterproof 4-Person Camping Tent,139.0,88.0,3,0.25,312.75,48.75,Net Banking,Delivered
TXN-10124,2023-11-07,CUST-1153,Consumer,East,Electronics,Television,Ultra HD Smart LED TV 55-inch,649.0,490.0,1,0.2,519.2,29.2,Cash on Delivery,Pending
TXN-11818,2023-04-05,CUST-1760,Home Office,  west  ,Beauty & Personal Care,Skincare,Hydrating Hyaluronic Acid Serum,29.0,9.5,2,0.0,58.0,39.0,Net Banking,Delivered
TXN-11042,2023-06-19,CUST-1909,Home Office,South,Electronics,Audio,Bluetooth Portable Speaker,49.0,26.0,1,0.15,41.65,15.65,UPI / Digital Wallet,Delivered
TXN-10619,2023-06-05,CUST-1053,Home Office,  east  , Electronics ,Audio,Bluetooth Portable Speaker,49.0,26.0,1,0.05,46.55,20.55,Cash on Delivery,Delivered
TXN-10407,2023-10-16,CUST-1005,Home Office,East,Home & Kitchen,Bedding,Orthopedic Memory Foam Pillow,39.0,18.0,5,0.15,165.75,75.75,Net Banking,Delivered
TXN-11714,2023-01-13,CUST-1304,Home Office,East,Home & Kitchen,Cleaning,Robot Smart Vacuum Cleaner,279.0,215.0,3,0.15,711.45,66.45,Net Banking,Delivered
TXN-12463,2023-04-28,CUST-1868,Corporate,East,Home & Kitchen,Storage,Glass Food Storage Containers (Set of 6),28.0,13.0,1,0.0,28.0,15.0,Credit Card,Delivered
TXN-11438,2023-06-23,CUST-1728,Home Office,North,Clothing,Outerwear,Fleece Zip Hooded Sweatshirt,45.0,21.0,1,0.1,40.5,19.5,Credit Card,Delivered
TXN-10498,2023-06-24,CUST-1486,Corporate,East,Clothing,Footwear,Breathable Mesh Running Shoes,79.0,39.0,2,0.0,158.0,80.0,Cash on Delivery,Delivered
TXN-12020,2023-07-24,CUST-1064,Consumer,North,Electronics,Wearables,Smart Fitness Health Watch,129.0,75.0,1,0.15,109.65,34.65,Debit Card,Shipped
TXN-10343,06-04-2023,CUST-1091,Home Office,Central,Electronics,Wearables,Smart Fitness Health Watch,129.0,75.0,2,0.1,232.2,82.2,Credit Card,Delivered
TXN-12139,2023-04-06,CUST-1115,Consumer,WEST,Sports & Outdoors,Camping,Waterproof 4-Person Camping Tent,139.0,88.0,1,0.05,132.05,44.05,Debit Card,Pending
TXN-10783,2023-02-17,CUST-1271,Home Office,East,Home & Kitchen,Coffee Makers,Automatic Espresso & Cappuccino Maker,229.0,155.0,1,0.05,217.55,62.55,Net Banking,Shipped
TXN-12235,2023-12-02,CUST-1967,Home Office,South,Electronics,Audio,Noise-Canceling Wireless Headphones,179.0,110.0,2,0.2,286.4,66.4,UPI / Digital Wallet,Delivered
TXN-10300,2023-02-17,CUST-1295,Home Office,North,Clothing,Clearance,Budget Graphic Polyester Tee,14.0,13.5,2,0.4,16.8,-10.2,Debit Card,Shipped
TXN-12317,2023-01-06,CUST-1883,Consumer,East,Electronics,Wearables,Smart Fitness Health Watch,129.0,75.0,2,0.0,258.0,108.0,UPI / Digital Wallet,Cancelled
TXN-12610,03-04-2023,CUST-1789,Home Office,West,Home & Kitchen,Small Appliances,Digital Air Fryer 5.8 Qt,89.0,56.0,2,0.05,169.1,57.1,UPI / Digital Wallet,Delivered
TXN-10987,2023-07-26,CUST-1555,Home Office,East,Sports & Outdoors,Outdoor Gear,Tactical Multi-Pocket Hiking Backpack,68.0,36.0,2,0.15,115.6,43.6,Net Banking,Cancelled
TXN-11581,2023-04-23,CUST-1136,Consumer,Central,Home & Kitchen,Coffee Makers,Automatic Espresso & Cappuccino Maker,229.0,155.0,3,0.15,583.95,118.95,Cash on Delivery,Pending
TXN-11917,27-06-2023,CUST-1706,Corporate,South,Electronics,Accessories,USB-C Multiport Fast Hub,34.0,15.0,2,0.15,57.8,27.8,Cash on Delivery,Delivered
TXN-12367,12/14/2023,CUST-1459,Corporate,South,Home & Kitchen,Small Appliances,Digital Air Fryer 5.8 Qt,89.0,56.0,2,0.1,160.2,48.2,Cash on Delivery,Delivered
TXN-10221,15-07-2023,CUST-1907,Corporate,East, Clothing ,Outerwear,Fleece Zip Hooded Sweatshirt,45.0,21.0,1,0.0,45.0,24.0,Cash on Delivery,Delivered
TXN-11466,29-07-2023,CUST-1138,Home Office,NORTH,Clothing,Clearance,Budget Graphic Polyester Tee,$14.00,13.5,1,0.4,8.4,-5.1,UPI / Digital Wallet,Shipped
TXN-10846,2023-07-26,CUST-1314,Corporate,Central, Beauty & Personal Care ,Haircare,Argan Oil Repair Shampoo & Conditioner,24.0,8.5,1,0.05,22.8,14.3,Credit Card,Delivered
TXN-10450,2023-09-07,CUST-1399,Home Office,Central,Sports & Outdoors,Fitness,Eco-Friendly Yoga Mat with Strap,32.0,14.0,1,0.1,28.8,14.8,Net Banking,Pending
TXN-11929,2023-12-11,CUST-1115,Corporate,SOUTH,Sports & Outdoors,Hydration,Insulated Vacuum Water Bottle 1L,24.0,9.5,1,0.05,22.8,13.3,Debit Card,Delivered
TXN-10680,2023-07-26,CUST-1862,Corporate,North,Electronics,Laptops & PCs,Ultra-Slim 14-inch Laptop,950.0,740.0,3,0.15,2422.5,202.5,Credit Card,Delivered
TXN-10085,2023-04-21,CUST-1280,Consumer,West,Sports & Outdoors,Fitness,Eco-Friendly Yoga Mat with Strap,$32.00,14.0,-1,0.05,60.8,32.8,UPI / Digital Wallet,Cancelled
TXN-11958,2023-09-03,CUST-1112,Corporate,South,Sports & Outdoors,Fitness,Eco-Friendly Yoga Mat with Strap,32.0,14.0,2,0.0,64.0,36.0,Debit Card,Delivered
TXN-11979,2023-03-17,CUST-1436,Consumer,West,Clothing,Outerwear,Fleece Zip Hooded Sweatshirt,45.0,21.0,1,0.1,40.5,19.5,Credit Card,Delivered
TXN-10622,2023-02-20,CUST-1457,Corporate,East,Electronics,Audio,Noise-Canceling Wireless Headphones,179.0,110.0,4,0.15,608.6,168.6,Cash on Delivery,Delivered
TXN-10267,2023-06-28,CUST-1095,Corporate,East,Clothing,Men's Apparel,Men's Slim Fit Denim Jeans,49.0,22.0,3,0.05,139.65,73.65,UPI / Digital Wallet,Delivered
TXN-11942,2023-04-10,CUST-1819,Corporate,West,Home & Kitchen,Cookware,Stainless Steel 10-Piece Cookware Set,169.0,112.0,1,0.0,169.0,57.0,,Delivered
TXN-10291,2023-07-12,CUST-1008,Corporate,West,Beauty & Personal Care,Haircare,Argan Oil Repair Shampoo & Conditioner,24.0,8.5,1,0.05,22.8,14.3,Credit Card,Delivered
TXN-11117,2023-01-14,CUST-1341,Consumer,North,Electronics,Television,Ultra HD Smart LED TV 55-inch,649.0,490.0,4,0.0,2596.0,636.0,Debit Card,Delivered
TXN-11607,2023-01-18,CUST-1414,Home Office,South,Electronics,Laptops & PCs,Ultra-Slim 14-inch Laptop,950.0,740.0,1,0.0,950.0,210.0,Cash on Delivery,Delivered
TXN-11091,26-03-2023,CUST-1921,Consumer,South,Beauty & Personal Care,Oral Care,Rechargeable Sonic Electric Toothbrush,69.0,34.0,1,0.15,58.65,24.65,Cash on Delivery,Delivered
TXN-10417,2023-06-21,CUST-1902,Consumer,East,Beauty & Personal Care,Hair Styling,Ionic Salon Hair Dryer,75.0,36.0,4,0.15,255.0,111.0,Credit Card,Shipped
TXN-10473,2023-11-07,CUST-1363,Consumer,North,Sports & Outdoors,Strength Training,Adjustable Quick-Select Dumbbell Set,159.0,102.0,2,0.25,238.5,34.5,UPI / Digital Wallet,Pending
TXN-12296,2023-12-17,CUST-1469,Home Office,East,Electronics,Audio,Bluetooth Portable Speaker,49.0,26.0,4,0.1,176.4,72.4,Net Banking,Delivered
TXN-12217,12/21/2023,CUST-1040,Home Office,East,Home & Kitchen,Bedding,Orthopedic Memory Foam Pillow,39.0,18.0,1,0.0,39.0,21.0,Credit Card,Cancelled
TXN-11118,2023-03-01,CUST-1905,Consumer,  north  ,Sports & Outdoors,Strength Training,Adjustable Quick-Select Dumbbell Set,159.0,102.0,1,0.05,151.05,49.05,Credit Card,Delivered
TXN-11473,14-08-2023,CUST-1564,Home Office,Central, Electronics ,Smartphones,Smartphone Pro 128GB,799.0,610.0,8,0.1,5752.8,872.8,Net Banking,Delivered
TXN-12338,2023-02-25,CUST-1420,Home Office,Central,Beauty & Personal Care,Oral Care,Rechargeable Sonic Electric Toothbrush,69.0,34.0,1,0.15,58.65,24.65,Net Banking,Delivered
TXN-12745,10/03/2023,CUST-1100,Corporate,East,Sports & Outdoors,Outdoor Gear,Tactical Multi-Pocket Hiking Backpack,68.0,36.0,1,0.0,68.0,32.0,Net Banking,Delivered
TXN-10655,2023-03-16,CUST-1482,Home Office,North,Beauty & Personal Care,Haircare,Argan Oil Repair Shampoo & Conditioner,24.0,8.5,1,0.15,20.4,11.9,Cash on Delivery,Delivered
TXN-12223,2023-11-01,CUST-1423,Corporate,South,Clothing,Outerwear,Fleece Zip Hooded Sweatshirt,45.0,21.0,3,0.2,108.0,45.0,UPI / Digital Wallet,Pending
TXN-12135,2023-04-20,CUST-1506,Corporate,Central,Beauty & Personal Care,Skincare,Revitalizing Night Face Cream,35.0,12.0,5,0.0,175.0,115.0,Net Banking,Delivered
TXN-12673,2023-10-30,CUST-1976,Home Office,Central,Electronics,Audio,Bluetooth Portable Speaker,49.0,26.0,3,0.1,132.3,54.3,Credit Card,Delivered
TXN-10822,05/07/2023,CUST-1536,Consumer,South,Clothing,Men's Apparel,Men's Slim Fit Denim Jeans,49.0,22.0,1,0.0,49.0,27.0,Cash on Delivery,Delivered
TXN-10344,2023-06-04,CUST-1641,Consumer,East, Clothing ,Men's Apparel,Men's Slim Fit Denim Jeans,49.0,22.0,8,0.15,333.2,157.2,UPI / Digital Wallet,Shipped
TXN-12604,2023-06-26,CUST-1721,Home Office,Central,Clothing,Men's Apparel,Classic Organic Cotton T-Shirt,22.0,8.5,2,0.1,39.6,22.6,,Delivered
TXN-11350,2023-02-24,CUST-1885,Corporate,South,Clothing,Outerwear,Fleece Zip Hooded Sweatshirt,45.0,21.0,1,0.1,40.5,19.5,UPI / Digital Wallet,Shipped
TXN-12663,2023-05-05,CUST-1460,Consumer,East,Beauty & Personal Care,Hair Styling,Ionic Salon Hair Dryer,75.0,36.0,4,0.05,285.0,141.0,Credit Card,Delivered
TXN-10279,2023-12-20,CUST-1913,Home Office,Central,Electronics,Audio,Noise-Canceling Wireless Headphones,$179.00,110.0,2,0.0,358.0,138.0,Credit Card,Pending
TXN-11208,2023-07-07,CUST-1130,Home Office,North,Home & Kitchen,Coffee Makers,Automatic Espresso & Cappuccino Maker,229.0,155.0,3,0.15,583.95,118.95,Credit Card,Delivered
TXN-12401,10/18/2023,CUST-1249,Consumer,East,Clothing,Outerwear,Fleece Zip Hooded Sweatshirt,45.0,21.0,1,0.0,45.0,24.0,Credit Card,Cancelled
TXN-11519,2023-08-31,CUST-1504,,Central,Electronics,Smartphones,Smartphone Pro 128GB,799.0,610.0,1,0.0,799.0,189.0,Credit Card,Cancelled
TXN-11946,2023-03-15,CUST-1614,Home Office,West,Sports & Outdoors,Outdoor Gear,Tactical Multi-Pocket Hiking Backpack,68.0,36.0,1,0.1,61.2,25.2,Net Banking,Cancelled
TXN-10019,2023-12-03,CUST-1430,Home Office,South,Home & Kitchen,Bedding,Orthopedic Memory Foam Pillow,39.0,18.0,1,0.1,35.1,17.1,UPI / Digital Wallet,Delivered
TXN-10614,2023-09-03,CUST-1204,Corporate,West,Beauty & Personal Care,Oral Care,Rechargeable Sonic Electric Toothbrush,69.0,34.0,6,0.0,414.0,210.0,Net Banking,Shipped
TXN-10644,2023-11-20,CUST-1411,Consumer,Central,Electronics,Accessories,USB-C Multiport Fast Hub,34.0,15.0,3,0.2,81.6,36.6,Cash on Delivery,Shipped
TXN-11594,2023-03-06,CUST-1606,Consumer,South,Home & Kitchen,Cleaning,Robot Smart Vacuum Cleaner,279.0,215.0,1,0.0,279.0,64.0,Debit Card,Shipped
TXN-11629,2023-11-14,CUST-1075,Corporate,South,Clothing,Men's Apparel,Men's Slim Fit Denim Jeans,49.0,22.0,1,0.0,49.0,27.0,Net Banking,Cancelled
TXN-11026,07/04/2023,CUST-1829,Home Office,South,Clothing,Clearance,Budget Graphic Polyester Tee,14.0,13.5,2,0.4,16.8,-10.2,Net Banking,Delivered
TXN-11566,2023-03-11,CUST-1499,Corporate,Central,Sports & Outdoors,Camping,Waterproof 4-Person Camping Tent,139.0,88.0,1,0.0,139.0,51.0,Credit Card,Delivered
TXN-11394,2023-03-19,CUST-1643,Corporate,South,Sports & Outdoors,Camping,Waterproof 4-Person Camping Tent,139.0,88.0,1,0.1,125.1,37.1,Net Banking,Cancelled
TXN-11478,2023-09-25,CUST-1980,Corporate,North,Clothing,Women's Apparel,Women's Floral Cotton Dress,59.0,26.0,1,0.1,53.1,27.1,Cash on Delivery,Delivered
TXN-11065,2023-02-16,CUST-1608,Consumer,South,Beauty & Personal Care,Haircare,Argan Oil Repair Shampoo & Conditioner,24.0,8.5,2,0.1,43.2,26.2,Cash on Delivery,Cancelled
TXN-11125,22-04-2023,CUST-1454,Corporate,North,Home & Kitchen,Storage,Glass Food Storage Containers (Set of 6),28.0,13.0,2,0.0,56.0,30.0,Debit Card,Delivered
TXN-10945,2023-05-24,CUST-1983,,South,Beauty & Personal Care,Skincare,Revitalizing Night Face Cream,35.0,12.0,1,0.1,31.5,19.5,Credit Card,Cancelled
TXN-11875,2023-12-04,CUST-1377,Home Office,Central,Sports & Outdoors,Camping,Waterproof 4-Person Camping Tent,139.0,88.0,1,0.25,104.25,16.25,Credit Card,Delivered
TXN-12555,11/10/2023,CUST-1343,Corporate,  west  ,Electronics,Audio,Bluetooth Portable Speaker,49.0,26.0,2,0.05,93.1,41.1,Debit Card,Delivered
TXN-11463,2023-12-04,CUST-1129,Home Office,East,Electronics,Accessories,USB-C Multiport Fast Hub,34.0,15.0,1,0.05,32.3,17.3,,Delivered
TXN-11933,2023-01-17,CUST-1017,Corporate,West,Electronics,Television,Ultra HD Smart LED TV 55-inch,649.0,490.0,1,0.05,616.55,126.55,Debit Card,Delivered
TXN-10681,2023-06-10,CUST-1794,Home Office,East,Home & Kitchen,Coffee Makers,Automatic Espresso & Cappuccino Maker,229.0,155.0,2,0.1,412.2,102.2,Cash on Delivery,Shipped
TXN-10942,2023-03-23,CUST-1582,Corporate,South,Electronics,Audio,Bluetooth Portable Speaker,$49.00,26.0,1,0.0,49.0,23.0,UPI / Digital Wallet,Delivered
TXN-11615,2023-08-02,CUST-1635,Corporate,West,Home & Kitchen,Cookware,Stainless Steel 10-Piece Cookware Set,169.0,112.0,1,0.05,160.55,48.55,Debit Card,Delivered
TXN-11777,2023-04-09,CUST-1067,Corporate,South,Home & Kitchen,Small Appliances,Digital Air Fryer 5.8 Qt,89.0,56.0,1,0.05,84.55,28.55,UPI / Digital Wallet,Delivered
TXN-12411,07-06-2023,CUST-1440,Consumer,West,Electronics,Wearables,Smart Fitness Health Watch,129.0,75.0,1,0.15,109.65,34.65,Net Banking,Delivered
TXN-10220,2023-11-04,CUST-1641,Consumer,East,Electronics,Audio,Bluetooth Portable Speaker,49.0,26.0,1,0.05,46.55,20.55,Cash on Delivery,Delivered
TXN-10602,2023-11-04,CUST-1027,Corporate,Central,Electronics,Audio,Bluetooth Portable Speaker,49.0,26.0,2,0.25,73.5,21.5,Credit Card,Delivered
TXN-12443,04-11-2023,CUST-1660,Corporate,South,Home & Kitchen,Bedding,Orthopedic Memory Foam Pillow,39.0,18.0,2,0.15,66.3,30.3,Net Banking,Shipped
TXN-12795,2023-02-16,CUST-1297,Home Office,South,Sports & Outdoors,Outdoor Gear,Tactical Multi-Pocket Hiking Backpack,68.0,36.0,1,0.05,64.6,28.6,UPI / Digital Wallet,Delivered
TXN-10304,2023-11-16,CUST-1389,Corporate,Central,Beauty & Personal Care,Skincare,Hydrating Hyaluronic Acid Serum,29.0,9.5,3,0.05,82.65,54.15,Debit Card,Delivered
TXN-10053,2023-10-19,CUST-1610,Corporate,  west  ,Home & Kitchen,Small Appliances,Digital Air Fryer 5.8 Qt,89.0,56.0,1,0.05,84.55,28.55,Net Banking,Pending
TXN-12510,2023-08-13,CUST-1043,Consumer,North, Electronics ,Television,Ultra HD Smart LED TV 55-inch,$649.00,490.0,1,0.0,649.0,159.0,Debit Card,Pending
TXN-11001,,CUST-1816,Home Office,North,Electronics,Television,Ultra HD Smart LED TV 55-inch,649.0,490.0,2,0.1,1168.2,188.2,Debit Card,Delivered
TXN-11645,2023-06-18,CUST-1730,Consumer,East,Clothing,Men's Apparel,Men's Slim Fit Denim Jeans,49.0,22.0,1,0.15,41.65,19.65,Net Banking,Delivered
TXN-10950,2023-06-21,CUST-1727,Corporate,Central,Home & Kitchen,Coffee Makers,Automatic Espresso & Cappuccino Maker,229.0,155.0,1,0.05,217.55,62.55,Net Banking,Cancelled
TXN-11126,06/17/2023,CUST-1438,Consumer,East,Beauty & Personal Care,Oral Care,Rechargeable Sonic Electric Toothbrush,69.0,34.0,3,0.0,207.0,105.0,Net Banking,Pending
TXN-11685,11/07/2023,CUST-1919,Home Office,West,Home & Kitchen,Cleaning,Robot Smart Vacuum Cleaner,279.0,215.0,2,0.05,530.1,100.1,Credit Card,Shipped
TXN-10345,12-03-2023,CUST-1673,Home Office,Central,Electronics,Audio,Noise-Canceling Wireless Headphones,179.0,110.0,2,0.15,304.3,84.3,Debit Card,Shipped
TXN-10840,2023-10-09,CUST-1131,Consumer,South,Clothing,Men's Apparel,Classic Organic Cotton T-Shirt,22.0,8.5,3,0.0,66.0,40.5,UPI / Digital Wallet,Delivered
TXN-11641,2023-03-15,CUST-1235,Consumer,Central,Home & Kitchen,Cleaning,Robot Smart Vacuum Cleaner,279.0,215.0,1,0.0,279.0,64.0,UPI / Digital Wallet,Delivered
TXN-12036,2023-06-22,CUST-1840,Home Office,North,Home & Kitchen,Bedding,Orthopedic Memory Foam Pillow,39.0,18.0,1,0.05,37.05,19.05,UPI / Digital Wallet,Shipped
TXN-11538,2023-05-16,CUST-1581,Consumer,East,Electronics,Laptops & PCs,Ultra-Slim 14-inch Laptop,950.0,740.0,2,0.05,1805.0,325.0,Credit Card,Cancelled
TXN-11002,12/08/2023,CUST-1366,Consumer,  east  ,Electronics,Laptops & PCs,Ultra-Slim 14-inch Laptop,950.0,740.0,1,0.1,855.0,115.0,Credit Card,Pending
TXN-10648,19-03-2023,CUST-1166,Consumer,South,Beauty & Personal Care,Oral Care,Rechargeable Sonic Electric Toothbrush,69.0,34.0,2,0.0,138.0,70.0,Debit Card,Cancelled
TXN-12493,12/30/2023,CUST-1507,Corporate,South,Electronics,Wearables,Smart Fitness Health Watch,129.0,75.0,1,0.05,122.55,47.55,Net Banking,Cancelled
TXN-11162,2023-09-11,CUST-1046,Corporate,South,Sports & Outdoors,Outdoor Gear,Tactical Multi-Pocket Hiking Backpack,68.0,36.0,2,0.0,136.0,64.0,UPI / Digital Wallet,Cancelled
TXN-11703,05/24/2023,CUST-1347,Corporate,North,Electronics,Wearables,Smart Fitness Health Watch,129.0,75.0,3,0.1,348.3,123.3,Debit Card,Cancelled
TXN-11254,2023-02-14,CUST-1521,Consumer,Central,Sports & Outdoors,Camping,Waterproof 4-Person Camping Tent,139.0,88.0,1,0.1,125.1,37.1,UPI / Digital Wallet,Delivered
TXN-11560,2023-08-19,CUST-1751,Corporate,East,Beauty & Personal Care,Oral Care,Rechargeable Sonic Electric Toothbrush,69.0,34.0,2,0.05,131.1,63.1,Net Banking,Shipped
TXN-11361,09/30/2023,CUST-1879,Consumer,East, Electronics ,Television,Ultra HD Smart LED TV 55-inch,649.0,490.0,3,0.1,1752.3,282.3,UPI / Digital Wallet,Delivered
TXN-12305,2023-08-22,CUST-1937,Home Office,  central  ,Sports & Outdoors,Fitness,Eco-Friendly Yoga Mat with Strap,32.0,14.0,2,0.0,64.0,36.0,Net Banking,Delivered
TXN-11561,2023-05-21,CUST-1442,Corporate,Central,Electronics,Smartphones,Smartphone Pro 128GB,799.0,610.0,1,0.1,719.1,109.1,UPI / Digital Wallet,Pending
TXN-10193,05/03/2023,CUST-1748,,North,Electronics,Laptops & PCs,Ultra-Slim 14-inch Laptop,950.0,740.0,1,0.1,855.0,115.0,Net Banking,Pending
TXN-10802,2023-08-12,CUST-1958,Home Office,East,Clothing,Women's Apparel,Women's Floral Cotton Dress,$59.00,26.0,2,0.0,118.0,66.0,Credit Card,Pending
TXN-10175,06/06/2023,CUST-1245,Corporate,Central,Electronics,Audio,Bluetooth Portable Speaker,49.0,26.0,1,0.0,49.0,23.0,Cash on Delivery,Pending
TXN-10086,2023-03-12,CUST-1217,Consumer,North,Sports & Outdoors,Fitness,Eco-Friendly Yoga Mat with Strap,32.0,14.0,1,0.05,30.4,16.4,Cash on Delivery,Cancelled
TXN-12197,2023-11-18,CUST-1363,Corporate,East,Clothing,Men's Apparel,Men's Slim Fit Denim Jeans,49.0,22.0,0,0.15,41.65,19.65,Credit Card,Cancelled
TXN-11878,2023-01-30,CUST-1463,Corporate,South,Sports & Outdoors,Outdoor Gear,Tactical Multi-Pocket Hiking Backpack,68.0,36.0,2,0.0,136.0,64.0,Cash on Delivery,Delivered
TXN-12245,08-07-2023,CUST-1038,Consumer,  east  ,Home & Kitchen,Cookware,Stainless Steel 10-Piece Cookware Set,169.0,112.0,1,0.1,152.1,40.1,UPI / Digital Wallet,Delivered
TXN-10352,2023-01-26,CUST-1646,Corporate,East, Electronics ,Wearables,Smart Fitness Health Watch,129.0,75.0,1,0.1,116.1,41.1,Cash on Delivery,Delivered
TXN-10669,06/02/2023,CUST-1228,Corporate,West, Electronics ,Wearables,Smart Fitness Health Watch,129.0,75.0,2,0.0,258.0,108.0,Credit Card,Delivered
TXN-12773,2023-12-18,CUST-1023,Consumer,East,Electronics,Accessories,USB-C Multiport Fast Hub,34.0,15.0,1,0.05,32.3,17.3,Credit Card,Shipped
TXN-10129,2023-06-12,CUST-1501,Consumer,East,Home & Kitchen,Coffee Makers,Automatic Espresso & Cappuccino Maker,229.0,155.0,1,0.05,217.55,62.55,Net Banking,Cancelled
TXN-10341,12/22/2023,CUST-1145,Consumer,Central,Electronics,Smartphones,Smartphone Pro 128GB,799.0,610.0,1,0.25,599.25,-10.75,UPI / Digital Wallet,Delivered
TXN-10008,2023-03-20,CUST-1113,Consumer,Central,Beauty & Personal Care,Haircare,Argan Oil Repair Shampoo & Conditioner,24.0,8.5,1,0.1,21.6,13.1,Cash on Delivery,Shipped
TXN-12583,2023-11-12,CUST-1422,Consumer,West,Clothing,Men's Apparel,Men's Slim Fit Denim Jeans,49.0,22.0,2,0.2,78.4,34.4,Cash on Delivery,Pending
TXN-10892,18-08-2023,CUST-1786,Home Office,North, Electronics ,Television,Ultra HD Smart LED TV 55-inch,649.0,490.0,2,0.0,1298.0,318.0,Credit Card,Delivered
TXN-12525,2023-05-02,CUST-1191,Consumer,West,Beauty & Personal Care,Oral Care,Rechargeable Sonic Electric Toothbrush,69.0,34.0,3,0.0,207.0,105.0,Cash on Delivery,Shipped
TXN-11452,,CUST-1897,Home Office,South,Clothing,Footwear,Breathable Mesh Running Shoes,79.0,39.0,3,0.1,213.3,96.3,Cash on Delivery,Delivered
TXN-10308,2023-05-26,CUST-1800,Home Office,West,Clothing,Outerwear,Fleece Zip Hooded Sweatshirt,45.0,21.0,1,0.15,38.25,17.25,Cash on Delivery,Delivered
TXN-10813,2023-01-04,CUST-1072,Corporate,Central,Beauty & Personal Care,Hair Styling,Ionic Salon Hair Dryer,75.0,36.0,1,0.1,67.5,31.5,Cash on Delivery,Delivered
TXN-10638,2023-05-06,CUST-1944,Home Office,Central,Clothing,Clearance,Budget Graphic Polyester Tee,14.0,13.5,1,0.5,7.0,-6.5,Cash on Delivery,Pending
TXN-10384,2023-09-27,CUST-1749,Home Office,  west  ,Sports & Outdoors,Hydration,Insulated Vacuum Water Bottle 1L,24.0,9.5,6,0.05,136.8,79.8,Credit Card,Pending
TXN-11827,2023-11-11,CUST-1934,Corporate,  north  ,Clothing,Men's Apparel,Men's Slim Fit Denim Jeans,49.0,22.0,1,0.15,41.65,19.65,Debit Card,Delivered
TXN-12390,2023-08-11,CUST-1196,Consumer,North,Home & Kitchen,Coffee Makers,Automatic Espresso & Cappuccino Maker,229.0,155.0,2,0.15,389.3,79.3,Credit Card,Delivered
TXN-12628,07/21/2023,CUST-1342,Consumer,Central,Beauty & Personal Care,Skincare,Revitalizing Night Face Cream,35.0,12.0,1,0.0,35.0,23.0,Net Banking,Delivered
TXN-11114,2023-01-04,CUST-1490,Home Office,Central,Clothing,Women's Apparel,Women's Floral Cotton Dress,59.0,26.0,1,0.0,59.0,33.0,Net Banking,Delivered
TXN-11805,2023-12-10,CUST-1410,Home Office,South,Sports & Outdoors,Strength Training,Adjustable Quick-Select Dumbbell Set,159.0,102.0,3,0.2,381.6,75.6,Net Banking,Delivered
TXN-10178,2023-09-11,CUST-1792,Corporate,North,Home & Kitchen,Cleaning,Robot Smart Vacuum Cleaner,279.0,215.0,2,0.15,474.3,44.3,Net Banking,Delivered
TXN-10427,2023-04-23,CUST-1862,Home Office,North,Home & Kitchen,Small Appliances,Digital Air Fryer 5.8 Qt,89.0,56.0,1,0.05,84.55,28.55,Debit Card,Pending
TXN-10495,2023-02-28,CUST-1441,Corporate,South,Beauty & Personal Care,Skincare,Hydrating Hyaluronic Acid Serum,29.0,9.5,1,0.15,24.65,15.15,UPI / Digital Wallet,Delivered
TXN-10184,09/06/2023,CUST-1873,Consumer,North,Sports & Outdoors,Strength Training,Adjustable Quick-Select Dumbbell Set,$159.00,102.0,1,0.0,159.0,57.0,Cash on Delivery,Delivered
TXN-11880,12/02/2023,CUST-1978,Consumer,South,Home & Kitchen,Storage,Glass Food Storage Containers (Set of 6),28.0,13.0,3,0.15,71.4,32.4,Cash on Delivery,Delivered
TXN-11207,2023-05-16,CUST-1725,Consumer,South,Beauty & Personal Care,Hair Styling,Ionic Salon Hair Dryer,$75.00,36.0,0,0.05,142.5,70.5,Net Banking,Delivered
TXN-10185,2023-11-05,CUST-1136,Corporate,North,Electronics,Audio,Noise-Canceling Wireless Headphones,179.0,110.0,-1,0.1,322.2,102.2,Debit Card,Delivered
TXN-12566,2023-04-20,CUST-1912,Home Office,North,Electronics,Laptops & PCs,Ultra-Slim 14-inch Laptop,950.0,740.0,2,0.0,1900.0,420.0,Net Banking,Cancelled
TXN-11229,02-10-2023,CUST-1165,Corporate,East,Electronics,Audio,Noise-Canceling Wireless Headphones,179.0,110.0,2,0.1,322.2,102.2,Debit Card,Shipped
TXN-12299,2023-05-10,CUST-1991,Consumer,West,Electronics,Accessories,USB-C Multiport Fast Hub,34.0,15.0,1,0.1,30.6,15.6,Cash on Delivery,Shipped
TXN-12074,02/14/2023,CUST-1426,Consumer,South,Electronics,Accessories,USB-C Multiport Fast Hub,34.0,15.0,2,0.05,64.6,34.6,Credit Card,Delivered
TXN-10811,2023-07-19,CUST-1670,Corporate,South,Home & Kitchen,Cleaning,Robot Smart Vacuum Cleaner,279.0,215.0,2,0.0,558.0,128.0,UPI / Digital Wallet,Cancelled
TXN-12716,2023-05-19,CUST-1211,Consumer,North,Sports & Outdoors,Fitness,Eco-Friendly Yoga Mat with Strap,32.0,14.0,2,0.05,60.8,32.8,UPI / Digital Wallet,Shipped
TXN-11299,2023-10-25,CUST-1970,Corporate,North, Sports & Outdoors ,Strength Training,Adjustable Quick-Select Dumbbell Set,159.0,102.0,8,0.0,1272.0,456.0,Debit Card,Delivered
TXN-11129,01/29/2023,CUST-1166,Home Office,West,Clothing,Men's Apparel,Classic Organic Cotton T-Shirt,22.0,8.5,1,0.15,18.7,10.2,Cash on Delivery,Cancelled
TXN-12311,2023-03-14,CUST-1146,Home Office,West,Clothing,Men's Apparel,Men's Slim Fit Denim Jeans,49.0,22.0,1,0.1,44.1,22.1,Cash on Delivery,Delivered
TXN-12383,08/28/2023,CUST-1550,Home Office,West,Sports & Outdoors,Strength Training,Adjustable Quick-Select Dumbbell Set,159.0,102.0,2,0.15,270.3,66.3,UPI / Digital Wallet,Delivered
TXN-10490,08/10/2023,CUST-1731,Home Office,Central,Home & Kitchen,Cookware,Stainless Steel 10-Piece Cookware Set,169.0,112.0,3,0.15,430.95,94.95,Net Banking,Delivered
TXN-12227,2023-01-16,CUST-1352,Corporate,West,Electronics,Accessories,USB-C Multiport Fast Hub,34.0,15.0,3,0.1,91.8,46.8,Net Banking,Cancelled
TXN-11418,2023-10-27,CUST-1010,Consumer,Central,Home & Kitchen,Small Appliances,Digital Air Fryer 5.8 Qt,89.0,56.0,1,0.05,84.55,28.55,Credit Card,Delivered
TXN-10691,2023-10-27,CUST-1844,Home Office,EAST,Electronics,Accessories,USB-C Multiport Fast Hub,34.0,15.0,3,0.05,96.9,51.9,Net Banking,Delivered
TXN-12560,03-08-2023,CUST-1441,Consumer,North, Home & Kitchen ,Cleaning,Robot Smart Vacuum Cleaner,279.0,215.0,1,0.15,237.15,22.15,Credit Card,Shipped
TXN-11030,2023-01-24,CUST-1763,,South,Beauty & Personal Care,Hair Styling,Ionic Salon Hair Dryer,75.0,36.0,1,0.1,67.5,31.5,UPI / Digital Wallet,Delivered
TXN-11609,2023-08-06,CUST-1412,Consumer,  south  ,Sports & Outdoors,Outdoor Gear,Tactical Multi-Pocket Hiking Backpack,68.0,36.0,1,0.15,57.8,21.8,Debit Card,Delivered
TXN-10757,2023-11-11,CUST-1992,Corporate,North,Electronics,Television,Ultra HD Smart LED TV 55-inch,649.0,490.0,2,0.0,1298.0,318.0,Credit Card,Cancelled
TXN-12081,2023-01-29,CUST-1763,Consumer,North, Clothing ,Men's Apparel,Classic Organic Cotton T-Shirt,22.0,8.5,3,0.1,59.4,33.9,,Pending
TXN-11908,2023-01-10,CUST-1663,Home Office,West,Beauty & Personal Care,Haircare,Argan Oil Repair Shampoo & Conditioner,$24.00,8.5,1,0.05,22.8,14.3,Cash on Delivery,Delivered
TXN-12680,2023-01-02,CUST-1427,Corporate,North, Beauty & Personal Care ,Skincare,Revitalizing Night Face Cream,35.0,12.0,3,0.05,99.75,63.75,Cash on Delivery,Delivered
TXN-10119,2023-06-13,CUST-1883,Consumer,West,Beauty & Personal Care,Hair Styling,Ionic Salon Hair Dryer,75.0,36.0,6,0.05,427.5,211.5,UPI / Digital Wallet,Pending
TXN-12009,01/28/2023,CUST-1707,Corporate,South,Electronics,Wearables,Smart Fitness Health Watch,129.0,75.0,1,0.0,129.0,54.0,Cash on Delivery,Shipped
TXN-11205,2023-09-19,CUST-1344,Corporate,West,Clothing,Men's Apparel,Classic Organic Cotton T-Shirt,22.0,8.5,5,0.0,110.0,67.5,Cash on Delivery,Delivered
TXN-10282,04/16/2023,CUST-1685,Corporate,West,Home & Kitchen,Bedding,Orthopedic Memory Foam Pillow,39.0,18.0,4,0.05,148.2,76.2,Cash on Delivery,Delivered
TXN-12484,2023-09-27,CUST-1898,Corporate,East,Clothing,Clearance,Budget Graphic Polyester Tee,14.0,13.5,2,0.4,16.8,-10.2,Cash on Delivery,Delivered
TXN-12285,2023-04-18,CUST-1329,Consumer,  north  ,Home & Kitchen,Bedding,Orthopedic Memory Foam Pillow,39.0,18.0,1,0.15,33.15,15.15,Credit Card,Delivered
TXN-12204,2023-07-20,CUST-1118,Corporate,Central,Clothing,Footwear,Breathable Mesh Running Shoes,79.0,39.0,5,0.05,375.25,180.25,Cash on Delivery,Pending
TXN-12647,2023-06-23,CUST-1186,Corporate,  west  ,Home & Kitchen,Coffee Makers,Automatic Espresso & Cappuccino Maker,229.0,155.0,1,0.1,206.1,51.1,Debit Card,Shipped
TXN-11034,2023-05-22,CUST-1885,Consumer,East,Sports & Outdoors,Camping,Waterproof 4-Person Camping Tent,139.0,88.0,2,0.1,250.2,74.2,Cash on Delivery,Delivered
TXN-10882,2023-08-14,CUST-1913,Consumer,Central,Beauty & Personal Care,Skincare,Revitalizing Night Face Cream,35.0,12.0,3,0.0,105.0,69.0,Cash on Delivery,Delivered
TXN-12579,2023-11-22,CUST-1561,Consumer,West, Home & Kitchen ,Small Appliances,Digital Air Fryer 5.8 Qt,89.0,56.0,1,0.05,84.55,28.55,Debit Card,Cancelled
TXN-12617,11/15/2023,CUST-1967,Home Office,West,Beauty & Personal Care,Oral Care,Rechargeable Sonic Electric Toothbrush,$69.00,34.0,2,0.0,138.0,70.0,Debit Card,Delivered
TXN-11104,2023-03-08,CUST-1855,Home Office,West, Clothing ,Men's Apparel,Classic Organic Cotton T-Shirt,22.0,8.5,2,0.0,44.0,27.0,Credit Card,Cancelled
TXN-11925,2023-11-30,CUST-1684,Consumer,EAST, Home & Kitchen ,Small Appliances,Digital Air Fryer 5.8 Qt,89.0,56.0,2,0.0,178.0,66.0,Debit Card,Cancelled
TXN-11996,2023-02-23,CUST-1700,Home Office,Central, Electronics ,Audio,Noise-Canceling Wireless Headphones,179.0,110.0,8,0.0,1432.0,552.0,UPI / Digital Wallet,Pending
TXN-10719,2023-08-30,CUST-1597,Corporate,East,Clothing,Women's Apparel,Women's Floral Cotton Dress,59.0,26.0,2,0.0,118.0,66.0,UPI / Digital Wallet,Delivered
TXN-10367,05/02/2023,CUST-1509,Home Office,South,Clothing,Outerwear,Fleece Zip Hooded Sweatshirt,45.0,21.0,2,0.05,85.5,43.5,UPI / Digital Wallet,Delivered
TXN-11747,,CUST-1250,Corporate,Central,Clothing,Women's Apparel,Women's Floral Cotton Dress,59.0,26.0,1,0.0,59.0,33.0,Debit Card,Delivered
TXN-12272,2023-10-06,CUST-1687,Corporate,West,Electronics,Laptops & PCs,Ultra-Slim 14-inch Laptop,950.0,740.0,2,0.0,1900.0,420.0,UPI / Digital Wallet,Cancelled
TXN-10556,2023-01-14,CUST-1474,Corporate,  west  ,Electronics,Audio,Noise-Canceling Wireless Headphones,179.0,110.0,2,0.1,322.2,102.2,Cash on Delivery,Delivered
TXN-11610,2023-12-24,CUST-1144,Consumer,North,Beauty & Personal Care,Hair Styling,Ionic Salon Hair Dryer,75.0,36.0,2,0.0,150.0,78.0,Debit Card,Delivered
TXN-11436,2023-10-30,CUST-1403,Consumer,EAST,Electronics,Accessories,USB-C Multiport Fast Hub,34.0,15.0,1,0.05,32.3,17.3,UPI / Digital Wallet,Delivered
TXN-10305,2023-07-25,CUST-1875,Home Office,South,Clothing,Women's Apparel,Women's Floral Cotton Dress,59.0,26.0,2,0.15,100.3,48.3,Debit Card,Delivered
TXN-11657,23-10-2023,CUST-1368,Corporate,South,Sports & Outdoors,Outdoor Gear,Tactical Multi-Pocket Hiking Backpack,$68.00,36.0,1,0.15,57.8,21.8,Credit Card,Shipped
TXN-10204,2023-06-03,CUST-1694,Corporate,North,Clothing,Women's Apparel,Women's Floral Cotton Dress,59.0,26.0,3,0.0,177.0,99.0,,Pending
TXN-11227,2023-10-03,CUST-1964,Home Office,North,Clothing,Clearance,Budget Graphic Polyester Tee,14.0,13.5,2,0.25,21.0,-6.0,Cash on Delivery,Cancelled
TXN-10933,19-09-2023,CUST-1041,Consumer,West,Electronics,Laptops & PCs,Ultra-Slim 14-inch Laptop,950.0,740.0,2,0.0,1900.0,420.0,Credit Card,Delivered
TXN-12111,2023-08-11,CUST-1722,Consumer,South,Sports & Outdoors,Fitness,Eco-Friendly Yoga Mat with Strap,32.0,14.0,3,0.15,81.6,39.6,Credit Card,Shipped
TXN-10121,2023-08-23,CUST-1518,,North,Clothing,Men's Apparel,Men's Slim Fit Denim Jeans,49.0,22.0,1,0.05,46.55,24.55,UPI / Digital Wallet,Shipped
TXN-10284,18-10-2023,CUST-1909,Home Office,Central,Home & Kitchen,Small Appliances,Digital Air Fryer 5.8 Qt,89.0,56.0,1,0.0,89.0,33.0,UPI / Digital Wallet,Delivered
TXN-11235,2023-09-26,CUST-1362,Home Office,  west  ,Sports & Outdoors,Strength Training,Adjustable Quick-Select Dumbbell Set,159.0,102.0,1,0.15,135.15,33.15,Credit Card,Cancelled
TXN-10576,2023-04-19,CUST-1581,Corporate,South,Electronics,Accessories,USB-C Multiport Fast Hub,34.0,15.0,1,0.0,34.0,19.0,Cash on Delivery,Shipped
TXN-12620,2023-12-11,CUST-1879,Corporate,Central,Clothing,Footwear,Breathable Mesh Running Shoes,79.0,39.0,3,0.25,177.75,60.75,Cash on Delivery,Delivered
TXN-12608,01-06-2023,CUST-1063,Consumer,  east  ,Electronics,Smartphones,Smartphone Pro 128GB,799.0,610.0,2,0.15,1358.3,138.3,Cash on Delivery,Pending
TXN-12481,2023-10-30,CUST-1172,Home Office,Central,Beauty & Personal Care,Hair Styling,Ionic Salon Hair Dryer,75.0,36.0,3,0.05,213.75,105.75,Debit Card,Shipped
TXN-12727,2023-04-14,CUST-1515,Corporate,North,Electronics,Audio,Noise-Canceling Wireless Headphones,179.0,110.0,3,0.0,537.0,207.0,Net Banking,Delivered
TXN-12374,2023-05-23,CUST-1053,Corporate,EAST,Beauty & Personal Care,Hair Styling,Ionic Salon Hair Dryer,75.0,36.0,2,0.1,135.0,63.0,Debit Card,Shipped
TXN-10276,2023-05-29,CUST-1075,Home Office,South,Beauty & Personal Care,Oral Care,Rechargeable Sonic Electric Toothbrush,69.0,34.0,1,0.0,69.0,35.0,Net Banking,Shipped
TXN-11282,,CUST-1141,Home Office,East,Clothing,Men's Apparel,Men's Slim Fit Denim Jeans,49.0,22.0,1,0.0,49.0,27.0,Cash on Delivery,Cancelled
TXN-10257,2023-01-24,CUST-1425,Corporate,North,Beauty & Personal Care,Haircare,Argan Oil Repair Shampoo & Conditioner,$24.00,8.5,3,0.15,61.2,35.7,Cash on Delivery,Cancelled
TXN-10361,2023-12-17,CUST-1808,Home Office,Central,Sports & Outdoors,Hydration,Insulated Vacuum Water Bottle 1L,24.0,9.5,1,0.2,19.2,9.7,UPI / Digital Wallet,Delivered
TXN-11934,2023-09-04,CUST-1571,Consumer,West, Electronics ,Audio,Bluetooth Portable Speaker,49.0,26.0,2,0.0,98.0,46.0,UPI / Digital Wallet,Delivered
TXN-11859,2023-04-10,CUST-1110,Consumer,South,Beauty & Personal Care,Skincare,Hydrating Hyaluronic Acid Serum,29.0,9.5,1,0.05,27.55,18.05,Net Banking,Shipped
TXN-11475,2023-05-31,CUST-1896,Consumer,West,Sports & Outdoors,Fitness,Eco-Friendly Yoga Mat with Strap,32.0,14.0,2,0.0,64.0,36.0,Cash on Delivery,Pending
TXN-10605,2023-03-15,CUST-1130,Home Office,North,Clothing,Clearance,Budget Graphic Polyester Tee,14.0,13.5,2,0.4,16.8,-10.2,UPI / Digital Wallet,Cancelled
TXN-10970,2023-11-10,CUST-1193,Consumer,East,Electronics,Television,Ultra HD Smart LED TV 55-inch,649.0,490.0,3,0.25,1460.25,-9.75,UPI / Digital Wallet,Cancelled
TXN-11135,2023-12-18,CUST-1121,Consumer,South,Home & Kitchen,Small Appliances,Digital Air Fryer 5.8 Qt,89.0,56.0,1,0.25,66.75,10.75,Credit Card,Pending
TXN-11949,01/12/2023,CUST-1071,Corporate,West,Electronics,Wearables,Smart Fitness Health Watch,129.0,75.0,1,0.05,122.55,47.55,UPI / Digital Wallet,Shipped
TXN-10630,01/11/2023,CUST-1289,Home Office,  west  ,Clothing,Footwear,Breathable Mesh Running Shoes,79.0,39.0,1,0.0,79.0,40.0,Net Banking,Delivered
TXN-12054,2023-09-04,CUST-1767,Home Office,Central,Home & Kitchen,Cleaning,Robot Smart Vacuum Cleaner,279.0,215.0,1,0.1,251.1,36.1,UPI / Digital Wallet,Delivered
TXN-11994,2023-04-23,CUST-1624,Home Office,EAST,Clothing,Outerwear,Fleece Zip Hooded Sweatshirt,45.0,21.0,5,0.05,213.75,108.75,UPI / Digital Wallet,Pending
TXN-11201,2023-01-08,CUST-1630,Corporate,West,Clothing,Outerwear,Fleece Zip Hooded Sweatshirt,45.0,21.0,3,0.0,135.0,72.0,Net Banking,Delivered
TXN-10287,30-07-2023,CUST-1225,Home Office,South,Beauty & Personal Care,Skincare,Hydrating Hyaluronic Acid Serum,29.0,9.5,1,0.15,24.65,15.15,Net Banking,Delivered
TXN-11193,2023-02-15,CUST-1038,Home Office,Central,Sports & Outdoors,Hydration,Insulated Vacuum Water Bottle 1L,24.0,9.5,2,0.15,40.8,21.8,Cash on Delivery,Cancelled
TXN-12087,09-04-2023,CUST-1651,Consumer,North,Electronics,Television,Ultra HD Smart LED TV 55-inch,649.0,490.0,5,0.15,2758.25,308.25,UPI / Digital Wallet,Cancelled
TXN-10301,2023-04-13,CUST-1755,Consumer,South,Clothing,Men's Apparel,Men's Slim Fit Denim Jeans,49.0,22.0,2,0.05,93.1,49.1,Debit Card,Delivered
TXN-12065,2023-08-24,CUST-1524,Home Office,East,Electronics,Audio,Noise-Canceling Wireless Headphones,179.0,110.0,8,0.1,1288.8,408.8,Cash on Delivery,Cancelled
TXN-11335,2023-02-24,CUST-1269,Consumer,  north  ,Home & Kitchen,Cleaning,Robot Smart Vacuum Cleaner,279.0,215.0,1,0.0,279.0,64.0,Cash on Delivery,Delivered
TXN-11221,31-12-2023,CUST-1173,Corporate,  east  ,Beauty & Personal Care,Skincare,Hydrating Hyaluronic Acid Serum,29.0,9.5,1,0.05,27.55,18.05,Credit Card,Cancelled
TXN-10424,2023-03-20,CUST-1814,Home Office,East,Electronics,Accessories,USB-C Multiport Fast Hub,$34.00,15.0,1,0.0,34.0,19.0,Debit Card,Shipped
TXN-12186,2023-08-07,CUST-1473,Home Office,East,Home & Kitchen,Bedding,Orthopedic Memory Foam Pillow,39.0,18.0,2,0.1,70.2,34.2,Debit Card,Delivered
TXN-12414,2023-11-26,CUST-1704,Corporate,West,Home & Kitchen,Bedding,Orthopedic Memory Foam Pillow,39.0,18.0,1,0.1,35.1,17.1,Cash on Delivery,Shipped
TXN-12191,2023-10-21,CUST-1962,Consumer,  south  ,Beauty & Personal Care,Oral Care,Rechargeable Sonic Electric Toothbrush,69.0,34.0,1,0.1,62.1,28.1,Net Banking,Cancelled
TXN-10163,10/20/2023,CUST-1249,Corporate,East,Beauty & Personal Care,Oral Care,Rechargeable Sonic Electric Toothbrush,69.0,34.0,1,0.0,69.0,35.0,UPI / Digital Wallet,Shipped
TXN-10066,2023-06-03,CUST-1602,Corporate,West,Beauty & Personal Care,Haircare,Argan Oil Repair Shampoo & Conditioner,24.0,8.5,5,0.05,114.0,71.5,Debit Card,Shipped
TXN-12114,2023-01-02,CUST-1359,Corporate,  south  ,Sports & Outdoors,Hydration,Insulated Vacuum Water Bottle 1L,24.0,9.5,4,0.0,96.0,58.0,UPI / Digital Wallet,Delivered
TXN-10857,2023-09-01,CUST-1916,Consumer,North,Home & Kitchen,Small Appliances,Digital Air Fryer 5.8 Qt,89.0,56.0,1,0.05,84.55,28.55,UPI / Digital Wallet,Cancelled
TXN-10891,2023-12-01,CUST-1210,,West,Clothing,Women's Apparel,Women's Floral Cotton Dress,59.0,26.0,1,0.0,59.0,33.0,Cash on Delivery,Delivered
TXN-11916,2023-05-18,CUST-1831,Consumer,East,Home & Kitchen,Storage,Glass Food Storage Containers (Set of 6),28.0,13.0,1,0.0,28.0,15.0,Net Banking,Shipped
TXN-11585,2023-06-07,CUST-1066,Consumer,North,Sports & Outdoors,Outdoor Gear,Tactical Multi-Pocket Hiking Backpack,68.0,36.0,2,0.0,136.0,64.0,Debit Card,Cancelled
TXN-10743,2023-11-13,CUST-1248,Home Office,CENTRAL,Sports & Outdoors,Outdoor Gear,Tactical Multi-Pocket Hiking Backpack,68.0,36.0,3,0.1,183.6,75.6,Net Banking,Delivered
TXN-11555,2023-03-25,CUST-1716,Home Office,Central,Electronics,Television,Ultra HD Smart LED TV 55-inch,649.0,490.0,4,0.15,2206.6,246.6,UPI / Digital Wallet,Shipped
TXN-11191,2023-12-22,CUST-1820,Home Office,West,Beauty & Personal Care,Skincare,Hydrating Hyaluronic Acid Serum,29.0,9.5,1,0.2,23.2,13.7,Net Banking,Cancelled
TXN-11179,2023-03-02,CUST-1192,Corporate,West,Electronics,Accessories,USB-C Multiport Fast Hub,34.0,15.0,1,0.0,34.0,19.0,Cash on Delivery,Cancelled
TXN-10231,13-05-2023,CUST-1916,Consumer,East,Beauty & Personal Care,Hair Styling,Ionic Salon Hair Dryer,75.0,36.0,3,0.0,225.0,117.0,Cash on Delivery,Delivered
TXN-12034,08/05/2023,CUST-1455,Corporate,Central,Sports & Outdoors,Strength Training,Adjustable Quick-Select Dumbbell Set,159.0,102.0,3,0.15,405.45,99.45,Cash on Delivery,Pending
TXN-11092,2023-07-12,CUST-1354,Home Office,North,Electronics,Audio,Bluetooth Portable Speaker,49.0,26.0,1,0.1,44.1,18.1,Net Banking,Delivered
TXN-11222,2023-01-31,CUST-1893,Consumer,North,Electronics,Smartphones,Smartphone Pro 128GB,799.0,610.0,1,0.1,719.1,109.1,UPI / Digital Wallet,Delivered
TXN-12064,2023-01-20,CUST-1078,Consumer,East,Home & Kitchen,Cleaning,Robot Smart Vacuum Cleaner,279.0,215.0,2,0.0,558.0,128.0,Debit Card,Shipped
TXN-11107,2023-10-22,CUST-1546,Home Office,South, Sports & Outdoors ,Strength Training,Adjustable Quick-Select Dumbbell Set,159.0,102.0,1,0.0,159.0,57.0,Net Banking,Delivered
TXN-11005,2023-04-18,CUST-1335,Consumer,North,Clothing,Men's Apparel,Men's Slim Fit Denim Jeans,49.0,22.0,2,0.0,98.0,54.0,Credit Card,Pending
TXN-10837,2023-02-14,CUST-1867,Consumer,South,Home & Kitchen,Storage,Glass Food Storage Containers (Set of 6),28.0,13.0,4,0.15,95.2,43.2,Cash on Delivery,Delivered
TXN-11392,2023-06-18,CUST-1925,Consumer,North,Electronics,Smartphones,Smartphone Pro 128GB,799.0,610.0,3,0.0,2397.0,567.0,Credit Card,Delivered
TXN-10375,2023-02-22,CUST-1521,Home Office,East,Clothing,Clearance,Budget Graphic Polyester Tee,14.0,13.5,3,0.25,31.5,-9.0,Credit Card,Delivered
TXN-11128,2023-11-02,CUST-1021,,Central,Home & Kitchen,Storage,Glass Food Storage Containers (Set of 6),28.0,13.0,3,0.15,71.4,32.4,Credit Card,Delivered
TXN-11968,04/11/2023,CUST-1131,Corporate,North,Beauty & Personal Care,Oral Care,Rechargeable Sonic Electric Toothbrush,69.0,34.0,4,0.0,276.0,140.0,UPI / Digital Wallet,Pending
TXN-11603,,CUST-1469,Consumer,  south  ,Home & Kitchen,Bedding,Orthopedic Memory Foam Pillow,39.0,18.0,2,0.05,74.1,38.1,Debit Card,Cancelled
TXN-11619,10/17/2023,CUST-1304,Home Office,Central,Beauty & Personal Care,Haircare,Argan Oil Repair Shampoo & Conditioner,24.0,8.5,1,0.15,20.4,11.9,Credit Card,Shipped
TXN-12502,2023-06-25,CUST-1257,Corporate,East,Electronics,Television,Ultra HD Smart LED TV 55-inch,649.0,490.0,3,0.1,1752.3,282.3,Cash on Delivery,Delivered
TXN-10752,20-04-2023,CUST-1529,Home Office,Central,Electronics,Smartphones,Smartphone Pro 128GB,799.0,610.0,1,0.1,719.1,109.1,Debit Card,Cancelled
TXN-10100,2023-08-19,CUST-1228,Consumer,West,Sports & Outdoors,Outdoor Gear,Tactical Multi-Pocket Hiking Backpack,68.0,36.0,1,0.0,68.0,32.0,Cash on Delivery,Pending
TXN-11548,2023-07-23,CUST-1035,Corporate,  north  , Clothing ,Clearance,Budget Graphic Polyester Tee,14.0,13.5,4,0.5,28.0,-26.0,Credit Card,Delivered
TXN-10867,11/12/2023,CUST-1361,Corporate,East,Sports & Outdoors,Strength Training,Adjustable Quick-Select Dumbbell Set,159.0,102.0,3,0.05,453.15,147.15,Credit Card,Cancelled
TXN-11978,2023-11-14,CUST-1501,Corporate,  south  ,Electronics,Audio,Noise-Canceling Wireless Headphones,179.0,110.0,2,0.25,268.5,48.5,,Delivered
TXN-12734,2023-06-18,CUST-1487,Corporate,South,Electronics,Wearables,Smart Fitness Health Watch,129.0,75.0,1,0.0,129.0,54.0,Cash on Delivery,Pending
TXN-10530,2023-11-13,CUST-1099,Consumer,Central,Clothing,Men's Apparel,Men's Slim Fit Denim Jeans,49.0,22.0,3,0.25,110.25,44.25,Cash on Delivery,Shipped
TXN-10637,2023-05-23,CUST-1438,Corporate,South,Electronics,Television,Ultra HD Smart LED TV 55-inch,649.0,490.0,1,0.0,649.0,159.0,UPI / Digital Wallet,Delivered
TXN-10186,12/27/2023,CUST-1136,Consumer,  east  ,Home & Kitchen,Small Appliances,Digital Air Fryer 5.8 Qt,89.0,56.0,1,0.25,66.75,10.75,Cash on Delivery,Cancelled
TXN-11072,2023-01-10,CUST-1437,Consumer,Central,Electronics,Laptops & PCs,Ultra-Slim 14-inch Laptop,950.0,740.0,4,0.0,3800.0,840.0,UPI / Digital Wallet,Shipped
TXN-11270,05/05/2023,CUST-1399,Consumer,South,Sports & Outdoors,Camping,Waterproof 4-Person Camping Tent,139.0,88.0,3,0.1,375.3,111.3,,Pending
TXN-10932,2023-07-08,CUST-1489,Consumer,Central,Electronics,Television,Ultra HD Smart LED TV 55-inch,649.0,490.0,1,0.1,584.1,94.1,Cash on Delivery,Cancelled
TXN-11915,2023-11-03,CUST-1256,Consumer,East,Beauty & Personal Care,Oral Care,Rechargeable Sonic Electric Toothbrush,69.0,34.0,4,0.25,207.0,71.0,Debit Card,Delivered
TXN-12165,06-09-2023,CUST-1552,Corporate,West, Home & Kitchen ,Bedding,Orthopedic Memory Foam Pillow,39.0,18.0,1,0.0,39.0,21.0,Net Banking,Pending
TXN-11262,2023-03-05,CUST-1811,Home Office,Central,Sports & Outdoors,Fitness,Eco-Friendly Yoga Mat with Strap,32.0,14.0,4,0.1,115.2,59.2,Credit Card,Shipped
TXN-11796,2023-01-25,CUST-1761,Corporate,West,Home & Kitchen,Small Appliances,Digital Air Fryer 5.8 Qt,89.0,56.0,3,0.0,267.0,99.0,UPI / Digital Wallet,Delivered
TXN-10608,2023-01-04,CUST-1195,Consumer,East,Beauty & Personal Care,Skincare,Revitalizing Night Face Cream,35.0,12.0,1,0.15,29.75,17.75,Net Banking,Cancelled
TXN-11214,2023-11-22,CUST-1569,Corporate,EAST,Clothing,Outerwear,Fleece Zip Hooded Sweatshirt,45.0,21.0,1,0.1,40.5,19.5,Credit Card,Shipped
TXN-10152,09-09-2023,CUST-1658,Consumer,South,Home & Kitchen,Small Appliances,Digital Air Fryer 5.8 Qt,89.0,56.0,1,0.05,84.55,28.55,Net Banking,Shipped
TXN-11784,2023-01-05,CUST-1647,Corporate,WEST,Clothing,Men's Apparel,Men's Slim Fit Denim Jeans,$49.00,22.0,2,0.15,83.3,39.3,UPI / Digital Wallet,Delivered
TXN-12013,01/03/2023,CUST-1688,Home Office,East,Clothing,Women's Apparel,Women's Floral Cotton Dress,59.0,26.0,1,0.05,56.05,30.05,UPI / Digital Wallet,Delivered
TXN-10732,01/07/2023,CUST-1623,Consumer,  east  ,Electronics,Audio,Bluetooth Portable Speaker,49.0,26.0,1,0.05,46.55,20.55,Cash on Delivery,Shipped
TXN-12324,2023-03-13,CUST-1738,Home Office,East,Electronics,Laptops & PCs,Ultra-Slim 14-inch Laptop,950.0,740.0,1,0.05,902.5,162.5,Debit Card,Delivered
TXN-12574,2023-09-03,CUST-1611,Home Office,West,Beauty & Personal Care,Skincare,Revitalizing Night Face Cream,35.0,12.0,1,0.1,31.5,19.5,UPI / Digital Wallet,Delivered
TXN-12581,2023-07-20,CUST-1022,Consumer,East, Beauty & Personal Care ,Skincare,Revitalizing Night Face Cream,35.0,12.0,4,0.05,133.0,85.0,Debit Card,Shipped
TXN-10024,2023-04-18,CUST-1367,Home Office,East,Beauty & Personal Care,Oral Care,Rechargeable Sonic Electric Toothbrush,69.0,34.0,1,0.0,69.0,35.0,Cash on Delivery,Pending
TXN-12067,2023-05-27,CUST-1981,Corporate,Central,Sports & Outdoors,Outdoor Gear,Tactical Multi-Pocket Hiking Backpack,68.0,36.0,1,0.0,68.0,32.0,Debit Card,Cancelled
TXN-10159,2023-02-10,CUST-1706,Consumer,North,Home & Kitchen,Bedding,Orthopedic Memory Foam Pillow,39.0,18.0,2,0.05,74.1,38.1,Cash on Delivery,Delivered
TXN-10862,05/22/2023,CUST-1751,Corporate,East,Sports & Outdoors,Outdoor Gear,Tactical Multi-Pocket Hiking Backpack,68.0,36.0,1,0.15,57.8,21.8,UPI / Digital Wallet,Delivered
TXN-10903,2023-01-27,CUST-1423,Home Office,South, Electronics ,Wearables,Smart Fitness Health Watch,129.0,75.0,1,0.15,109.65,34.65,Cash on Delivery,Pending
TXN-11294,05/27/2023,CUST-1911,Corporate,North,Electronics,Audio,Noise-Canceling Wireless Headphones,179.0,110.0,2,0.0,358.0,138.0,Debit Card,Delivered
TXN-12128,2023-07-25,CUST-1778,Consumer,East,Clothing,Men's Apparel,Men's Slim Fit Denim Jeans,49.0,22.0,4,0.1,176.4,88.4,Net Banking,Cancelled
TXN-10445,22-02-2023,CUST-1605,Corporate,North,Beauty & Personal Care,Hair Styling,Ionic Salon Hair Dryer,75.0,36.0,4,0.0,300.0,156.0,Debit Card,Delivered
TXN-12777,2023-01-15,CUST-1149,Home Office,Central,Sports & Outdoors,Strength Training,Adjustable Quick-Select Dumbbell Set,159.0,102.0,1,0.0,159.0,57.0,Credit Card,Delivered
TXN-12264,2023-09-07,CUST-1076,Home Office,East,Home & Kitchen,Storage,Glass Food Storage Containers (Set of 6),28.0,13.0,1,0.1,25.2,12.2,Cash on Delivery,Delivered
TXN-10924,2023-09-09,CUST-1427,Home Office,East,Electronics,Smartphones,Smartphone Pro 128GB,799.0,610.0,5,0.0,3995.0,945.0,UPI / Digital Wallet,Cancelled
TXN-11951,2023-07-21,CUST-1235,Consumer,East, Beauty & Personal Care ,Hair Styling,Ionic Salon Hair Dryer,75.0,36.0,5,0.15,318.75,138.75,Debit Card,Cancelled
TXN-10312,2023-03-29,CUST-1540,Corporate,East,Electronics,Smartphones,Smartphone Pro 128GB,799.0,610.0,1,0.05,759.05,149.05,Cash on Delivery,Pending
TXN-10549,08-11-2023,CUST-1618,Consumer,West,Clothing,Clearance,Budget Graphic Polyester Tee,14.0,13.5,6,0.3,58.8,-22.2,Net Banking,Shipped
TXN-11749,2023-07-14,CUST-1756,Home Office,Central, Beauty & Personal Care ,Skincare,Hydrating Hyaluronic Acid Serum,$29.00,9.5,1,0.15,24.65,15.15,UPI / Digital Wallet,Cancelled
TXN-11927,2023-11-01,CUST-1401,Corporate,Central,Home & Kitchen,Cleaning,Robot Smart Vacuum Cleaner,279.0,215.0,2,0.15,474.3,44.3,Net Banking,Cancelled
TXN-10307,2023-11-12,CUST-1488,Corporate,Central,Clothing,Women's Apparel,Women's Floral Cotton Dress,59.0,26.0,1,0.2,47.2,21.2,UPI / Digital Wallet,Delivered
TXN-10288,14-04-2023,CUST-1017,Consumer,West,Home & Kitchen,Bedding,Orthopedic Memory Foam Pillow,39.0,18.0,3,0.15,99.45,45.45,Net Banking,Delivered
TXN-10695,2023-09-05,CUST-1611,Consumer,North,Electronics,Audio,Bluetooth Portable Speaker,49.0,26.0,1,0.15,41.65,15.65,Cash on Delivery,Delivered
TXN-10309,2023-11-10,CUST-1647,Corporate,South,Sports & Outdoors,Hydration,Insulated Vacuum Water Bottle 1L,24.0,9.5,4,0.0,96.0,58.0,Debit Card,Delivered
TXN-12189,05/09/2023,CUST-1996,Home Office,East,Home & Kitchen,Coffee Makers,Automatic Espresso & Cappuccino Maker,229.0,155.0,2,0.0,458.0,148.0,Net Banking,Delivered
TXN-10750,2023-05-22,CUST-1344,Home Office,North,Home & Kitchen,Small Appliances,Digital Air Fryer 5.8 Qt,89.0,56.0,2,0.15,151.3,39.3,UPI / Digital Wallet,Delivered
TXN-11973,2023-04-05,CUST-1321,Corporate,East,Beauty & Personal Care,Skincare,Hydrating Hyaluronic Acid Serum,29.0,9.5,1,0.05,27.55,18.05,Net Banking,Delivered
TXN-10909,2023-03-11,CUST-1182,Consumer,South,Beauty & Personal Care,Skincare,Hydrating Hyaluronic Acid Serum,29.0,9.5,1,0.1,26.1,16.6,Debit Card,Cancelled
TXN-11689,06-08-2023,CUST-1952,Consumer,South,Home & Kitchen,Cookware,Stainless Steel 10-Piece Cookware Set,169.0,112.0,2,0.15,287.3,63.3,Debit Card,Delivered
TXN-12248,2023-01-25,CUST-1709,Home Office,South,Sports & Outdoors,Fitness,Eco-Friendly Yoga Mat with Strap,32.0,14.0,1,0.0,32.0,18.0,Credit Card,Delivered
TXN-12552,2023-03-28,CUST-1760,Consumer,South, Home & Kitchen ,Coffee Makers,Automatic Espresso & Cappuccino Maker,229.0,155.0,1,0.1,206.1,51.1,Net Banking,Delivered
TXN-12359,02-09-2023,CUST-1644,Home Office,Central,Electronics,Audio,Noise-Canceling Wireless Headphones,179.0,110.0,3,0.0,537.0,207.0,UPI / Digital Wallet,Delivered
TXN-10971,07-05-2023,CUST-1654,Home Office,South,Electronics,Wearables,Smart Fitness Health Watch,129.0,75.0,2,0.05,245.1,95.1,Cash on Delivery,Delivered
TXN-10014,2023-08-31,CUST-1249,Home Office,North,Sports & Outdoors,Strength Training,Adjustable Quick-Select Dumbbell Set,159.0,102.0,1,0.0,159.0,57.0,Cash on Delivery,Delivered
TXN-10874,2023-06-28,CUST-1234,Corporate,South,Beauty & Personal Care,Skincare,Revitalizing Night Face Cream,35.0,12.0,2,0.15,59.5,35.5,UPI / Digital Wallet,Pending
TXN-10809,2023-05-28,CUST-1410,Home Office,West,Electronics,Smartphones,Smartphone Pro 128GB,799.0,610.0,2,0.05,1518.1,298.1,Debit Card,Cancelled
TXN-10515,2023-06-15,CUST-1423,Consumer,North,Clothing,Women's Apparel,Women's Floral Cotton Dress,59.0,26.0,1,0.0,59.0,33.0,Debit Card,Pending
TXN-12280,2023-06-04,CUST-1686,Corporate,SOUTH,Electronics,Wearables,Smart Fitness Health Watch,$129.00,75.0,1,0.05,122.55,47.55,Debit Card,Pending
TXN-10410,2023-04-27,CUST-1334,Corporate,South,Electronics,Audio,Bluetooth Portable Speaker,49.0,26.0,1,0.1,44.1,18.1,Debit Card,Delivered
TXN-12072,2023-10-04,CUST-1597,Corporate,Central,Clothing,Footwear,Breathable Mesh Running Shoes,79.0,39.0,4,0.1,284.4,128.4,Credit Card,Delivered
TXN-12134,2023-12-29,CUST-1790,Consumer,North,Clothing,Outerwear,Fleece Zip Hooded Sweatshirt,45.0,21.0,2,0.2,72.0,30.0,UPI / Digital Wallet,Delivered
TXN-11611,2023-03-01,CUST-1979,Corporate,Central,Sports & Outdoors,Strength Training,Adjustable Quick-Select Dumbbell Set,159.0,102.0,1,0.0,159.0,57.0,UPI / Digital Wallet,Shipped
TXN-12426,2023-03-31,CUST-1776,Corporate,South,Clothing,Footwear,Breathable Mesh Running Shoes,79.0,39.0,3,0.15,201.45,84.45,Debit Card,Pending
TXN-12669,2023-12-23,CUST-1042,Corporate,West,Clothing,Clearance,Budget Graphic Polyester Tee,14.0,13.5,1,0.3,9.8,-3.7,Cash on Delivery,Delivered
TXN-10383,2023-05-02,CUST-1749,Home Office,Central,Beauty & Personal Care,Skincare,Revitalizing Night Face Cream,35.0,12.0,2,0.1,63.0,39.0,UPI / Digital Wallet,Delivered
TXN-11420,2023-12-13,CUST-1208,Corporate,East,Sports & Outdoors,Fitness,Eco-Friendly Yoga Mat with Strap,$32.00,14.0,2,0.15,54.4,26.4,Cash on Delivery,Delivered
TXN-12068,2023-09-29,CUST-1685,Corporate,North,Beauty & Personal Care,Haircare,Argan Oil Repair Shampoo & Conditioner,24.0,8.5,5,0.0,120.0,77.5,UPI / Digital Wallet,Delivered
TXN-11597,08/05/2023,CUST-1996,Corporate,West,Home & Kitchen,Cleaning,Robot Smart Vacuum Cleaner,279.0,215.0,1,0.1,251.1,36.1,Net Banking,Cancelled
TXN-10553,06/18/2023,CUST-1539,Home Office,West,Home & Kitchen,Storage,Glass Food Storage Containers (Set of 6),28.0,13.0,3,0.1,75.6,36.6,Credit Card,Cancelled
TXN-10223,01/18/2023,CUST-1875,Home Office,Central,Home & Kitchen,Bedding,Orthopedic Memory Foam Pillow,39.0,18.0,2,0.15,66.3,30.3,Net Banking,Delivered
TXN-11097,2023-09-02,CUST-1465,Corporate,SOUTH,Beauty & Personal Care,Skincare,Revitalizing Night Face Cream,35.0,12.0,1,0.1,31.5,19.5,Net Banking,Delivered
TXN-12458,07/20/2023,CUST-1568,Corporate,Central,Sports & Outdoors,Outdoor Gear,Tactical Multi-Pocket Hiking Backpack,68.0,36.0,1,0.15,57.8,21.8,Debit Card,Delivered
TXN-10009,,CUST-1907,Corporate,East,Sports & Outdoors,Fitness,Eco-Friendly Yoga Mat with Strap,32.0,14.0,2,0.0,64.0,36.0,Debit Card,Shipped
TXN-11375,12/23/2023,CUST-1088,Corporate,North,Clothing,Outerwear,Fleece Zip Hooded Sweatshirt,45.0,21.0,2,0.05,85.5,43.5,UPI / Digital Wallet,Delivered
TXN-10317,,CUST-1993,Consumer,North,Clothing,Footwear,Breathable Mesh Running Shoes,79.0,39.0,1,0.1,71.1,32.1,Credit Card,Delivered
TXN-10428,2023-02-14,CUST-1981,Home Office,East,Home & Kitchen,Bedding,Orthopedic Memory Foam Pillow,39.0,18.0,1,0.1,35.1,17.1,Net Banking,Pending
TXN-12643,2023-03-26,CUST-1331,Home Office,East, Electronics ,Audio,Bluetooth Portable Speaker,49.0,26.0,2,0.0,98.0,46.0,Credit Card,Delivered
TXN-10106,2023-04-13,CUST-1811,Corporate,Central,Sports & Outdoors,Outdoor Gear,Tactical Multi-Pocket Hiking Backpack,68.0,36.0,1,0.05,64.6,28.6,Net Banking,Shipped
TXN-11537,2023-09-12,CUST-1434,Corporate,North,Sports & Outdoors,Strength Training,Adjustable Quick-Select Dumbbell Set,159.0,102.0,1,0.1,143.1,41.1,Net Banking,Shipped
TXN-11919,04/08/2023,CUST-1384,Consumer,North,Beauty & Personal Care,Skincare,Revitalizing Night Face Cream,35.0,12.0,3,0.0,105.0,69.0,Debit Card,Delivered
TXN-10122,07-07-2023,CUST-1271,Consumer,West, Sports & Outdoors ,Fitness,Eco-Friendly Yoga Mat with Strap,32.0,14.0,1,0.0,32.0,18.0,Net Banking,Pending
TXN-12008,12-03-2023,CUST-1986,Consumer,East,Sports & Outdoors,Camping,Waterproof 4-Person Camping Tent,139.0,88.0,2,0.1,250.2,74.2,Debit Card,Shipped
TXN-12709,2023-07-08,CUST-1045,Consumer,South,Home & Kitchen,Coffee Makers,Automatic Espresso & Cappuccino Maker,229.0,155.0,1,0.05,217.55,62.55,Debit Card,Cancelled
TXN-11707,2023-02-12,CUST-1808,Consumer,Central,Electronics,Television,Ultra HD Smart LED TV 55-inch,649.0,490.0,6,0.1,3504.6,564.6,,Pending
TXN-11237,2023-04-21,CUST-1619,Consumer,Central,Electronics,Audio,Noise-Canceling Wireless Headphones,179.0,110.0,2,0.1,322.2,102.2,Net Banking,Pending
TXN-10116,06/27/2023,CUST-1231,Consumer,East,Home & Kitchen,Bedding,Orthopedic Memory Foam Pillow,39.0,18.0,3,0.0,117.0,63.0,Net Banking,Delivered
TXN-11271,10/14/2023,CUST-1235,Consumer,East,Sports & Outdoors,Fitness,Eco-Friendly Yoga Mat with Strap,32.0,14.0,1,0.15,27.2,13.2,Credit Card,Cancelled
TXN-11231,2023-10-12,CUST-1554,Consumer,South,Home & Kitchen,Bedding,Orthopedic Memory Foam Pillow,39.0,18.0,1,0.0,39.0,21.0,Credit Card,Shipped
TXN-12014,2023-10-28,CUST-1822,Consumer,West,Clothing,Men's Apparel,Men's Slim Fit Denim Jeans,$49.00,22.0,2,0.1,88.2,44.2,Net Banking,Cancelled
TXN-12648,2023-12-10,CUST-1878,Corporate,West,Sports & Outdoors,Fitness,Eco-Friendly Yoga Mat with Strap,32.0,14.0,2,0.2,51.2,23.2,UPI / Digital Wallet,Shipped
TXN-12786,2023-04-23,CUST-1094,Home Office,NORTH,Home & Kitchen,Coffee Makers,Automatic Espresso & Cappuccino Maker,229.0,155.0,0,0.0,229.0,74.0,Cash on Delivery,Delivered
TXN-11695,2023-06-01,CUST-1417,Consumer,CENTRAL,Electronics,Laptops & PCs,Ultra-Slim 14-inch Laptop,950.0,740.0,2,0.1,1710.0,230.0,Debit Card,Delivered
TXN-11612,08-08-2023,CUST-1454,Home Office,Central, Sports & Outdoors ,Strength Training,Adjustable Quick-Select Dumbbell Set,159.0,102.0,1,0.05,151.05,49.05,Cash on Delivery,Shipped
TXN-10673,2023-04-23,CUST-1142,Corporate,East,Electronics,Audio,Noise-Canceling Wireless Headphones,179.0,110.0,2,0.0,358.0,138.0,Cash on Delivery,Delivered
TXN-10846,2023-07-26,CUST-1314,Corporate,Central, Beauty & Personal Care ,Haircare,Argan Oil Repair Shampoo & Conditioner,24.0,8.5,1,0.05,22.8,14.3,Credit Card,Delivered
TXN-12187,27-06-2023,CUST-1599,Home Office,North,Clothing,Men's Apparel,Men's Slim Fit Denim Jeans,49.0,22.0,3,0.15,124.95,58.95,,Delivered
TXN-10592,12/13/2023,CUST-1201,Corporate,West,Electronics,Audio,Bluetooth Portable Speaker,49.0,26.0,2,0.05,93.1,41.1,Debit Card,Delivered
TXN-12737,08/06/2023,CUST-1115,Consumer,SOUTH,Sports & Outdoors,Camping,Waterproof 4-Person Camping Tent,139.0,88.0,4,0.15,472.6,120.6,Cash on Delivery,Cancelled
TXN-10889,2023-04-15,CUST-1075,Consumer,North,Home & Kitchen,Coffee Makers,Automatic Espresso & Cappuccino Maker,229.0,155.0,1,0.15,194.65,39.65,Cash on Delivery,Delivered
TXN-11573,2023-12-22,CUST-1864,Consumer,Central,Beauty & Personal Care,Oral Care,Rechargeable Sonic Electric Toothbrush,69.0,34.0,1,0.0,69.0,35.0,Cash on Delivery,Pending
TXN-11236,2023-10-29,CUST-1748,Home Office,  south  ,Home & Kitchen,Storage,Glass Food Storage Containers (Set of 6),28.0,13.0,2,0.1,50.4,24.4,Credit Card,Shipped
TXN-12435,2023-01-21,CUST-1302,Corporate,East,Clothing,Men's Apparel,Classic Organic Cotton T-Shirt,22.0,8.5,4,0.0,88.0,54.0,Credit Card,Delivered
TXN-10214,11-11-2023,CUST-1952,Corporate,WEST,Clothing,Men's Apparel,Men's Slim Fit Denim Jeans,49.0,22.0,2,0.05,93.1,49.1,UPI / Digital Wallet,Delivered
TXN-11804,2023-02-09,CUST-1437,Corporate,West,Clothing,Footwear,Breathable Mesh Running Shoes,79.0,39.0,2,0.1,142.2,64.2,Credit Card,Pending
TXN-11558,2023-01-13,CUST-1401,Home Office,West,Sports & Outdoors,Fitness,Eco-Friendly Yoga Mat with Strap,32.0,14.0,2,0.15,54.4,26.4,Cash on Delivery,Pending
TXN-10801,2023-02-10,CUST-1905,Home Office,South,Sports & Outdoors,Camping,Waterproof 4-Person Camping Tent,139.0,88.0,4,0.0,556.0,204.0,UPI / Digital Wallet,Delivered
TXN-12345,2023-07-01,CUST-1260,Consumer,North,Beauty & Personal Care,Hair Styling,Ionic Salon Hair Dryer,75.0,36.0,1,0.1,67.5,31.5,Cash on Delivery,Delivered
TXN-11374,2023-08-03,CUST-1895,Consumer,West,Electronics,Smartphones,Smartphone Pro 128GB,799.0,610.0,1,0.0,799.0,189.0,UPI / Digital Wallet,Delivered
TXN-12205,2023-06-14,CUST-1221,Home Office,East, Home & Kitchen ,Small Appliances,Digital Air Fryer 5.8 Qt,89.0,56.0,3,0.05,253.65,85.65,Cash on Delivery,Pending
TXN-12517,2023-04-18,CUST-1108,Corporate,Central,Electronics,Audio,Bluetooth Portable Speaker,$49.00,26.0,2,0.05,93.1,41.1,Cash on Delivery,Delivered
TXN-12563,06/05/2023,CUST-1501,Consumer,West,Home & Kitchen,Small Appliances,Digital Air Fryer 5.8 Qt,$89.00,56.0,5,0.05,422.75,142.75,Cash on Delivery,Shipped
TXN-10274,2023-03-14,CUST-1569,Corporate,Central,Electronics,Audio,Bluetooth Portable Speaker,49.0,26.0,1,0.15,41.65,15.65,Net Banking,Pending
TXN-10072,2023-09-10,CUST-1312,Corporate,South,Electronics,Audio,Bluetooth Portable Speaker,49.0,26.0,1,0.15,41.65,15.65,Cash on Delivery,Delivered
TXN-12267,2023-02-03,CUST-1393,,North,Electronics,Audio,Bluetooth Portable Speaker,49.0,26.0,2,0.15,83.3,31.3,Credit Card,Delivered
TXN-11088,2023-07-20,CUST-1289,Home Office,South,Electronics,Accessories,USB-C Multiport Fast Hub,34.0,15.0,1,0.1,30.6,15.6,Cash on Delivery,Shipped
TXN-10395,2023-01-31,CUST-1341,Corporate,South,Clothing,Women's Apparel,Women's Floral Cotton Dress,59.0,26.0,5,0.05,280.25,150.25,Credit Card,Shipped
TXN-10584,2023-04-23,CUST-1288,Home Office,North,Beauty & Personal Care,Hair Styling,Ionic Salon Hair Dryer,75.0,36.0,1,0.1,67.5,31.5,Debit Card,Pending
TXN-11772,11/22/2023,CUST-1496,Corporate,West,Electronics,Wearables,Smart Fitness Health Watch,129.0,75.0,1,0.0,129.0,54.0,Net Banking,Delivered
TXN-11780,2023-04-09,CUST-1802,Corporate,South,Beauty & Personal Care,Skincare,Hydrating Hyaluronic Acid Serum,29.0,9.5,2,0.15,49.3,30.3,Debit Card,Delivered
TXN-10501,2023-05-24,CUST-1847,Corporate,West,Sports & Outdoors,Outdoor Gear,Tactical Multi-Pocket Hiking Backpack,68.0,36.0,2,0.0,136.0,64.0,Debit Card,Pending
TXN-12016,12/22/2023,CUST-1469,Corporate,North,Home & Kitchen,Small Appliances,Digital Air Fryer 5.8 Qt,89.0,56.0,1,0.25,66.75,10.75,Credit Card,Delivered
TXN-12098,2023-02-13,CUST-1142,Corporate,East,Beauty & Personal Care,Hair Styling,Ionic Salon Hair Dryer,75.0,36.0,3,0.1,202.5,94.5,Debit Card,Shipped
TXN-11012,2023-08-19,CUST-1229,Home Office,  south  ,Clothing,Women's Apparel,Women's Floral Cotton Dress,59.0,26.0,1,0.0,59.0,33.0,,Delivered
TXN-12592,2023-09-21,CUST-1412,Consumer,South,Electronics,Audio,Bluetooth Portable Speaker,49.0,26.0,2,0.15,83.3,31.3,Credit Card,Pending
TXN-12589,2023-08-05,CUST-1505,Corporate,East,Beauty & Personal Care,Skincare,Revitalizing Night Face Cream,35.0,12.0,1,0.0,35.0,23.0,Credit Card,Shipped
TXN-11563,2023-07-28,CUST-1542,Consumer,Central,Home & Kitchen,Cleaning,Robot Smart Vacuum Cleaner,279.0,215.0,8,0.0,2232.0,512.0,UPI / Digital Wallet,Shipped
TXN-10206,2023-06-19,CUST-1829,Consumer,North, Electronics ,Audio,Bluetooth Portable Speaker,49.0,26.0,1,0.1,44.1,18.1,Net Banking,Shipped
TXN-10734,04/30/2023,CUST-1051,Corporate,Central, Electronics ,Audio,Bluetooth Portable Speaker,49.0,26.0,2,0.0,98.0,46.0,Net Banking,Delivered
TXN-10527,2023-10-20,CUST-1084,Consumer,NORTH, Beauty & Personal Care ,Hair Styling,Ionic Salon Hair Dryer,75.0,36.0,1,0.1,67.5,31.5,Debit Card,Delivered
TXN-11243,2023-12-27,CUST-1166,Corporate,NORTH,Sports & Outdoors,Outdoor Gear,Tactical Multi-Pocket Hiking Backpack,68.0,36.0,3,0.25,153.0,45.0,UPI / Digital Wallet,Shipped
TXN-10899,2023-11-12,CUST-1703,Corporate,Central,Beauty & Personal Care,Hair Styling,Ionic Salon Hair Dryer,75.0,36.0,1,0.15,63.75,27.75,UPI / Digital Wallet,Cancelled
TXN-10378,2023-03-13,CUST-1223,Home Office,South,Sports & Outdoors,Outdoor Gear,Tactical Multi-Pocket Hiking Backpack,68.0,36.0,2,0.0,136.0,64.0,Debit Card,Shipped
TXN-11551,2023-07-26,CUST-1813,Home Office,West,Sports & Outdoors,Outdoor Gear,Tactical Multi-Pocket Hiking Backpack,68.0,36.0,5,0.05,323.0,143.0,Credit Card,Delivered
TXN-12534,05-04-2023,CUST-1712,Consumer,South,Home & Kitchen,Cookware,Stainless Steel 10-Piece Cookware Set,169.0,112.0,2,0.15,287.3,63.3,Net Banking,Delivered
TXN-11599,2023-02-26,CUST-1054,Corporate,South,Home & Kitchen,Cleaning,Robot Smart Vacuum Cleaner,279.0,215.0,1,0.1,251.1,36.1,Debit Card,Delivered
TXN-10387,05/23/2023,CUST-1872,Corporate,East,Clothing,Women's Apparel,Women's Floral Cotton Dress,59.0,26.0,1,0.05,56.05,30.05,Credit Card,Cancelled
TXN-10199,11-04-2023,CUST-1506,Consumer,South,Beauty & Personal Care,Hair Styling,Ionic Salon Hair Dryer,75.0,36.0,4,0.0,300.0,156.0,,Delivered
TXN-11051,2023-01-13,CUST-1708,Corporate,North,Sports & Outdoors,Hydration,Insulated Vacuum Water Bottle 1L,24.0,9.5,3,0.0,72.0,43.5,Debit Card,Cancelled
TXN-10591,2023-10-08,CUST-1718,Home Office,North,Electronics,Television,Ultra HD Smart LED TV 55-inch,649.0,490.0,1,0.15,551.65,61.65,UPI / Digital Wallet,Shipped
TXN-10520,2023-12-29,CUST-1771,Consumer,East,Clothing,Men's Apparel,Men's Slim Fit Denim Jeans,49.0,22.0,2,0.1,88.2,44.2,,Pending
TXN-12004,2023-11-17,CUST-1338,Home Office,West,Sports & Outdoors,Hydration,Insulated Vacuum Water Bottle 1L,24.0,9.5,2,0.0,48.0,29.0,Net Banking,Shipped
TXN-10430,2023-08-01,CUST-1747,Consumer,North,Electronics,Television,Ultra HD Smart LED TV 55-inch,649.0,490.0,3,0.15,1654.95,184.95,Debit Card,Delivered
TXN-11084,2023-05-09,CUST-1124,Home Office,West,Sports & Outdoors,Camping,Waterproof 4-Person Camping Tent,139.0,88.0,1,0.05,132.05,44.05,Debit Card,Delivered
TXN-10208,2023-09-27,CUST-1906,Corporate,North,Clothing,Men's Apparel,Men's Slim Fit Denim Jeans,49.0,22.0,2,0.15,83.3,39.3,UPI / Digital Wallet,Shipped
TXN-10492,24-03-2023,CUST-1022,Corporate,East,Clothing,Footwear,Breathable Mesh Running Shoes,79.0,39.0,2,0.1,142.2,64.2,Debit Card,Pending
TXN-12753,06/01/2023,CUST-1217,Consumer,East,Beauty & Personal Care,Hair Styling,Ionic Salon Hair Dryer,75.0,36.0,5,0.1,337.5,157.5,UPI / Digital Wallet,Shipped
TXN-10793,2023-04-28,CUST-1662,Corporate,South,Electronics,Television,Ultra HD Smart LED TV 55-inch,649.0,490.0,2,0.0,1298.0,318.0,Cash on Delivery,Delivered
TXN-11814,2023-07-17,CUST-1887,Corporate,South,Electronics,Wearables,Smart Fitness Health Watch,129.0,75.0,1,0.15,109.65,34.65,Debit Card,Delivered
TXN-11187,2023-02-07,CUST-1174,Consumer,Central,Sports & Outdoors,Outdoor Gear,Tactical Multi-Pocket Hiking Backpack,68.0,36.0,2,0.0,136.0,64.0,Credit Card,Pending
TXN-11186,2023-08-19,CUST-1087,Consumer,South,Home & Kitchen,Small Appliances,Digital Air Fryer 5.8 Qt,$89.00,56.0,4,0.1,320.4,96.4,UPI / Digital Wallet,Cancelled
TXN-11579,10/31/2023,CUST-1244,Home Office,North,Electronics,Audio,Bluetooth Portable Speaker,49.0,26.0,1,0.15,41.65,15.65,UPI / Digital Wallet,Cancelled
TXN-11212,2023-08-07,CUST-1191,Consumer,East, Electronics ,Audio,Noise-Canceling Wireless Headphones,179.0,110.0,2,0.0,358.0,138.0,Cash on Delivery,Delivered
TXN-10084,09-06-2023,CUST-1379,Consumer,Central,Beauty & Personal Care,Hair Styling,Ionic Salon Hair Dryer,75.0,36.0,1,0.15,63.75,27.75,Credit Card,Delivered
TXN-12237,2023-06-07,CUST-1423,Home Office,West,Clothing,Women's Apparel,Women's Floral Cotton Dress,59.0,26.0,3,0.05,168.15,90.15,Net Banking,Delivered
TXN-12415,2023-04-18,CUST-1317,Home Office,East,Home & Kitchen,Bedding,Orthopedic Memory Foam Pillow,39.0,18.0,1,0.0,39.0,21.0,Credit Card,Pending
TXN-10021,2023-09-28,CUST-1670,Home Office,East,Electronics,Smartphones,Smartphone Pro 128GB,799.0,610.0,2,0.15,1358.3,138.3,Credit Card,Delivered
TXN-11252,2023-08-21,CUST-1816,Consumer,East,Clothing,Clearance,Budget Graphic Polyester Tee,14.0,13.5,2,0.4,16.8,-10.2,UPI / Digital Wallet,Delivered
TXN-12674,2023-01-28,CUST-1374,Corporate,East,Electronics,Audio,Bluetooth Portable Speaker,49.0,26.0,1,0.05,46.55,20.55,Cash on Delivery,Delivered
TXN-11743,08/20/2023,CUST-1699,Home Office,East, Home & Kitchen ,Coffee Makers,Automatic Espresso & Cappuccino Maker,229.0,155.0,1,0.05,217.55,62.55,Net Banking,Cancelled
TXN-12545,2023-04-13,CUST-1344,Home Office,North,Home & Kitchen,Bedding,Orthopedic Memory Foam Pillow,39.0,18.0,3,0.15,99.45,45.45,Cash on Delivery,Delivered
TXN-11742,2023-03-22,CUST-1160,Home Office,West,Electronics,Audio,Bluetooth Portable Speaker,49.0,26.0,2,0.0,98.0,46.0,Credit Card,Delivered
TXN-10974,,CUST-1111,Consumer,South,Electronics,Television,Ultra HD Smart LED TV 55-inch,649.0,490.0,3,0.1,1752.3,282.3,Net Banking,Delivered
TXN-12640,2023-05-14,CUST-1504,Consumer,Central,Clothing,Women's Apparel,Women's Floral Cotton Dress,59.0,26.0,2,0.0,118.0,66.0,Cash on Delivery,Pending
TXN-10884,2023-03-01,CUST-1459,Corporate,South,Beauty & Personal Care,Oral Care,Rechargeable Sonic Electric Toothbrush,$69.00,34.0,2,0.05,131.1,63.1,Debit Card,Delivered
TXN-11099,2023-03-31,CUST-1960,Home Office,East,Electronics,Audio,Noise-Canceling Wireless Headphones,179.0,110.0,6,0.0,1074.0,414.0,Cash on Delivery,Shipped
TXN-12000,2023-11-26,CUST-1752,Home Office,West,Home & Kitchen,Cleaning,Robot Smart Vacuum Cleaner,279.0,215.0,3,0.2,669.6,24.6,Credit Card,Pending
TXN-12523,04/24/2023,CUST-1121,Corporate,North,Clothing,Men's Apparel,Men's Slim Fit Denim Jeans,49.0,22.0,3,0.0,147.0,81.0,Net Banking,Shipped
TXN-10887,2023-12-17,CUST-1295,Corporate,North,Home & Kitchen,Bedding,Orthopedic Memory Foam Pillow,39.0,18.0,3,0.05,111.15,57.15,Net Banking,Cancelled
TXN-11437,2023-06-17,CUST-1980,Consumer,East,Beauty & Personal Care,Skincare,Hydrating Hyaluronic Acid Serum,29.0,9.5,3,0.1,78.3,49.8,UPI / Digital Wallet,Delivered
TXN-12343,2023-01-28,CUST-1290,Home Office,Central,Electronics,Laptops & PCs,Ultra-Slim 14-inch Laptop,950.0,740.0,1,0.1,855.0,115.0,Net Banking,Delivered
TXN-11352,2023-01-15,CUST-1600,Home Office,Central,Beauty & Personal Care,Skincare,Revitalizing Night Face Cream,35.0,12.0,1,0.0,35.0,23.0,Net Banking,Delivered
TXN-12397,2023-08-13,CUST-1067,Corporate,South,Electronics,Television,Ultra HD Smart LED TV 55-inch,649.0,490.0,1,0.1,584.1,94.1,UPI / Digital Wallet,Delivered
TXN-12160,2023-11-20,CUST-1609,Consumer,North,Beauty & Personal Care,Oral Care,Rechargeable Sonic Electric Toothbrush,69.0,34.0,1,0.25,51.75,17.75,Cash on Delivery,Delivered
TXN-12504,2023-09-15,CUST-1520,Corporate,North,Sports & Outdoors,Outdoor Gear,Tactical Multi-Pocket Hiking Backpack,68.0,36.0,1,0.0,68.0,32.0,Credit Card,Delivered
TXN-10459,2023-02-28,CUST-1245,Corporate,East,Electronics,Television,Ultra HD Smart LED TV 55-inch,649.0,490.0,1,0.0,649.0,159.0,Cash on Delivery,Pending
TXN-11701,2023-12-03,CUST-1143,Corporate,South,Clothing,Outerwear,Fleece Zip Hooded Sweatshirt,45.0,21.0,1,0.2,36.0,15.0,Cash on Delivery,Pending
TXN-10079,2023-08-09,CUST-1620,Home Office,Central,Electronics,Audio,Bluetooth Portable Speaker,49.0,26.0,3,0.0,147.0,69.0,Debit Card,Shipped
TXN-12755,2023-12-03,CUST-1698,Corporate,Central,Home & Kitchen,Cleaning,Robot Smart Vacuum Cleaner,279.0,215.0,2,0.1,502.2,72.2,Net Banking,Delivered
TXN-11057,2023-04-05,CUST-1539,,North,Electronics,Television,Ultra HD Smart LED TV 55-inch,649.0,490.0,1,0.05,616.55,126.55,Cash on Delivery,Delivered
TXN-10907,2023-03-23,CUST-1420,Home Office,East,Home & Kitchen,Cleaning,Robot Smart Vacuum Cleaner,279.0,215.0,2,0.1,502.2,72.2,Debit Card,Delivered
TXN-11414,,CUST-1031,Home Office,Central,Beauty & Personal Care,Skincare,Revitalizing Night Face Cream,35.0,12.0,1,0.05,33.25,21.25,Net Banking,Shipped
TXN-12090,2023-07-14,CUST-1720,Corporate,Central,Sports & Outdoors,Outdoor Gear,Tactical Multi-Pocket Hiking Backpack,68.0,36.0,1,0.1,61.2,25.2,Credit Card,Delivered
TXN-12548,2023-08-06,CUST-1032,Corporate,Central,Home & Kitchen,Cookware,Stainless Steel 10-Piece Cookware Set,169.0,112.0,1,0.05,160.55,48.55,Debit Card,Delivered
TXN-10381,04/07/2023,CUST-1143,Consumer,WEST,Home & Kitchen,Cleaning,Robot Smart Vacuum Cleaner,279.0,215.0,1,0.05,265.05,50.05,UPI / Digital Wallet,Cancelled
TXN-11868,2023-09-18,CUST-1002,Corporate,  east  ,Home & Kitchen,Coffee Makers,Automatic Espresso & Cappuccino Maker,229.0,155.0,3,0.1,618.3,153.3,Cash on Delivery,Delivered
TXN-12746,08/09/2023,CUST-1306,Consumer,South,Home & Kitchen,Cleaning,Robot Smart Vacuum Cleaner,279.0,215.0,1,0.1,251.1,36.1,UPI / Digital Wallet,Delivered
TXN-10716,2023-02-06,CUST-1560,Consumer,West,Clothing,Men's Apparel,Classic Organic Cotton T-Shirt,22.0,8.5,1,0.15,18.7,10.2,Debit Card,Pending
TXN-11721,2023-07-28,CUST-1377,Consumer,East,Beauty & Personal Care,Oral Care,Rechargeable Sonic Electric Toothbrush,69.0,34.0,3,0.1,186.3,84.3,Cash on Delivery,Pending
TXN-10687,2023-11-14,CUST-1889,Corporate,East,Sports & Outdoors,Fitness,Eco-Friendly Yoga Mat with Strap,32.0,14.0,1,0.0,32.0,18.0,Debit Card,Cancelled
TXN-12425,2023-12-24,CUST-1590,Home Office,North,Electronics,Smartphones,Smartphone Pro 128GB,799.0,610.0,2,0.25,1198.5,-21.5,Net Banking,Cancelled
TXN-10306,2023-01-05,CUST-1485,Home Office,Central,Electronics,Accessories,USB-C Multiport Fast Hub,34.0,15.0,1,0.0,34.0,19.0,UPI / Digital Wallet,Shipped
TXN-10210,29-01-2023,CUST-1940,Corporate,Central,Sports & Outdoors,Fitness,Eco-Friendly Yoga Mat with Strap,32.0,14.0,8,0.0,256.0,144.0,UPI / Digital Wallet,Delivered
TXN-11341,2023-11-25,CUST-1382,Consumer,  central  ,Clothing,Men's Apparel,Classic Organic Cotton T-Shirt,22.0,8.5,1,0.05,20.9,12.4,UPI / Digital Wallet,Delivered
TXN-12096,2023-05-13,CUST-1810,Corporate,South,Sports & Outdoors,Hydration,Insulated Vacuum Water Bottle 1L,24.0,9.5,3,0.0,72.0,43.5,Net Banking,Cancelled
TXN-11115,2023-06-16,CUST-1979,Corporate,West,Sports & Outdoors,Hydration,Insulated Vacuum Water Bottle 1L,24.0,9.5,3,0.15,61.2,32.7,Net Banking,Shipped
TXN-11390,2023-07-21,CUST-1207,Corporate,South,Beauty & Personal Care,Skincare,Hydrating Hyaluronic Acid Serum,29.0,9.5,5,0.0,145.0,97.5,Debit Card,Delivered
TXN-10886,2023-04-12,CUST-1782,Corporate,West,Clothing,Footwear,Breathable Mesh Running Shoes,79.0,39.0,4,0.1,284.4,128.4,Cash on Delivery,Delivered
TXN-12595,2023-01-12,CUST-1429,Corporate,South,Sports & Outdoors,Outdoor Gear,Tactical Multi-Pocket Hiking Backpack,68.0,36.0,1,0.0,68.0,32.0,Cash on Delivery,Shipped
TXN-11957,2023-08-05,CUST-1607,Home Office,South,Home & Kitchen,Small Appliances,Digital Air Fryer 5.8 Qt,89.0,56.0,1,0.0,89.0,33.0,Net Banking,Delivered
TXN-11498,2023-03-15,CUST-1674,Corporate,South,Clothing,Footwear,Breathable Mesh Running Shoes,79.0,39.0,1,0.05,75.05,36.05,,Delivered
TXN-11746,2023-03-16,CUST-1741,Consumer,Central,Clothing,Men's Apparel,Men's Slim Fit Denim Jeans,49.0,22.0,3,0.15,124.95,58.95,Credit Card,Delivered
TXN-10192,2023-10-02,CUST-1656,Home Office,North,Electronics,Television,Ultra HD Smart LED TV 55-inch,649.0,490.0,1,0.05,616.55,126.55,Debit Card,Delivered
TXN-11568,2023-12-24,CUST-1780,Corporate,Central, Home & Kitchen ,Cookware,Stainless Steel 10-Piece Cookware Set,169.0,112.0,1,0.25,126.75,14.75,UPI / Digital Wallet,Delivered
TXN-10484,2023-05-08,CUST-1862,Home Office,North,Home & Kitchen,Bedding,Orthopedic Memory Foam Pillow,39.0,18.0,1,0.15,33.15,15.15,Credit Card,Delivered
TXN-10916,,CUST-1191,Corporate,North,Clothing,Footwear,Breathable Mesh Running Shoes,79.0,39.0,2,0.15,134.3,56.3,Debit Card,Pending
TXN-12459,2023-05-14,CUST-1518,Corporate,North,Electronics,Accessories,USB-C Multiport Fast Hub,34.0,15.0,1,0.0,34.0,19.0,Credit Card,Delivered
TXN-10278,2023-05-22,CUST-1447,Corporate,West,Sports & Outdoors,Camping,Waterproof 4-Person Camping Tent,139.0,88.0,1,0.05,132.05,44.05,Cash on Delivery,Delivered
TXN-10989,03/17/2023,CUST-1769,Corporate,East,Home & Kitchen,Small Appliances,Digital Air Fryer 5.8 Qt,89.0,56.0,3,0.0,267.0,99.0,Debit Card,Delivered
TXN-11314,2023-02-27,CUST-1679,Home Office,West,Beauty & Personal Care,Skincare,Revitalizing Night Face Cream,35.0,12.0,1,0.0,35.0,23.0,Cash on Delivery,Pending
TXN-11702,01/18/2023,CUST-1041,Home Office,North,Beauty & Personal Care,Skincare,Revitalizing Night Face Cream,35.0,12.0,3,0.0,105.0,69.0,Cash on Delivery,Cancelled
TXN-11467,2023-11-17,CUST-1087,Consumer,SOUTH,Sports & Outdoors,Fitness,Eco-Friendly Yoga Mat with Strap,32.0,14.0,1,0.2,25.6,11.6,Debit Card,Delivered
TXN-10572,2023-08-06,CUST-1395,Corporate,North,Beauty & Personal Care,Hair Styling,Ionic Salon Hair Dryer,75.0,36.0,1,0.1,67.5,31.5,Credit Card,Cancelled
TXN-10994,2023-04-11,CUST-1937,Consumer,West,Electronics,Audio,Noise-Canceling Wireless Headphones,179.0,110.0,2,0.05,340.1,120.1,Credit Card,Delivered
TXN-11269,03/20/2023,CUST-1580,Home Office,South,Beauty & Personal Care,Skincare,Revitalizing Night Face Cream,35.0,12.0,3,0.0,105.0,69.0,UPI / Digital Wallet,Shipped
TXN-10586,07/08/2023,CUST-1587,Home Office,Central,Electronics,Television,Ultra HD Smart LED TV 55-inch,649.0,490.0,3,0.1,1752.3,282.3,Credit Card,Delivered
TXN-11432,2023-02-01,CUST-1741,Consumer,East,Electronics,Wearables,Smart Fitness Health Watch,129.0,75.0,1,0.05,122.55,47.55,Net Banking,Delivered
TXN-10434,03-11-2023,CUST-1751,Corporate,East,Electronics,Accessories,USB-C Multiport Fast Hub,34.0,15.0,2,0.05,64.6,34.6,Debit Card,Delivered
TXN-12336,2023-12-15,CUST-1112,Consumer,South,Sports & Outdoors,Camping,Waterproof 4-Person Camping Tent,139.0,88.0,4,0.0,556.0,204.0,Cash on Delivery,Delivered
TXN-10675,2023-06-13,CUST-1836,Consumer,West, Beauty & Personal Care ,Skincare,Hydrating Hyaluronic Acid Serum,29.0,9.5,1,0.1,26.1,16.6,Net Banking,Delivered
TXN-12594,2023-12-22,CUST-1386,Home Office,West,Home & Kitchen,Bedding,Orthopedic Memory Foam Pillow,39.0,18.0,2,0.25,58.5,22.5,Net Banking,Delivered
TXN-10856,2023-11-22,CUST-1170,Home Office,South,Beauty & Personal Care,Skincare,Hydrating Hyaluronic Acid Serum,29.0,9.5,1,0.25,21.75,12.25,Net Banking,Shipped
TXN-10448,2023-09-10,CUST-1786,Corporate,West,Sports & Outdoors,Strength Training,Adjustable Quick-Select Dumbbell Set,$159.00,102.0,2,0.05,302.1,98.1,Net Banking,Delivered
TXN-11284,2023-05-15,CUST-1772,Corporate,South,Sports & Outdoors,Hydration,Insulated Vacuum Water Bottle 1L,24.0,9.5,4,0.05,91.2,53.2,UPI / Digital Wallet,Delivered
TXN-11499,2023-10-19,CUST-1273,Home Office,SOUTH,Sports & Outdoors,Camping,Waterproof 4-Person Camping Tent,139.0,88.0,3,0.0,417.0,153.0,Cash on Delivery,Cancelled
TXN-11718,01/19/2023,CUST-1641,Corporate,North,Home & Kitchen,Coffee Makers,Automatic Espresso & Cappuccino Maker,229.0,155.0,1,0.15,194.65,39.65,Net Banking,Delivered
TXN-12133,2023-09-21,CUST-1481,Corporate,North, Clothing ,Outerwear,Fleece Zip Hooded Sweatshirt,45.0,21.0,2,0.05,85.5,43.5,Cash on Delivery,Delivered
TXN-12527,07/02/2023,CUST-1464,Corporate,East,Sports & Outdoors,Fitness,Eco-Friendly Yoga Mat with Strap,32.0,14.0,1,0.1,28.8,14.8,Net Banking,Pending
TXN-12253,2023-07-31,CUST-1184,Consumer,North,Home & Kitchen,Cookware,Stainless Steel 10-Piece Cookware Set,169.0,112.0,1,0.1,152.1,40.1,Debit Card,Delivered
TXN-12309,2023-01-18,CUST-1725,Corporate,East,Beauty & Personal Care,Hair Styling,Ionic Salon Hair Dryer,75.0,36.0,1,0.0,75.0,39.0,Credit Card,Pending
TXN-12524,2023-12-07,CUST-1802,Consumer,South,Beauty & Personal Care,Skincare,Hydrating Hyaluronic Acid Serum,29.0,9.5,1,0.0,29.0,19.5,Debit Card,Pending
TXN-11248,2023-12-02,CUST-1964,Home Office,North,Clothing,Men's Apparel,Classic Organic Cotton T-Shirt,22.0,8.5,1,0.05,20.9,12.4,Net Banking,Pending
TXN-10295,2023-01-30,CUST-1612,Consumer,West,Sports & Outdoors,Fitness,Eco-Friendly Yoga Mat with Strap,32.0,14.0,3,0.1,86.4,44.4,Debit Card,Cancelled
TXN-10589,2023-07-12,CUST-1722,Home Office,South,Electronics,Laptops & PCs,Ultra-Slim 14-inch Laptop,950.0,740.0,6,0.05,5415.0,975.0,Debit Card,Cancelled
TXN-11287,2023-08-17,CUST-1585,Corporate,North,Electronics,Television,Ultra HD Smart LED TV 55-inch,649.0,490.0,1,0.0,649.0,159.0,Credit Card,Shipped
TXN-10832,2023-05-24,CUST-1256,Consumer,North,Beauty & Personal Care,Skincare,Hydrating Hyaluronic Acid Serum,29.0,9.5,2,0.0,58.0,39.0,UPI / Digital Wallet,Delivered
TXN-11290,2023-08-30,CUST-1860,Home Office,North,Electronics,Smartphones,Smartphone Pro 128GB,799.0,610.0,2,0.1,1438.2,218.2,Net Banking,Delivered
TXN-12127,2023-03-14,CUST-1253,Home Office,North,Home & Kitchen,Cleaning,Robot Smart Vacuum Cleaner,279.0,215.0,2,0.15,474.3,44.3,Credit Card,Delivered
TXN-10426,2023-05-29,CUST-1918,Home Office,South,Sports & Outdoors,Fitness,Eco-Friendly Yoga Mat with Strap,32.0,14.0,6,0.15,163.2,79.2,Cash on Delivery,Delivered
TXN-10535,2023-04-23,CUST-1508,Home Office,West,Electronics,Smartphones,Smartphone Pro 128GB,799.0,610.0,2,0.0,1598.0,378.0,Debit Card,Delivered
TXN-11055,2023-05-01,CUST-1126,Consumer,Central,Home & Kitchen,Cookware,Stainless Steel 10-Piece Cookware Set,169.0,112.0,1,0.05,160.55,48.55,UPI / Digital Wallet,Delivered
TXN-11676,2023-03-21,CUST-1749,Corporate,East,Beauty & Personal Care,Skincare,Revitalizing Night Face Cream,35.0,12.0,1,0.15,29.75,17.75,Credit Card,Cancelled
TXN-12483,21-07-2023,CUST-1837,Corporate,West, Beauty & Personal Care ,Oral Care,Rechargeable Sonic Electric Toothbrush,69.0,34.0,8,0.05,524.4,252.4,UPI / Digital Wallet,Delivered
TXN-11289,2023-07-02,CUST-1919,Home Office,South,Electronics,Audio,Bluetooth Portable Speaker,49.0,26.0,1,0.0,49.0,23.0,Cash on Delivery,Delivered
TXN-10133,,CUST-1858,Consumer,West,Electronics,Laptops & PCs,Ultra-Slim 14-inch Laptop,950.0,740.0,8,0.1,6840.0,920.0,UPI / Digital Wallet,Delivered
TXN-12368,2023-11-02,CUST-1687,Corporate,  south  ,Electronics,Television,Ultra HD Smart LED TV 55-inch,649.0,490.0,4,0.1,2336.4,376.4,Net Banking,Delivered
TXN-11826,2023-10-05,CUST-1987,Corporate,East,Electronics,Audio,Bluetooth Portable Speaker,49.0,26.0,4,0.05,186.2,82.2,Debit Card,Delivered
TXN-11923,2023-07-20,CUST-1125,Home Office,CENTRAL,Home & Kitchen,Cookware,Stainless Steel 10-Piece Cookware Set,169.0,112.0,3,0.0,507.0,171.0,Debit Card,Delivered
TXN-12513,2023-11-13,CUST-1258,Corporate,Central,Clothing,Women's Apparel,Women's Floral Cotton Dress,59.0,26.0,6,0.2,283.2,127.2,Debit Card,Cancelled
TXN-11821,12-09-2023,CUST-1278,Consumer,North,Home & Kitchen,Storage,Glass Food Storage Containers (Set of 6),28.0,13.0,3,0.0,84.0,45.0,UPI / Digital Wallet,Pending
TXN-11423,2023-08-30,CUST-1683,Consumer,East,Electronics,Smartphones,Smartphone Pro 128GB,799.0,610.0,1,0.1,719.1,109.1,Cash on Delivery,Pending
TXN-10557,11/26/2023,CUST-1562,Consumer,South,Electronics,Television,Ultra HD Smart LED TV 55-inch,649.0,490.0,2,0.1,1168.2,188.2,Credit Card,Pending
TXN-11836,11/13/2023,CUST-1632,Corporate,Central,Clothing,Women's Apparel,Women's Floral Cotton Dress,59.0,26.0,1,0.1,53.1,27.1,UPI / Digital Wallet,Delivered
TXN-12164,12/17/2023,CUST-1736,Corporate,East,Electronics,Audio,Noise-Canceling Wireless Headphones,179.0,110.0,3,0.2,429.6,99.6,Debit Card,Cancelled
TXN-12531,10/04/2023,CUST-1797,Corporate,SOUTH,Clothing,Men's Apparel,Men's Slim Fit Denim Jeans,49.0,22.0,1,0.05,46.55,24.55,UPI / Digital Wallet,Shipped
TXN-10571,2023-10-05,CUST-1657,Consumer,South,Electronics,Audio,Bluetooth Portable Speaker,49.0,26.0,1,0.15,41.65,15.65,Cash on Delivery,Delivered
TXN-10353,2023-09-14,CUST-1740,Consumer,  central  ,Electronics,Audio,Bluetooth Portable Speaker,49.0,26.0,1,0.15,41.65,15.65,Cash on Delivery,Shipped
TXN-10092,2023-08-25,CUST-1394,Home Office,West,Home & Kitchen,Storage,Glass Food Storage Containers (Set of 6),28.0,13.0,2,0.0,56.0,30.0,Debit Card,Delivered
TXN-12772,2023-08-28,CUST-1800,Corporate,East, Beauty & Personal Care ,Oral Care,Rechargeable Sonic Electric Toothbrush,69.0,34.0,2,0.0,138.0,70.0,Credit Card,Shipped
TXN-12396,2023-02-19,CUST-1496,Home Office,East,Beauty & Personal Care,Oral Care,Rechargeable Sonic Electric Toothbrush,69.0,34.0,2,0.0,138.0,70.0,Debit Card,Delivered
TXN-11171,2023-11-17,CUST-1404,Home Office,Central,Clothing,Women's Apparel,Women's Floral Cotton Dress,59.0,26.0,2,0.2,94.4,42.4,Debit Card,Cancelled
TXN-11345,07-06-2023,CUST-1372,Corporate,West,Beauty & Personal Care,Skincare,Hydrating Hyaluronic Acid Serum,29.0,9.5,1,0.1,26.1,16.6,UPI / Digital Wallet,Shipped
TXN-11286,2023-11-23,CUST-1049,Home Office,South,Electronics,Television,Ultra HD Smart LED TV 55-inch,649.0,490.0,0,0.15,1103.3,123.3,Net Banking,Cancelled
TXN-11327,2023-10-24,CUST-1430,Home Office,EAST,Beauty & Personal Care,Haircare,Argan Oil Repair Shampoo & Conditioner,24.0,8.5,1,0.05,22.8,14.3,Cash on Delivery,Delivered
TXN-11308,2023-06-28,CUST-1701,Home Office,South,Electronics,Audio,Noise-Canceling Wireless Headphones,179.0,110.0,2,0.05,340.1,120.1,Cash on Delivery,Shipped
TXN-10698,2023-12-27,CUST-1950,Home Office,  central  ,Electronics,Television,Ultra HD Smart LED TV 55-inch,649.0,490.0,2,0.1,1168.2,188.2,Debit Card,Delivered
TXN-12371,2023-03-14,CUST-1240,Corporate,West,Beauty & Personal Care,Skincare,Revitalizing Night Face Cream,35.0,12.0,1,0.05,33.25,21.25,Credit Card,Delivered
TXN-10349,06-11-2023,CUST-1867,Corporate,WEST, Beauty & Personal Care ,Haircare,Argan Oil Repair Shampoo & Conditioner,24.0,8.5,1,0.15,20.4,11.9,Debit Card,Delivered
TXN-11411,2023-07-24,CUST-1994,Consumer,North,Beauty & Personal Care,Oral Care,Rechargeable Sonic Electric Toothbrush,69.0,34.0,0,0.05,131.1,63.1,Credit Card,Cancelled
TXN-12214,2023-04-16,CUST-1163,Home Office,South,Sports & Outdoors,Camping,Waterproof 4-Person Camping Tent,139.0,88.0,4,0.0,556.0,204.0,Net Banking,Cancelled
TXN-12590,2023-03-14,CUST-1155,Consumer,  west  ,Electronics,Television,Ultra HD Smart LED TV 55-inch,649.0,490.0,3,0.05,1849.65,379.65,Net Banking,Delivered
TXN-11138,2023-10-18,CUST-1591,Consumer,South,Electronics,Television,Ultra HD Smart LED TV 55-inch,649.0,490.0,2,0.1,1168.2,188.2,Net Banking,Delivered
TXN-11613,2023-12-10,CUST-1652,Home Office,East,Sports & Outdoors,Outdoor Gear,Tactical Multi-Pocket Hiking Backpack,68.0,36.0,3,0.05,193.8,85.8,Net Banking,Pending
TXN-12055,05-09-2023,CUST-1935,Consumer,West,Home & Kitchen,Small Appliances,Digital Air Fryer 5.8 Qt,89.0,56.0,2,0.05,169.1,57.1,Credit Card,Shipped
TXN-12685,2023-09-17,CUST-1934,Home Office,Central,Sports & Outdoors,Strength Training,Adjustable Quick-Select Dumbbell Set,159.0,102.0,2,0.0,318.0,114.0,UPI / Digital Wallet,Shipped
TXN-12671,2023-01-21,CUST-1789,Home Office,South,Beauty & Personal Care,Hair Styling,Ionic Salon Hair Dryer,75.0,36.0,1,0.05,71.25,35.25,Net Banking,Delivered
TXN-12355,2023-05-12,CUST-1070,Corporate,Central,Electronics,Wearables,Smart Fitness Health Watch,129.0,75.0,3,0.05,367.65,142.65,Net Banking,Cancelled
TXN-10454,2023-06-22,CUST-1211,Home Office,South,Home & Kitchen,Coffee Makers,Automatic Espresso & Cappuccino Maker,229.0,155.0,2,0.05,435.1,125.1,UPI / Digital Wallet,Delivered
TXN-10914,2023-02-14,CUST-1243,Home Office,East,Sports & Outdoors,Hydration,Insulated Vacuum Water Bottle 1L,24.0,9.5,1,0.0,24.0,14.5,Credit Card,Delivered
TXN-11200,2023-02-16,CUST-1726,Consumer,East,Beauty & Personal Care,Skincare,Revitalizing Night Face Cream,35.0,12.0,3,0.0,105.0,69.0,Cash on Delivery,Pending
TXN-11275,2023-02-15,CUST-1678,Consumer,Central,Electronics,Television,Ultra HD Smart LED TV 55-inch,649.0,490.0,1,0.0,649.0,159.0,Cash on Delivery,Pending
TXN-11678,2023-05-10,CUST-1398,Consumer,South,Sports & Outdoors,Fitness,Eco-Friendly Yoga Mat with Strap,32.0,14.0,5,0.15,136.0,66.0,Debit Card,Shipped
TXN-10038,2023-07-21,CUST-1929,Home Office,North,Home & Kitchen,Storage,Glass Food Storage Containers (Set of 6),28.0,13.0,2,0.0,56.0,30.0,Cash on Delivery,Delivered
TXN-10975,2023-05-17,CUST-1585,Consumer,South,Home & Kitchen,Cleaning,Robot Smart Vacuum Cleaner,279.0,215.0,1,0.0,279.0,64.0,Net Banking,Pending
TXN-12622,2023-08-16,CUST-1510,Corporate,West, Electronics ,Wearables,Smart Fitness Health Watch,129.0,75.0,1,0.0,129.0,54.0,Net Banking,Shipped
TXN-10984,2023-02-21,CUST-1069,Consumer,Central,Clothing,Women's Apparel,Women's Floral Cotton Dress,59.0,26.0,3,0.0,177.0,99.0,,Pending
TXN-11621,2023-09-04,CUST-1835,Consumer,Central,Home & Kitchen,Cleaning,Robot Smart Vacuum Cleaner,279.0,215.0,4,0.0,1116.0,256.0,Cash on Delivery,Cancelled
TXN-11764,2023-02-15,CUST-1073,Home Office,Central,Home & Kitchen,Storage,Glass Food Storage Containers (Set of 6),28.0,13.0,3,0.0,84.0,45.0,Net Banking,Cancelled
TXN-11863,2023-05-16,CUST-1078,Corporate,South,Beauty & Personal Care,Haircare,Argan Oil Repair Shampoo & Conditioner,24.0,8.5,2,0.05,45.6,28.6,Credit Card,Delivered
TXN-10040,2023-01-11,CUST-1205,Home Office,West,Beauty & Personal Care,Skincare,Hydrating Hyaluronic Acid Serum,29.0,9.5,1,0.0,29.0,19.5,Credit Card,Pending
TXN-11602,2023-04-30,CUST-1980,Corporate,East,Electronics,Audio,Noise-Canceling Wireless Headphones,179.0,110.0,1,0.05,170.05,60.05,Credit Card,Delivered
TXN-10170,2023-10-29,CUST-1696,Consumer,WEST,Electronics,Television,Ultra HD Smart LED TV 55-inch,649.0,490.0,1,0.0,649.0,159.0,UPI / Digital Wallet,Shipped
TXN-10738,2023-04-25,CUST-1982,Home Office,Central,Home & Kitchen,Storage,Glass Food Storage Containers (Set of 6),28.0,13.0,2,0.15,47.6,21.6,Cash on Delivery,Pending
TXN-12787,2023-12-25,CUST-1723,Consumer,West, Sports & Outdoors ,Hydration,Insulated Vacuum Water Bottle 1L,24.0,9.5,5,0.05,114.0,66.5,Debit Card,Pending
TXN-12551,30-01-2023,CUST-1336,Home Office,East,Home & Kitchen,Coffee Makers,Automatic Espresso & Cappuccino Maker,229.0,155.0,2,0.0,458.0,148.0,Net Banking,Delivered
TXN-12561,2023-05-05,CUST-1347,Home Office,South,Home & Kitchen,Coffee Makers,Automatic Espresso & Cappuccino Maker,229.0,155.0,1,0.05,217.55,62.55,Net Banking,Delivered
TXN-10635,2023-01-23,CUST-1918,Corporate,Central,Beauty & Personal Care,Skincare,Hydrating Hyaluronic Acid Serum,29.0,9.5,1,0.1,26.1,16.6,Net Banking,Delivered
TXN-11726,01/05/2023,CUST-1843,Home Office,South,Electronics,Laptops & PCs,Ultra-Slim 14-inch Laptop,950.0,740.0,2,0.05,1805.0,325.0,Debit Card,Pending
TXN-11291,2023-02-07,CUST-1087,Consumer,East,Clothing,Men's Apparel,Men's Slim Fit Denim Jeans,49.0,22.0,4,0.15,166.6,78.6,Debit Card,Delivered
TXN-10580,2023-07-08,CUST-1255,Corporate,Central,Home & Kitchen,Small Appliances,Digital Air Fryer 5.8 Qt,$89.00,56.0,2,0.1,160.2,48.2,Debit Card,Delivered
TXN-11981,2023-01-21,CUST-1114,Consumer,Central,Sports & Outdoors,Outdoor Gear,Tactical Multi-Pocket Hiking Backpack,68.0,36.0,2,0.15,115.6,43.6,Credit Card,Delivered
TXN-12667,04/29/2023,CUST-1092,Home Office,West,Beauty & Personal Care,Haircare,Argan Oil Repair Shampoo & Conditioner,24.0,8.5,1,0.05,22.8,14.3,UPI / Digital Wallet,Delivered
TXN-10893,2023-12-22,CUST-1733,Consumer,East,Home & Kitchen,Cleaning,Robot Smart Vacuum Cleaner,279.0,215.0,1,0.2,223.2,8.2,Credit Card,Shipped
TXN-12736,2023-06-05,CUST-1590,Corporate,South,Electronics,Wearables,Smart Fitness Health Watch,129.0,75.0,2,0.0,258.0,108.0,Credit Card,Pending
TXN-10781,2023-02-14,CUST-1187,Consumer,SOUTH,Electronics,Accessories,USB-C Multiport Fast Hub,34.0,15.0,1,0.0,34.0,19.0,Debit Card,Cancelled
TXN-10160,2023-08-19,CUST-1280,Corporate,West,Home & Kitchen,Coffee Makers,Automatic Espresso & Cappuccino Maker,229.0,155.0,1,0.15,194.65,39.65,Debit Card,Cancelled
TXN-12250,2023-06-20,CUST-1022,Corporate,South,Sports & Outdoors,Hydration,Insulated Vacuum Water Bottle 1L,24.0,9.5,1,0.0,24.0,14.5,Net Banking,Pending
TXN-11489,2023-11-04,CUST-1656,Corporate,Central, Electronics ,Audio,Bluetooth Portable Speaker,49.0,26.0,1,0.2,39.2,13.2,Cash on Delivery,Delivered
TXN-12193,2023-09-08,CUST-1898,Corporate,East,Home & Kitchen,Small Appliances,Digital Air Fryer 5.8 Qt,89.0,56.0,1,0.0,89.0,33.0,Net Banking,Delivered
TXN-10062,2023-07-29,CUST-1148,Corporate,North,Sports & Outdoors,Hydration,Insulated Vacuum Water Bottle 1L,24.0,9.5,2,0.0,48.0,29.0,UPI / Digital Wallet,Delivered
TXN-10850,2023-08-25,CUST-1998,Corporate,Central,Beauty & Personal Care,Oral Care,Rechargeable Sonic Electric Toothbrush,69.0,34.0,2,0.15,117.3,49.3,Debit Card,Delivered
TXN-11533,12-03-2023,CUST-1605,Corporate,CENTRAL,Electronics,Laptops & PCs,Ultra-Slim 14-inch Laptop,950.0,740.0,1,0.15,807.5,67.5,UPI / Digital Wallet,Delivered
TXN-12733,05-08-2023,CUST-1102,Home Office,South,Beauty & Personal Care,Oral Care,Rechargeable Sonic Electric Toothbrush,69.0,34.0,3,0.0,207.0,105.0,Debit Card,Delivered
TXN-11044,2023-03-02,CUST-1033,Home Office,East,Beauty & Personal Care,Hair Styling,Ionic Salon Hair Dryer,75.0,36.0,4,0.0,300.0,156.0,UPI / Digital Wallet,Cancelled
TXN-12361,,CUST-1539,Consumer,East,Sports & Outdoors,Hydration,Insulated Vacuum Water Bottle 1L,24.0,9.5,1,0.2,19.2,9.7,Cash on Delivery,Delivered
TXN-11740,12/01/2023,CUST-1703,Consumer,West,Beauty & Personal Care,Oral Care,Rechargeable Sonic Electric Toothbrush,69.0,34.0,6,0.15,351.9,147.9,Credit Card,Delivered
TXN-12058,2023-03-20,CUST-1043,Home Office,West,Clothing,Men's Apparel,Classic Organic Cotton T-Shirt,22.0,8.5,1,0.05,20.9,12.4,Net Banking,Cancelled
TXN-11071,2023-10-02,CUST-1533,Corporate,North,Beauty & Personal Care,Hair Styling,Ionic Salon Hair Dryer,75.0,36.0,1,0.05,71.25,35.25,Debit Card,Shipped
TXN-10054,2023-10-22,CUST-1857,Consumer,Central,Electronics,Smartphones,Smartphone Pro 128GB,799.0,610.0,8,0.05,6072.4,1192.4,Debit Card,Shipped
TXN-11998,2023-09-22,CUST-1592,Home Office,North,Home & Kitchen,Storage,Glass Food Storage Containers (Set of 6),28.0,13.0,2,0.0,56.0,30.0,Cash on Delivery,Delivered
TXN-10506,2023-07-09,CUST-1080,Home Office,Central,Beauty & Personal Care,Oral Care,Rechargeable Sonic Electric Toothbrush,69.0,34.0,2,0.15,117.3,49.3,Cash on Delivery,Delivered
TXN-10753,2023-04-03,CUST-1673,Home Office,East,Sports & Outdoors,Outdoor Gear,Tactical Multi-Pocket Hiking Backpack,68.0,36.0,1,0.0,68.0,32.0,Cash on Delivery,Shipped
TXN-11778,06-02-2023,CUST-1799,Corporate,West,Electronics,Smartphones,Smartphone Pro 128GB,$799.00,610.0,2,0.05,1518.1,298.1,Net Banking,Delivered
TXN-11834,2023-06-21,CUST-1487,Consumer,South,Electronics,Television,Ultra HD Smart LED TV 55-inch,649.0,490.0,1,0.05,616.55,126.55,Cash on Delivery,Delivered
TXN-11802,12/10/2023,CUST-1938,Consumer,  west  ,Sports & Outdoors,Hydration,Insulated Vacuum Water Bottle 1L,24.0,9.5,5,0.1,108.0,60.5,Net Banking,Cancelled
TXN-12469,2023-08-08,CUST-1703,Corporate,Central,Clothing,Men's Apparel,Classic Organic Cotton T-Shirt,22.0,8.5,3,0.0,66.0,40.5,Cash on Delivery,Delivered
TXN-11243,2023-12-27,CUST-1166,Corporate,NORTH,Sports & Outdoors,Outdoor Gear,Tactical Multi-Pocket Hiking Backpack,68.0,36.0,3,0.25,153.0,45.0,UPI / Digital Wallet,Shipped
TXN-12145,2023-03-03,CUST-1345,Home Office,South,Home & Kitchen,Storage,Glass Food Storage Containers (Set of 6),28.0,13.0,1,0.15,23.8,10.8,Cash on Delivery,Pending
TXN-11267,2023-10-13,CUST-1915,Home Office,West,Beauty & Personal Care,Haircare,Argan Oil Repair Shampoo & Conditioner,24.0,8.5,5,0.0,120.0,77.5,Cash on Delivery,Cancelled
TXN-12331,2023-08-26,CUST-1030,Home Office,West,Clothing,Men's Apparel,Men's Slim Fit Denim Jeans,49.0,22.0,1,0.1,44.1,22.1,Net Banking,Pending
TXN-12316,2023-10-06,CUST-1025,Corporate,North,Electronics,Television,Ultra HD Smart LED TV 55-inch,649.0,490.0,2,0.1,1168.2,188.2,Net Banking,Shipped
TXN-10772,2023-02-09,CUST-1332,Corporate,Central,Sports & Outdoors,Outdoor Gear,Tactical Multi-Pocket Hiking Backpack,68.0,36.0,5,0.0,340.0,160.0,Cash on Delivery,Cancelled
TXN-12653,2023-08-06,CUST-1962,Consumer,West,Clothing,Men's Apparel,Men's Slim Fit Denim Jeans,49.0,22.0,1,0.1,44.1,22.1,Net Banking,Cancelled
TXN-11576,2023-08-27,CUST-1830,Home Office,North,Home & Kitchen,Small Appliances,Digital Air Fryer 5.8 Qt,89.0,56.0,2,0.05,169.1,57.1,Cash on Delivery,Shipped
TXN-12537,2023-04-08,CUST-1487,Corporate,North,Clothing,Men's Apparel,Classic Organic Cotton T-Shirt,22.0,8.5,2,0.15,37.4,20.4,Cash on Delivery,Pending
TXN-11086,12/18/2023,CUST-1084,Consumer,North,Clothing,Men's Apparel,Classic Organic Cotton T-Shirt,22.0,8.5,3,0.0,66.0,40.5,Cash on Delivery,Pending
TXN-11544,2023-06-23,CUST-1889,Home Office,South,Beauty & Personal Care,Haircare,Argan Oil Repair Shampoo & Conditioner,24.0,8.5,1,0.0,24.0,15.5,Debit Card,Delivered
TXN-11741,2023-06-23,CUST-1802,Consumer,South,Sports & Outdoors,Strength Training,Adjustable Quick-Select Dumbbell Set,159.0,102.0,1,0.1,143.1,41.1,Net Banking,Delivered
TXN-11326,2023-02-21,CUST-1536,Consumer,South,Sports & Outdoors,Hydration,Insulated Vacuum Water Bottle 1L,24.0,9.5,2,0.05,45.6,26.6,Net Banking,Delivered
TXN-12475,2023-04-24,CUST-1090,Home Office,  north  ,Home & Kitchen,Coffee Makers,Automatic Espresso & Cappuccino Maker,229.0,155.0,4,0.15,778.6,158.6,Debit Card,Cancelled
TXN-11539,2023-02-10,CUST-1956,Home Office,Central,Sports & Outdoors,Fitness,Eco-Friendly Yoga Mat with Strap,32.0,14.0,2,0.15,54.4,26.4,Cash on Delivery,Shipped
TXN-11965,10/04/2023,CUST-1873,Consumer,North,Beauty & Personal Care,Skincare,Hydrating Hyaluronic Acid Serum,29.0,9.5,4,0.1,104.4,66.4,Credit Card,Cancelled
TXN-11509,2023-12-10,CUST-1336,Corporate,South,Electronics,Accessories,USB-C Multiport Fast Hub,34.0,15.0,2,0.25,51.0,21.0,Credit Card,Delivered
TXN-11510,2023-09-06,CUST-1955,Corporate,Central,Home & Kitchen,Cookware,Stainless Steel 10-Piece Cookware Set,169.0,112.0,1,0.0,169.0,57.0,Net Banking,Pending
TXN-11540,2023-05-01,CUST-1568,Corporate,West,Electronics,Wearables,Smart Fitness Health Watch,129.0,75.0,3,0.15,328.95,103.95,Net Banking,Shipped
TXN-11164,03-02-2023,CUST-1156,Consumer,East,Home & Kitchen,Small Appliances,Digital Air Fryer 5.8 Qt,89.0,56.0,1,0.15,75.65,19.65,Cash on Delivery,Delivered
TXN-10964,16-03-2023,CUST-1523,Consumer,Central,Sports & Outdoors,Hydration,Insulated Vacuum Water Bottle 1L,24.0,9.5,3,0.1,64.8,36.3,Net Banking,Delivered
TXN-12743,2023-12-24,CUST-1679,Home Office,  north  ,Sports & Outdoors,Fitness,Eco-Friendly Yoga Mat with Strap,32.0,14.0,4,0.0,128.0,72.0,Credit Card,Cancelled
TXN-11495,2023-10-10,CUST-1479,Home Office,Central,Home & Kitchen,Cookware,Stainless Steel 10-Piece Cookware Set,169.0,112.0,2,0.1,304.2,80.2,Credit Card,Cancelled
TXN-10399,2023-02-11,CUST-1349,Consumer,South,Sports & Outdoors,Camping,Waterproof 4-Person Camping Tent,139.0,88.0,2,0.05,264.1,88.1,Net Banking,Delivered
TXN-10585,2023-12-31,CUST-1067,Corporate,Central,Beauty & Personal Care,Hair Styling,Ionic Salon Hair Dryer,75.0,36.0,2,0.15,127.5,55.5,Debit Card,Delivered
TXN-10949,10/27/2023,CUST-1872,Consumer,West, Sports & Outdoors ,Camping,Waterproof 4-Person Camping Tent,139.0,88.0,2,0.0,278.0,102.0,Net Banking,Pending
TXN-10705,19-06-2023,CUST-1708,Home Office,Central,Sports & Outdoors,Hydration,Insulated Vacuum Water Bottle 1L,24.0,9.5,1,0.15,20.4,10.9,Credit Card,Cancelled
TXN-10432,2023-08-26,CUST-1758,Corporate,South,Clothing,Men's Apparel,Men's Slim Fit Denim Jeans,49.0,22.0,1,0.0,49.0,27.0,UPI / Digital Wallet,Cancelled
TXN-10293,2023-03-02,CUST-1676,Consumer,North,Beauty & Personal Care,Hair Styling,Ionic Salon Hair Dryer,75.0,36.0,1,0.0,75.0,39.0,Net Banking,Shipped
TXN-10146,09/11/2023,CUST-1570,Corporate,Central,Electronics,Laptops & PCs,Ultra-Slim 14-inch Laptop,950.0,740.0,5,0.1,4275.0,575.0,Cash on Delivery,Shipped
TXN-11860,2023-04-26,CUST-1946,Corporate,West,Clothing,Men's Apparel,Classic Organic Cotton T-Shirt,22.0,8.5,2,0.15,37.4,20.4,Credit Card,Cancelled
TXN-11966,2023-08-01,CUST-1076,Home Office,South,Electronics,Audio,Noise-Canceling Wireless Headphones,179.0,110.0,0,0.1,483.3,153.3,UPI / Digital Wallet,Delivered
TXN-11166,09/27/2023,CUST-1771,Consumer,WEST,Home & Kitchen,Small Appliances,Digital Air Fryer 5.8 Qt,89.0,56.0,2,0.0,178.0,66.0,Net Banking,Delivered
TXN-10003,2023-06-22,CUST-1782,Corporate,East,Electronics,Audio,Bluetooth Portable Speaker,49.0,26.0,1,0.0,49.0,23.0,Net Banking,Delivered
TXN-10577,2023-01-16,CUST-1351,Consumer,NORTH,Home & Kitchen,Storage,Glass Food Storage Containers (Set of 6),28.0,13.0,1,0.1,25.2,12.2,,Delivered
TXN-12500,2023-04-28,CUST-1403,Consumer,West,Clothing,Clearance,Budget Graphic Polyester Tee,14.0,13.5,2,0.4,16.8,-10.2,Net Banking,Delivered
TXN-10340,2023-05-28,CUST-1840,Corporate,East,Electronics,Smartphones,Smartphone Pro 128GB,799.0,610.0,1,0.0,799.0,189.0,Cash on Delivery,Delivered
TXN-12686,2023-11-07,CUST-1275,Corporate,West,Sports & Outdoors,Strength Training,Adjustable Quick-Select Dumbbell Set,159.0,102.0,1,0.15,135.15,33.15,Cash on Delivery,Delivered
TXN-11433,2023-04-03,CUST-1688,Corporate,East,Clothing,Clearance,Budget Graphic Polyester Tee,14.0,13.5,1,0.3,9.8,-3.7,Cash on Delivery,Cancelled
TXN-10926,2023-05-24,CUST-1488,Consumer,South,Home & Kitchen,Cleaning,Robot Smart Vacuum Cleaner,279.0,215.0,1,0.05,265.05,50.05,UPI / Digital Wallet,Cancelled
TXN-10266,2023-11-17,CUST-1053,Corporate,Central,Beauty & Personal Care,Oral Care,Rechargeable Sonic Electric Toothbrush,69.0,34.0,1,0.2,55.2,21.2,Credit Card,Cancelled
TXN-10377,2023-08-26,CUST-1611,Corporate,South,Clothing,Men's Apparel,Classic Organic Cotton T-Shirt,22.0,8.5,2,0.1,39.6,22.6,Cash on Delivery,Delivered
TXN-11675,2023-01-13,CUST-1470,Consumer,Central,Electronics,Wearables,Smart Fitness Health Watch,129.0,75.0,1,0.15,109.65,34.65,Credit Card,Delivered
TXN-10272,02/07/2023,CUST-1869,Home Office,East,Clothing,Outerwear,Fleece Zip Hooded Sweatshirt,45.0,21.0,4,0.0,180.0,96.0,UPI / Digital Wallet,Pending
TXN-10697,05/22/2023,CUST-1968,Home Office,Central,Clothing,Footwear,Breathable Mesh Running Shoes,79.0,39.0,1,0.15,67.15,28.15,UPI / Digital Wallet,Pending
TXN-11462,2023-07-03,CUST-1805,,Central,Beauty & Personal Care,Hair Styling,Ionic Salon Hair Dryer,75.0,36.0,2,0.0,150.0,78.0,UPI / Digital Wallet,Cancelled
TXN-10245,2023-12-06,CUST-1431,Corporate,South,Clothing,Women's Apparel,Women's Floral Cotton Dress,59.0,26.0,2,0.25,88.5,36.5,Credit Card,Pending
TXN-12126,2023-01-06,CUST-1340,Corporate,North,Clothing,Clearance,Budget Graphic Polyester Tee,14.0,13.5,1,0.5,7.0,-6.5,Cash on Delivery,Delivered
TXN-10477,2023-10-15,CUST-1727,Corporate,North,Home & Kitchen,Coffee Makers,Automatic Espresso & Cappuccino Maker,229.0,155.0,1,0.0,229.0,74.0,Credit Card,Delivered
TXN-12655,2023-01-14,CUST-1747,Consumer,Central,Beauty & Personal Care,Oral Care,Rechargeable Sonic Electric Toothbrush,69.0,34.0,1,0.1,62.1,28.1,Debit Card,Cancelled
TXN-12598,2023-08-03,CUST-1778,Consumer,South,Clothing,Clearance,Budget Graphic Polyester Tee,14.0,13.5,1,0.25,10.5,-3.0,UPI / Digital Wallet,Pending
TXN-12699,2023-02-27,CUST-1039,Home Office,Central,Clothing,Footwear,Breathable Mesh Running Shoes,79.0,39.0,2,0.0,158.0,80.0,UPI / Digital Wallet,Shipped
TXN-11506,2023-05-09,CUST-1536,Corporate,North,Sports & Outdoors,Outdoor Gear,Tactical Multi-Pocket Hiking Backpack,68.0,36.0,2,0.0,136.0,64.0,Debit Card,Pending
TXN-12791,2023-09-04,CUST-1155,Corporate,  east  ,Clothing,Clearance,Budget Graphic Polyester Tee,14.0,13.5,2,0.3,19.6,-7.4,Cash on Delivery,Pending
TXN-11730,2023-03-27,CUST-1890,Consumer,East,Clothing,Clearance,Budget Graphic Polyester Tee,14.0,13.5,1,0.5,7.0,-6.5,Net Banking,Shipped
TXN-12420,2023-11-15,CUST-1438,Corporate,East,Home & Kitchen,Cookware,Stainless Steel 10-Piece Cookware Set,169.0,112.0,3,0.05,481.65,145.65,Credit Card,Pending
TXN-10251,2023-09-26,CUST-1695,Home Office,South,Sports & Outdoors,Fitness,Eco-Friendly Yoga Mat with Strap,32.0,14.0,2,0.15,54.4,26.4,UPI / Digital Wallet,Pending
TXN-10414,2023-09-16,CUST-1482,Home Office,WEST,Electronics,Laptops & PCs,Ultra-Slim 14-inch Laptop,950.0,740.0,1,0.1,855.0,115.0,Credit Card,Shipped
TXN-10546,2023-07-26,CUST-1802,Home Office,West,Clothing,Clearance,Budget Graphic Polyester Tee,14.0,13.5,3,0.25,31.5,-9.0,Net Banking,Delivered
TXN-11194,05/02/2023,CUST-1242,Home Office,North,Home & Kitchen,Storage,Glass Food Storage Containers (Set of 6),28.0,13.0,3,0.0,84.0,45.0,Net Banking,Shipped
TXN-10739,2023-04-10,CUST-1276,Consumer,East,Sports & Outdoors,Camping,Waterproof 4-Person Camping Tent,139.0,88.0,2,0.0,278.0,102.0,UPI / Digital Wallet,Delivered
TXN-10311,11/20/2023,CUST-1485,Corporate,North,Home & Kitchen,Bedding,Orthopedic Memory Foam Pillow,39.0,18.0,3,0.0,117.0,63.0,Net Banking,Delivered
TXN-10894,2023-09-03,CUST-1481,Consumer,West,Electronics,Audio,Bluetooth Portable Speaker,49.0,26.0,1,0.0,49.0,23.0,Credit Card,Cancelled
TXN-11132,2023-01-21,CUST-1063,Corporate,South,Electronics,Wearables,Smart Fitness Health Watch,129.0,75.0,1,0.05,122.55,47.55,Credit Card,Pending
TXN-12162,09/25/2023,CUST-1858,,West, Sports & Outdoors ,Camping,Waterproof 4-Person Camping Tent,139.0,88.0,2,0.15,236.3,60.3,Cash on Delivery,Delivered
TXN-10016,08-01-2023,CUST-1554,Corporate,South, Electronics ,Audio,Noise-Canceling Wireless Headphones,179.0,110.0,4,0.0,716.0,276.0,Cash on Delivery,Shipped
TXN-12116,01/21/2023,CUST-1779,Corporate,North,Beauty & Personal Care,Hair Styling,Ionic Salon Hair Dryer,75.0,36.0,1,0.05,71.25,35.25,Net Banking,Delivered
TXN-10722,2023-10-01,CUST-1201,Corporate,Central,Clothing,Clearance,Budget Graphic Polyester Tee,14.0,13.5,2,0.25,21.0,-6.0,Credit Card,Shipped
TXN-11421,2023-01-04,CUST-1925,Home Office,North,Electronics,Accessories,USB-C Multiport Fast Hub,$34.00,15.0,3,0.15,86.7,41.7,Net Banking,Delivered
TXN-12654,2023-09-15,CUST-1511,Consumer,North,Sports & Outdoors,Strength Training,Adjustable Quick-Select Dumbbell Set,159.0,102.0,1,0.05,151.05,49.05,UPI / Digital Wallet,Delivered
TXN-10982,2023-02-17,CUST-1163,Consumer,East,Beauty & Personal Care,Skincare,Hydrating Hyaluronic Acid Serum,29.0,9.5,2,0.0,58.0,39.0,Net Banking,Delivered
TXN-11847,2023-07-05,CUST-1020,Home Office,East,Clothing,Men's Apparel,Classic Organic Cotton T-Shirt,22.0,8.5,1,0.15,18.7,10.2,Debit Card,Cancelled
TXN-12393,14-12-2023,CUST-1218,Corporate,South,Home & Kitchen,Bedding,Orthopedic Memory Foam Pillow,$39.00,18.0,1,0.05,37.05,19.05,Debit Card,Delivered
TXN-12289,2023-07-03,CUST-1793,Consumer,  south  ,Electronics,Audio,Bluetooth Portable Speaker,49.0,26.0,1,0.05,46.55,20.55,UPI / Digital Wallet,Cancelled
TXN-10364,23-06-2023,CUST-1854,Home Office,North,Beauty & Personal Care,Oral Care,Rechargeable Sonic Electric Toothbrush,69.0,34.0,2,0.1,124.2,56.2,Debit Card,Shipped
TXN-11794,2023-09-15,CUST-1943,Corporate,  west  ,Sports & Outdoors,Hydration,Insulated Vacuum Water Bottle 1L,24.0,9.5,1,0.1,21.6,12.1,Net Banking,Shipped
TXN-10183,2023-08-23,CUST-1749,Home Office,North,Beauty & Personal Care,Haircare,Argan Oil Repair Shampoo & Conditioner,24.0,8.5,2,0.05,45.6,28.6,Cash on Delivery,Delivered
TXN-10986,05/06/2023,CUST-1474,Consumer,South, Home & Kitchen ,Small Appliances,Digital Air Fryer 5.8 Qt,89.0,56.0,1,0.0,89.0,33.0,Net Banking,Delivered
TXN-11789,2023-11-06,CUST-1577,Home Office,CENTRAL,Beauty & Personal Care,Skincare,Revitalizing Night Face Cream,35.0,12.0,1,0.1,31.5,19.5,Cash on Delivery,Pending
TXN-11195,2023-01-26,CUST-1947,Consumer,  south  ,Beauty & Personal Care,Skincare,Revitalizing Night Face Cream,$35.00,12.0,2,0.0,70.0,46.0,Credit Card,Delivered
TXN-11587,2023-05-30,CUST-1525,Corporate,Central,Clothing,Women's Apparel,Women's Floral Cotton Dress,59.0,26.0,1,0.1,53.1,27.1,Credit Card,Delivered
TXN-12697,2023-01-21,CUST-1816,Corporate,East,Home & Kitchen,Coffee Makers,Automatic Espresso & Cappuccino Maker,229.0,155.0,1,0.0,229.0,74.0,UPI / Digital Wallet,Pending
TXN-11122,2023-09-24,CUST-1093,Consumer,South,Clothing,Men's Apparel,Men's Slim Fit Denim Jeans,49.0,22.0,1,0.1,44.1,22.1,Net Banking,Shipped
TXN-10188,2023-04-22,CUST-1454,Home Office,North,Electronics,Audio,Noise-Canceling Wireless Headphones,179.0,110.0,3,0.0,537.0,207.0,Cash on Delivery,Delivered
TXN-10620,08/09/2023,CUST-1104,Corporate,EAST,Electronics,Accessories,USB-C Multiport Fast Hub,34.0,15.0,1,0.1,30.6,15.6,UPI / Digital Wallet,Delivered
TXN-11787,08/10/2023,CUST-1876,Corporate,Central,Home & Kitchen,Storage,Glass Food Storage Containers (Set of 6),28.0,13.0,1,0.05,26.6,13.6,Credit Card,Delivered
TXN-11176,2023-09-12,CUST-1442,Consumer,East,Home & Kitchen,Cookware,Stainless Steel 10-Piece Cookware Set,169.0,112.0,1,0.1,152.1,40.1,Credit Card,Delivered
TXN-11872,2023-04-28,CUST-1016,Corporate,Central,Clothing,Footwear,Breathable Mesh Running Shoes,79.0,39.0,1,0.0,79.0,40.0,Credit Card,Delivered
TXN-12080,2023-12-01,CUST-1725,Consumer,South,Clothing,Men's Apparel,Men's Slim Fit Denim Jeans,49.0,22.0,1,0.15,41.65,19.65,Cash on Delivery,Delivered
TXN-10615,2023-07-19,CUST-1864,Consumer,North,Electronics,Television,Ultra HD Smart LED TV 55-inch,649.0,490.0,1,0.0,649.0,159.0,Debit Card,Delivered
TXN-12388,2023-03-14,CUST-1547,Home Office,North,Clothing,Men's Apparel,Classic Organic Cotton T-Shirt,22.0,8.5,4,0.1,79.2,45.2,Credit Card,Pending
TXN-10995,27-10-2023,CUST-1561,Corporate,North,Electronics,Smartphones,Smartphone Pro 128GB,799.0,610.0,8,0.0,6392.0,1512.0,Cash on Delivery,Delivered
TXN-10935,05/14/2023,CUST-1934,Consumer,North,Clothing,Men's Apparel,Men's Slim Fit Denim Jeans,49.0,22.0,1,0.15,41.65,19.65,Debit Card,Shipped
TXN-10372,2023-02-14,CUST-1056,Home Office,Central,Home & Kitchen,Cookware,Stainless Steel 10-Piece Cookware Set,169.0,112.0,1,0.15,143.65,31.65,Cash on Delivery,Pending
TXN-11729,2023-04-30,CUST-1701,Corporate,Central,Sports & Outdoors,Camping,Waterproof 4-Person Camping Tent,139.0,88.0,1,0.1,125.1,37.1,Debit Card,Delivered
TXN-12046,2023-10-16,CUST-1433,Home Office,West,Sports & Outdoors,Outdoor Gear,Tactical Multi-Pocket Hiking Backpack,68.0,36.0,1,0.05,64.6,28.6,Cash on Delivery,Delivered
TXN-10594,,CUST-1675,Home Office,East,Sports & Outdoors,Fitness,Eco-Friendly Yoga Mat with Strap,32.0,14.0,2,0.1,57.6,29.6,Cash on Delivery,Delivered
TXN-10727,2023-03-14,CUST-1836,Consumer,West,Electronics,Laptops & PCs,Ultra-Slim 14-inch Laptop,950.0,740.0,5,0.1,4275.0,575.0,Credit Card,Shipped
TXN-10827,15-08-2023,CUST-1883,Consumer,South,Clothing,Men's Apparel,Classic Organic Cotton T-Shirt,22.0,8.5,2,0.15,37.4,20.4,Credit Card,Delivered
TXN-10688,08/24/2023,CUST-1916,Corporate,Central,Electronics,Accessories,USB-C Multiport Fast Hub,34.0,15.0,1,0.1,30.6,15.6,UPI / Digital Wallet,Delivered
TXN-12091,12-01-2023,CUST-1767,Corporate,East,Sports & Outdoors,Strength Training,Adjustable Quick-Select Dumbbell Set,159.0,102.0,1,0.05,151.05,49.05,UPI / Digital Wallet,Delivered
TXN-10137,2023-06-09,CUST-1789,Home Office,East,Beauty & Personal Care,Skincare,Revitalizing Night Face Cream,35.0,12.0,1,0.05,33.25,21.25,Debit Card,Delivered
TXN-10629,2023-07-22,CUST-1645,Consumer,East,Electronics,Television,Ultra HD Smart LED TV 55-inch,649.0,490.0,1,0.1,584.1,94.1,Cash on Delivery,Delivered
TXN-10335,2023-03-03,CUST-1427,Home Office,NORTH,Sports & Outdoors,Hydration,Insulated Vacuum Water Bottle 1L,24.0,9.5,3,0.15,61.2,32.7,Cash on Delivery,Delivered
TXN-11905,2023-02-10,CUST-1616,Consumer,North,Home & Kitchen,Bedding,Orthopedic Memory Foam Pillow,39.0,18.0,4,0.0,156.0,84.0,UPI / Digital Wallet,Cancelled
TXN-12179,2023-06-30,CUST-1781,Home Office,West,Clothing,Clearance,Budget Graphic Polyester Tee,14.0,13.5,1,0.5,7.0,-6.5,Debit Card,Delivered
TXN-11110,11/03/2023,CUST-1792,Consumer,Central,Clothing,Men's Apparel,Men's Slim Fit Denim Jeans,49.0,22.0,1,0.1,44.1,22.1,Net Banking,Pending
TXN-11559,2023-08-16,CUST-1879,Home Office,North,Electronics,Television,Ultra HD Smart LED TV 55-inch,649.0,490.0,1,0.0,649.0,159.0,Credit Card,Pending
TXN-12550,2023-01-25,CUST-1186,Consumer,South,Home & Kitchen,Bedding,Orthopedic Memory Foam Pillow,39.0,18.0,2,0.05,74.1,38.1,Cash on Delivery,Shipped
TXN-10711,2023-06-30,CUST-1156,Home Office,West,Beauty & Personal Care,Haircare,Argan Oil Repair Shampoo & Conditioner,24.0,8.5,2,0.05,45.6,28.6,Debit Card,Delivered
TXN-11040,2023-01-19,CUST-1100,Consumer,West,Clothing,Women's Apparel,Women's Floral Cotton Dress,59.0,26.0,1,0.15,50.15,24.15,UPI / Digital Wallet,Cancelled
TXN-11898,2023-07-27,CUST-1276,Home Office,East,Home & Kitchen,Cookware,Stainless Steel 10-Piece Cookware Set,169.0,112.0,1,0.1,152.1,40.1,Credit Card,Delivered
TXN-11663,2023-02-04,CUST-1429,Home Office,South, Electronics ,Television,Ultra HD Smart LED TV 55-inch,649.0,490.0,1,0.15,551.65,61.65,Credit Card,Cancelled
TXN-11861,2023-08-22,CUST-1937,Corporate,  west  ,Beauty & Personal Care,Oral Care,Rechargeable Sonic Electric Toothbrush,69.0,34.0,2,0.05,131.1,63.1,Net Banking,Delivered
TXN-12609,2023-04-07,CUST-1228,Consumer,South,Sports & Outdoors,Hydration,Insulated Vacuum Water Bottle 1L,24.0,9.5,4,0.05,91.2,53.2,UPI / Digital Wallet,Delivered
TXN-12384,2023-02-14,CUST-1167,Home Office,North,Clothing,Women's Apparel,Women's Floral Cotton Dress,59.0,26.0,1,0.0,59.0,33.0,Debit Card,Pending
TXN-11113,2023-02-14,CUST-1974,Corporate,West,Electronics,Laptops & PCs,Ultra-Slim 14-inch Laptop,950.0,740.0,3,0.0,2850.0,630.0,Net Banking,Pending
TXN-10466,08/05/2023,CUST-1735,Home Office,South,Sports & Outdoors,Outdoor Gear,Tactical Multi-Pocket Hiking Backpack,68.0,36.0,4,0.0,272.0,128.0,UPI / Digital Wallet,Pending
TXN-11224,,CUST-1051,Consumer,North,Beauty & Personal Care,Skincare,Revitalizing Night Face Cream,35.0,12.0,2,0.05,66.5,42.5,Credit Card,Delivered
TXN-12785,2023-07-03,CUST-1820,Corporate,  south  ,Clothing,Men's Apparel,Classic Organic Cotton T-Shirt,22.0,8.5,1,0.15,18.7,10.2,Debit Card,Delivered
TXN-10773,2023-06-09,CUST-1364,Home Office,North,Sports & Outdoors,Camping,Waterproof 4-Person Camping Tent,139.0,88.0,2,0.15,236.3,60.3,Debit Card,Delivered
TXN-12216,2023-03-25,CUST-1214,Consumer,East, Electronics ,Smartphones,Smartphone Pro 128GB,799.0,610.0,1,0.15,679.15,69.15,Credit Card,Pending
TXN-11105,2023-05-18,CUST-1713,Corporate,West, Sports & Outdoors ,Outdoor Gear,Tactical Multi-Pocket Hiking Backpack,68.0,36.0,1,0.05,64.6,28.6,Net Banking,Delivered
TXN-12596,2023-04-08,CUST-1537,Corporate,West,Clothing,Clearance,Budget Graphic Polyester Tee,14.0,13.5,3,0.25,31.5,-9.0,Net Banking,Pending
TXN-10339,2023-08-15,CUST-1842,Consumer,South,Beauty & Personal Care,Skincare,Hydrating Hyaluronic Acid Serum,29.0,9.5,1,0.0,29.0,19.5,UPI / Digital Wallet,Delivered
TXN-11869,2023-11-06,CUST-1148,Home Office,North, Home & Kitchen ,Coffee Makers,Automatic Espresso & Cappuccino Maker,229.0,155.0,1,0.15,194.65,39.65,Cash on Delivery,Delivered
TXN-11724,2023-01-03,CUST-1483,Consumer,South,Home & Kitchen,Bedding,Orthopedic Memory Foam Pillow,39.0,18.0,4,0.05,148.2,76.2,Cash on Delivery,Pending
TXN-12379,2023-02-26,CUST-1273,Consumer,West,Beauty & Personal Care,Hair Styling,Ionic Salon Hair Dryer,75.0,36.0,5,0.1,337.5,157.5,UPI / Digital Wallet,Delivered
TXN-12575,2023-05-05,CUST-1991,Home Office,North,Beauty & Personal Care,Oral Care,Rechargeable Sonic Electric Toothbrush,69.0,34.0,2,0.0,138.0,70.0,UPI / Digital Wallet,Delivered
TXN-11512,2023-09-03,CUST-1342,Corporate,North,Electronics,Television,Ultra HD Smart LED TV 55-inch,649.0,490.0,3,0.05,1849.65,379.65,Debit Card,Delivered
TXN-12687,2023-01-03,CUST-1898,Corporate,  west  ,Beauty & Personal Care,Oral Care,Rechargeable Sonic Electric Toothbrush,69.0,34.0,1,0.1,62.1,28.1,Net Banking,Delivered
TXN-10817,2023-07-05,CUST-1578,Home Office,Central,Beauty & Personal Care,Skincare,Revitalizing Night Face Cream,35.0,12.0,1,0.0,35.0,23.0,UPI / Digital Wallet,Shipped
TXN-11068,2023-03-03,CUST-1611,Home Office,Central,Beauty & Personal Care,Hair Styling,Ionic Salon Hair Dryer,75.0,36.0,4,0.0,300.0,156.0,Debit Card,Shipped
TXN-10275,2023-03-14,CUST-1525,Consumer,East, Electronics ,Accessories,USB-C Multiport Fast Hub,34.0,15.0,1,0.15,28.9,13.9,Credit Card,Delivered
TXN-12119,2023-04-17,CUST-1594,Home Office,West,Electronics,Audio,Bluetooth Portable Speaker,49.0,26.0,1,0.0,49.0,23.0,Credit Card,Delivered
TXN-10866,2023-01-25,CUST-1457,Consumer,South,Clothing,Men's Apparel,Classic Organic Cotton T-Shirt,22.0,8.5,2,0.05,41.8,24.8,Net Banking,Pending
TXN-10102,2023-02-26,CUST-1434,Consumer,North, Sports & Outdoors ,Fitness,Eco-Friendly Yoga Mat with Strap,32.0,14.0,1,0.05,30.4,16.4,Debit Card,Shipped
TXN-12024,2023-03-11,CUST-1614,Home Office,West,Home & Kitchen,Bedding,Orthopedic Memory Foam Pillow,$39.00,18.0,3,0.0,117.0,63.0,Credit Card,Cancelled
TXN-12060,2023-06-25,CUST-1895,Home Office,East,Clothing,Clearance,Budget Graphic Polyester Tee,14.0,13.5,2,0.4,16.8,-10.2,UPI / Digital Wallet,Cancelled
TXN-10108,2023-04-03,CUST-1843,Corporate,North,Home & Kitchen,Cleaning,Robot Smart Vacuum Cleaner,279.0,215.0,1,0.0,279.0,64.0,UPI / Digital Wallet,Delivered
TXN-11991,2023-06-06,CUST-1717,Home Office,East,Home & Kitchen,Coffee Makers,Automatic Espresso & Cappuccino Maker,229.0,155.0,8,0.0,1832.0,592.0,Debit Card,Pending
TXN-11371,2023-03-05,CUST-1503,Home Office,North,Home & Kitchen,Small Appliances,Digital Air Fryer 5.8 Qt,89.0,56.0,1,0.0,89.0,33.0,Cash on Delivery,Pending
TXN-11967,2023-09-20,CUST-1570,Corporate,Central,Electronics,Television,Ultra HD Smart LED TV 55-inch,649.0,490.0,2,0.0,1298.0,318.0,Cash on Delivery,Pending
TXN-12405,2023-01-31,CUST-1922,Home Office,East,Beauty & Personal Care,Oral Care,Rechargeable Sonic Electric Toothbrush,69.0,34.0,1,0.0,69.0,35.0,Cash on Delivery,Cancelled
TXN-12229,2023-06-22,CUST-1374,Corporate,East,Home & Kitchen,Cleaning,Robot Smart Vacuum Cleaner,279.0,215.0,1,0.05,265.05,50.05,Net Banking,Delivered
TXN-11765,2023-01-07,CUST-1659,Consumer,East,Home & Kitchen,Coffee Makers,Automatic Espresso & Cappuccino Maker,229.0,155.0,1,0.1,206.1,51.1,Debit Card,Delivered
TXN-12125,2023-07-10,CUST-1711,Home Office,Central,Electronics,Smartphones,Smartphone Pro 128GB,799.0,610.0,1,0.0,799.0,189.0,UPI / Digital Wallet,Pending
TXN-12209,2023-07-27,CUST-1644,Corporate,North,Sports & Outdoors,Hydration,Insulated Vacuum Water Bottle 1L,24.0,9.5,2,0.0,48.0,29.0,UPI / Digital Wallet,Delivered
TXN-11577,2023-01-21,CUST-1702,Home Office,West,Sports & Outdoors,Camping,Waterproof 4-Person Camping Tent,139.0,88.0,2,0.0,278.0,102.0,Credit Card,Delivered
TXN-12625,01/26/2023,CUST-1802,Home Office,West,Electronics,Wearables,Smart Fitness Health Watch,129.0,75.0,1,0.0,129.0,54.0,UPI / Digital Wallet,Cancelled
TXN-10713,2023-12-26,CUST-1099,Consumer,South,Home & Kitchen,Coffee Makers,Automatic Espresso & Cappuccino Maker,229.0,155.0,1,0.05,217.55,62.55,Debit Card,Cancelled
TXN-10073,2023-09-08,CUST-1102,Home Office,North,Beauty & Personal Care,Skincare,Hydrating Hyaluronic Acid Serum,29.0,9.5,1,0.05,27.55,18.05,UPI / Digital Wallet,Delivered
TXN-12141,2023-03-01,CUST-1182,Home Office,Central,Sports & Outdoors,Strength Training,Adjustable Quick-Select Dumbbell Set,159.0,102.0,1,0.0,159.0,57.0,Cash on Delivery,Cancelled
TXN-12421,2023-04-08,CUST-1594,Consumer,North,Clothing,Women's Apparel,Women's Floral Cotton Dress,59.0,26.0,2,0.15,100.3,48.3,Debit Card,Shipped
TXN-12726,2023-06-27,CUST-1612,Home Office,South, Sports & Outdoors ,Hydration,Insulated Vacuum Water Bottle 1L,24.0,9.5,1,0.1,21.6,12.1,Cash on Delivery,Pending
TXN-10482,2023-07-08,CUST-1099,Corporate,  west  ,Home & Kitchen,Bedding,Orthopedic Memory Foam Pillow,39.0,18.0,1,0.1,35.1,17.1,UPI / Digital Wallet,Pending
TXN-12094,2023-05-17,CUST-1929,Home Office,West,Beauty & Personal Care,Oral Care,Rechargeable Sonic Electric Toothbrush,69.0,34.0,1,0.0,69.0,35.0,Debit Card,Shipped
TXN-11831,2023-09-19,CUST-1262,Corporate,West,Sports & Outdoors,Fitness,Eco-Friendly Yoga Mat with Strap,32.0,14.0,2,0.15,54.4,26.4,Cash on Delivery,Cancelled
TXN-11515,2023-05-21,CUST-1318,Consumer,Central,Sports & Outdoors,Hydration,Insulated Vacuum Water Bottle 1L,24.0,9.5,1,0.15,20.4,10.9,UPI / Digital Wallet,Shipped
TXN-12796,2023-03-05,CUST-1337,Consumer,West,Clothing,Men's Apparel,Men's Slim Fit Denim Jeans,$49.00,22.0,1,0.15,41.65,19.65,Cash on Delivery,Pending
TXN-11491,2023-02-08,CUST-1759,Corporate,West,Home & Kitchen,Small Appliances,Digital Air Fryer 5.8 Qt,89.0,56.0,2,0.0,178.0,66.0,Net Banking,Delivered
TXN-11172,02/16/2023,CUST-1914,Home Office,East,Clothing,Men's Apparel,Classic Organic Cotton T-Shirt,22.0,8.5,1,0.05,20.9,12.4,Credit Card,Delivered
TXN-12762,2023-10-20,CUST-1875,Consumer,East,Electronics,Wearables,Smart Fitness Health Watch,129.0,75.0,2,0.0,258.0,108.0,UPI / Digital Wallet,Delivered
TXN-11897,01/02/2023,CUST-1672,Corporate,East,Electronics,Audio,Noise-Canceling Wireless Headphones,179.0,110.0,2,0.1,322.2,102.2,UPI / Digital Wallet,Delivered
TXN-12092,2023-04-29,CUST-1995,Consumer,North,Home & Kitchen,Coffee Makers,Automatic Espresso & Cappuccino Maker,229.0,155.0,2,0.05,435.1,125.1,UPI / Digital Wallet,Cancelled
TXN-11848,2023-10-19,CUST-1820,Home Office,East,Beauty & Personal Care,Hair Styling,Ionic Salon Hair Dryer,75.0,36.0,1,0.15,63.75,27.75,Credit Card,Shipped
TXN-10406,2023-04-16,CUST-1130,Corporate,  west  ,Electronics,Television,Ultra HD Smart LED TV 55-inch,649.0,490.0,2,0.15,1103.3,123.3,Debit Card,Delivered
TXN-10758,2023-10-02,CUST-1161,Corporate,East, Beauty & Personal Care ,Skincare,Revitalizing Night Face Cream,35.0,12.0,1,0.0,35.0,23.0,Cash on Delivery,Delivered
TXN-12505,2023-08-14,CUST-1361,Consumer,Central,Home & Kitchen,Cookware,Stainless Steel 10-Piece Cookware Set,169.0,112.0,3,0.0,507.0,171.0,Debit Card,Cancelled
TXN-12507,2023-07-29,CUST-1854,Home Office,CENTRAL,Sports & Outdoors,Hydration,Insulated Vacuum Water Bottle 1L,$24.00,9.5,1,0.0,24.0,14.5,Cash on Delivery,Delivered
TXN-12356,2023-05-08,CUST-1488,Consumer,  south  , Electronics ,Audio,Bluetooth Portable Speaker,49.0,26.0,5,0.05,232.75,102.75,Net Banking,Pending
TXN-10098,2023-05-03,CUST-1547,Corporate,South,Clothing,Footwear,Breathable Mesh Running Shoes,79.0,39.0,5,0.1,355.5,160.5,Net Banking,Shipped
TXN-11334,2023-04-24,CUST-1107,Home Office,Central,Electronics,Smartphones,Smartphone Pro 128GB,799.0,610.0,2,0.15,1358.3,138.3,Debit Card,Cancelled
TXN-12257,2023-06-19,CUST-1429,Corporate,Central,Home & Kitchen,Coffee Makers,Automatic Espresso & Cappuccino Maker,229.0,155.0,3,0.1,618.3,153.3,Debit Card,Delivered
TXN-10744,2023-09-02,CUST-1297,Home Office,Central,Beauty & Personal Care,Skincare,Revitalizing Night Face Cream,35.0,12.0,1,0.0,35.0,23.0,Credit Card,Delivered
TXN-10807,2023-04-22,CUST-1406,Consumer,East,Electronics,Wearables,Smart Fitness Health Watch,129.0,75.0,8,0.15,877.2,277.2,Debit Card,Cancelled
TXN-12621,05-03-2023,CUST-1468,Consumer,North,Home & Kitchen,Storage,Glass Food Storage Containers (Set of 6),28.0,13.0,2,0.05,53.2,27.2,Debit Card,Delivered
TXN-11704,2023-07-15,CUST-1223,Consumer,North,Beauty & Personal Care,Skincare,Hydrating Hyaluronic Acid Serum,29.0,9.5,2,0.0,58.0,39.0,Credit Card,Delivered
TXN-12788,2023-10-21,CUST-1297,Consumer,Central,Electronics,Audio,Noise-Canceling Wireless Headphones,179.0,110.0,3,0.15,456.45,126.45,Debit Card,Cancelled
TXN-11536,04/11/2023,CUST-1135,Home Office,East,Clothing,Outerwear,Fleece Zip Hooded Sweatshirt,45.0,21.0,3,0.0,135.0,72.0,UPI / Digital Wallet,Delivered
TXN-11846,2023-11-05,CUST-1211,Home Office,South,Beauty & Personal Care,Skincare,Hydrating Hyaluronic Acid Serum,29.0,9.5,2,0.2,46.4,27.4,UPI / Digital Wallet,Cancelled
TXN-11089,2023-08-31,CUST-1846,Home Office,Central,Clothing,Clearance,Budget Graphic Polyester Tee,14.0,13.5,4,0.3,39.2,-14.8,Net Banking,Delivered
TXN-10149,08-01-2023,CUST-1931,Consumer,West,Electronics,Wearables,Smart Fitness Health Watch,129.0,75.0,4,0.0,516.0,216.0,Net Banking,Cancelled
TXN-12645,2023-09-06,CUST-1306,Consumer,East,Beauty & Personal Care,Hair Styling,Ionic Salon Hair Dryer,75.0,36.0,1,0.1,67.5,31.5,Net Banking,Shipped
TXN-11851,2023-11-29,CUST-1337,Consumer,South,Electronics,Wearables,Smart Fitness Health Watch,129.0,75.0,2,0.1,232.2,82.2,Debit Card,Pending
TXN-11710,2023-07-27,CUST-1107,Home Office,North,Sports & Outdoors,Strength Training,Adjustable Quick-Select Dumbbell Set,159.0,102.0,2,0.1,286.2,82.2,Cash on Delivery,Shipped
TXN-11948,2023-06-09,CUST-1318,Consumer,WEST,Home & Kitchen,Small Appliances,Digital Air Fryer 5.8 Qt,89.0,56.0,1,0.05,84.55,28.55,Net Banking,Cancelled
TXN-10693,2023-08-31,CUST-1993,Consumer,West,Home & Kitchen,Storage,Glass Food Storage Containers (Set of 6),28.0,13.0,1,0.0,28.0,15.0,Credit Card,Delivered
TXN-10819,2023-09-14,CUST-1602,Home Office,West,Clothing,Men's Apparel,Classic Organic Cotton T-Shirt,22.0,8.5,2,0.1,39.6,22.6,Debit Card,Pending
TXN-11387,2023-03-29,CUST-1094,Home Office,East,Sports & Outdoors,Strength Training,Adjustable Quick-Select Dumbbell Set,159.0,102.0,1,0.1,143.1,41.1,Net Banking,Pending
TXN-12162,09/25/2023,CUST-1858,,West, Sports & Outdoors ,Camping,Waterproof 4-Person Camping Tent,139.0,88.0,2,0.15,236.3,60.3,Cash on Delivery,Delivered
TXN-12304,07/15/2023,CUST-1930,Home Office,West,Beauty & Personal Care,Haircare,Argan Oil Repair Shampoo & Conditioner,$24.00,8.5,1,0.0,24.0,15.5,Cash on Delivery,Pending
TXN-12323,2023-05-07,CUST-1042,Corporate,East,Beauty & Personal Care,Haircare,Argan Oil Repair Shampoo & Conditioner,24.0,8.5,2,0.0,48.0,31.0,UPI / Digital Wallet,Pending
TXN-10702,2023-11-18,CUST-1950,Consumer,North,Electronics,Accessories,USB-C Multiport Fast Hub,34.0,15.0,1,0.15,28.9,13.9,Net Banking,Shipped
TXN-12500,2023-04-28,CUST-1403,Consumer,West,Clothing,Clearance,Budget Graphic Polyester Tee,14.0,13.5,2,0.4,16.8,-10.2,Net Banking,Delivered
TXN-12511,2023-08-08,CUST-1489,Home Office,South,Clothing,Men's Apparel,Men's Slim Fit Denim Jeans,49.0,22.0,1,0.0,49.0,27.0,Cash on Delivery,Delivered
TXN-10922,31-10-2023,CUST-1155,Consumer,West,Electronics,Wearables,Smart Fitness Health Watch,129.0,75.0,1,0.1,116.1,41.1,UPI / Digital Wallet,Delivered
TXN-11425,2023-05-13,CUST-1536,Home Office,South,Sports & Outdoors,Outdoor Gear,Tactical Multi-Pocket Hiking Backpack,68.0,36.0,3,0.05,193.8,85.8,Credit Card,Pending
TXN-10906,2023-06-11,CUST-1639,Corporate,West,Home & Kitchen,Storage,Glass Food Storage Containers (Set of 6),28.0,13.0,4,0.1,100.8,48.8,Debit Card,Delivered
TXN-10455,2023-01-25,CUST-1272,Home Office,  south  , Clothing ,Footwear,Breathable Mesh Running Shoes,79.0,39.0,8,0.1,568.8,256.8,Credit Card,Cancelled
TXN-11912,20-05-2023,CUST-1755,Home Office,South,Home & Kitchen,Small Appliances,Digital Air Fryer 5.8 Qt,89.0,56.0,3,0.0,267.0,99.0,Net Banking,Cancelled
TXN-12174,2023-05-05,CUST-1839,Consumer,West,Sports & Outdoors,Outdoor Gear,Tactical Multi-Pocket Hiking Backpack,68.0,36.0,1,0.15,57.8,21.8,Net Banking,Shipped
TXN-11588,2023-10-28,CUST-1138,Corporate,North,Sports & Outdoors,Fitness,Eco-Friendly Yoga Mat with Strap,32.0,14.0,2,0.0,64.0,36.0,Net Banking,Shipped
TXN-10168,2023-09-17,CUST-1548,Corporate,NORTH,Sports & Outdoors,Hydration,Insulated Vacuum Water Bottle 1L,24.0,9.5,2,0.15,40.8,21.8,Net Banking,Pending
TXN-10731,2023-01-08,CUST-1930,Consumer,North,Clothing,Women's Apparel,Women's Floral Cotton Dress,59.0,26.0,3,0.05,168.15,90.15,Net Banking,Delivered
TXN-12038,19-09-2023,CUST-1435,Consumer,Central,Beauty & Personal Care,Skincare,Hydrating Hyaluronic Acid Serum,29.0,9.5,2,0.05,55.1,36.1,Debit Card,Delivered
TXN-11311,2023-06-12,CUST-1606,Consumer,West,Clothing,Men's Apparel,Classic Organic Cotton T-Shirt,22.0,8.5,3,0.15,56.1,30.6,Cash on Delivery,Delivered
TXN-10027,2023-04-02,CUST-1268,Consumer,North,Home & Kitchen,Storage,Glass Food Storage Containers (Set of 6),28.0,13.0,5,0.05,133.0,68.0,Net Banking,Shipped
TXN-11737,29-09-2023,CUST-1570,Home Office,North,Electronics,Laptops & PCs,Ultra-Slim 14-inch Laptop,950.0,740.0,1,0.05,902.5,162.5,UPI / Digital Wallet,Cancelled
TXN-11962,2023-02-21,CUST-1657,Home Office,West,Home & Kitchen,Coffee Makers,Automatic Espresso & Cappuccino Maker,$229.00,155.0,3,0.05,652.65,187.65,Debit Card,Delivered
TXN-11812,2023-12-28,CUST-1311,Corporate,Central,Sports & Outdoors,Strength Training,Adjustable Quick-Select Dumbbell Set,159.0,102.0,5,0.05,755.25,245.25,UPI / Digital Wallet,Delivered
TXN-10998,2023-02-24,CUST-1264,Consumer,South,Sports & Outdoors,Camping,Waterproof 4-Person Camping Tent,139.0,88.0,1,0.0,139.0,51.0,Cash on Delivery,Delivered
TXN-11177,2023-06-07,CUST-1976,Home Office,South,Sports & Outdoors,Fitness,Eco-Friendly Yoga Mat with Strap,32.0,14.0,1,0.0,32.0,18.0,Net Banking,Delivered
TXN-11041,03-11-2023,CUST-1811,Corporate,North,Beauty & Personal Care,Haircare,Argan Oil Repair Shampoo & Conditioner,24.0,8.5,4,0.05,91.2,57.2,UPI / Digital Wallet,Pending
TXN-10034,2023-08-07,CUST-1517,Home Office,South,Sports & Outdoors,Camping,Waterproof 4-Person Camping Tent,139.0,88.0,4,0.1,500.4,148.4,Cash on Delivery,Shipped
TXN-11624,2023-07-16,CUST-1933,Home Office,NORTH,Beauty & Personal Care,Skincare,Revitalizing Night Face Cream,35.0,12.0,1,0.1,31.5,19.5,Cash on Delivery,Shipped
TXN-12750,2023-07-09,CUST-1998,Corporate,WEST,Beauty & Personal Care,Skincare,Revitalizing Night Face Cream,35.0,12.0,2,0.1,63.0,39.0,Credit Card,Pending
TXN-11380,2023-07-29,CUST-1202,Corporate,  east  ,Home & Kitchen,Cleaning,Robot Smart Vacuum Cleaner,279.0,215.0,2,0.0,558.0,128.0,,Pending
TXN-10042,2023-11-04,CUST-1701,Home Office,East,Sports & Outdoors,Strength Training,Adjustable Quick-Select Dumbbell Set,159.0,102.0,6,0.0,954.0,342.0,Cash on Delivery,Cancelled
TXN-11608,02/18/2023,CUST-1296,Corporate,North,Electronics,Audio,Bluetooth Portable Speaker,49.0,26.0,1,0.0,49.0,23.0,,Shipped
TXN-12793,2023-05-13,CUST-1874,Corporate,South,Sports & Outdoors,Outdoor Gear,Tactical Multi-Pocket Hiking Backpack,68.0,36.0,1,0.15,57.8,21.8,Cash on Delivery,Delivered
TXN-12465,2023-06-09,CUST-1389,Consumer,Central,Sports & Outdoors,Camping,Waterproof 4-Person Camping Tent,139.0,88.0,2,0.0,278.0,102.0,Debit Card,Delivered
TXN-11935,2023-05-29,CUST-1979,Corporate,East, Clothing ,Men's Apparel,Classic Organic Cotton T-Shirt,22.0,8.5,1,0.0,22.0,13.5,Net Banking,Delivered
TXN-11625,25-02-2023,CUST-1399,Consumer,North,Electronics,Accessories,USB-C Multiport Fast Hub,$34.00,15.0,1,0.15,28.9,13.9,Cash on Delivery,Cancelled
TXN-10610,03-06-2023,CUST-1298,Home Office,North,Home & Kitchen,Coffee Makers,Automatic Espresso & Cappuccino Maker,229.0,155.0,1,0.0,229.0,74.0,Net Banking,Shipped
TXN-11133,2023-10-20,CUST-1746,Consumer,  central  ,Sports & Outdoors,Hydration,Insulated Vacuum Water Bottle 1L,24.0,9.5,1,0.0,24.0,14.5,Net Banking,Cancelled
TXN-10029,2023-07-29,CUST-1683,Consumer,Central,Clothing,Men's Apparel,Classic Organic Cotton T-Shirt,22.0,8.5,1,0.05,20.9,12.4,Debit Card,Shipped
TXN-10442,2023-12-29,CUST-1517,Consumer,North,Beauty & Personal Care,Skincare,Revitalizing Night Face Cream,35.0,12.0,2,0.15,59.5,35.5,UPI / Digital Wallet,Shipped
TXN-11748,2023-04-11,CUST-1758,Consumer,CENTRAL,Beauty & Personal Care,Oral Care,Rechargeable Sonic Electric Toothbrush,69.0,34.0,2,0.1,124.2,56.2,Cash on Delivery,Delivered
TXN-12040,2023-06-19,CUST-1343,Home Office,Central,Clothing,Footwear,Breathable Mesh Running Shoes,79.0,39.0,2,0.0,158.0,80.0,Cash on Delivery,Pending
TXN-10494,2023-08-01,CUST-1813,Consumer,Central,Home & Kitchen,Coffee Makers,Automatic Espresso & Cappuccino Maker,229.0,155.0,1,0.0,229.0,74.0,Credit Card,Delivered
TXN-11259,2023-11-28,CUST-1168,Corporate,West,Beauty & Personal Care,Oral Care,Rechargeable Sonic Electric Toothbrush,69.0,34.0,1,0.2,55.2,21.2,Debit Card,Delivered
TXN-11302,2023-11-20,CUST-1801,Home Office,East,Sports & Outdoors,Fitness,Eco-Friendly Yoga Mat with Strap,32.0,14.0,2,0.25,48.0,20.0,Debit Card,Delivered
TXN-12233,10/12/2023,CUST-1662,Home Office,South,Electronics,Laptops & PCs,Ultra-Slim 14-inch Laptop,950.0,740.0,1,0.15,807.5,67.5,Credit Card,Delivered
TXN-11383,2023-01-04,CUST-1855,Consumer,West,Home & Kitchen,Small Appliances,Digital Air Fryer 5.8 Qt,89.0,56.0,1,0.0,89.0,33.0,Debit Card,Delivered
TXN-11305,2023-02-26,CUST-1908,Corporate,South,Home & Kitchen,Coffee Makers,Automatic Espresso & Cappuccino Maker,229.0,155.0,1,0.0,229.0,74.0,Cash on Delivery,Cancelled
TXN-10237,2023-05-13,CUST-1759,Home Office,East,Beauty & Personal Care,Hair Styling,Ionic Salon Hair Dryer,75.0,36.0,3,0.0,225.0,117.0,Credit Card,Delivered
TXN-10552,2023-12-30,CUST-1443,Consumer,Central, Electronics ,Accessories,USB-C Multiport Fast Hub,34.0,15.0,2,0.1,61.2,31.2,Net Banking,Cancelled
TXN-10521,2023-07-31,CUST-1178,Home Office,West,Home & Kitchen,Cleaning,Robot Smart Vacuum Cleaner,279.0,215.0,3,0.1,753.3,108.3,Credit Card,Cancelled
TXN-12093,2023-01-05,CUST-1030,Home Office,North,Clothing,Men's Apparel,Men's Slim Fit Denim Jeans,49.0,22.0,8,0.0,392.0,216.0,Cash on Delivery,Cancelled
TXN-11233,2023-04-29,CUST-1048,Home Office,North, Sports & Outdoors ,Camping,Waterproof 4-Person Camping Tent,139.0,88.0,1,0.0,139.0,51.0,Debit Card,Shipped
TXN-11139,2023-01-01,CUST-1671,Corporate,Central,Sports & Outdoors,Strength Training,Adjustable Quick-Select Dumbbell Set,159.0,102.0,4,0.15,540.6,132.6,Debit Card,Cancelled
TXN-10721,2023-01-22,CUST-1278,Home Office,South,Electronics,Audio,Bluetooth Portable Speaker,49.0,26.0,1,0.15,41.65,15.65,UPI / Digital Wallet,Shipped
TXN-10736,2023-11-25,CUST-1074,Corporate,Central,Clothing,Footwear,Breathable Mesh Running Shoes,79.0,39.0,1,0.1,71.1,32.1,UPI / Digital Wallet,Shipped
TXN-12508,2023-06-27,CUST-1609,Consumer,Central,Beauty & Personal Care,Hair Styling,Ionic Salon Hair Dryer,75.0,36.0,1,0.1,67.5,31.5,Debit Card,Delivered
TXN-10059,2023-03-11,CUST-1901,Home Office,East,Sports & Outdoors,Hydration,Insulated Vacuum Water Bottle 1L,24.0,9.5,1,0.1,21.6,12.1,UPI / Digital Wallet,Delivered
TXN-10632,2023-02-24,CUST-1010,Consumer,North,Home & Kitchen,Cleaning,Robot Smart Vacuum Cleaner,279.0,215.0,2,0.05,530.1,100.1,Debit Card,Shipped
TXN-11182,03/26/2023,CUST-1270,Home Office,South,Beauty & Personal Care,Haircare,Argan Oil Repair Shampoo & Conditioner,24.0,8.5,3,0.0,72.0,46.5,Credit Card,Delivered
TXN-12079,2023-05-15,CUST-1819,Consumer,West, Home & Kitchen ,Storage,Glass Food Storage Containers (Set of 6),28.0,13.0,1,0.0,28.0,15.0,UPI / Digital Wallet,Pending
TXN-10593,2023-03-18,CUST-1994,Consumer,North,Beauty & Personal Care,Haircare,Argan Oil Repair Shampoo & Conditioner,24.0,8.5,2,0.0,48.0,31.0,Debit Card,Shipped
TXN-11304,26-01-2023,CUST-1876,Home Office,North,Sports & Outdoors,Hydration,Insulated Vacuum Water Bottle 1L,24.0,9.5,3,0.05,68.4,39.9,Debit Card,Pending
TXN-11388,2023-08-26,CUST-1220,Home Office,CENTRAL,Clothing,Clearance,Budget Graphic Polyester Tee,14.0,13.5,8,0.25,84.0,-24.0,UPI / Digital Wallet,Delivered
TXN-12474,2023-12-04,CUST-1849,Home Office,North,Sports & Outdoors,Camping,Waterproof 4-Person Camping Tent,139.0,88.0,1,0.1,125.1,37.1,UPI / Digital Wallet,Delivered
TXN-12487,2023-12-17,CUST-1131,Corporate,West,Clothing,Clearance,Budget Graphic Polyester Tee,14.0,13.5,3,0.4,25.2,-15.3,Debit Card,Shipped
TXN-11658,2023-01-24,CUST-1513,Consumer,North, Clothing ,Footwear,Breathable Mesh Running Shoes,79.0,39.0,2,0.05,150.1,72.1,Debit Card,Delivered
TXN-10940,10-05-2023,CUST-1906,Consumer,North,Electronics,Wearables,Smart Fitness Health Watch,129.0,75.0,2,0.05,245.1,95.1,Debit Card,Delivered
TXN-12639,2023-06-29,CUST-1965,Consumer,Central,Sports & Outdoors,Fitness,Eco-Friendly Yoga Mat with Strap,32.0,14.0,1,0.05,30.4,16.4,Credit Card,Delivered
TXN-11250,2023-05-25,CUST-1989,Home Office,East,Home & Kitchen,Small Appliances,Digital Air Fryer 5.8 Qt,89.0,56.0,5,0.0,445.0,165.0,Credit Card,Delivered
TXN-10905,2023-01-19,CUST-1644,Consumer,NORTH,Beauty & Personal Care,Oral Care,Rechargeable Sonic Electric Toothbrush,69.0,34.0,1,0.0,69.0,35.0,Credit Card,Delivered
TXN-11280,2023-06-02,CUST-1411,Consumer,East,Home & Kitchen,Storage,Glass Food Storage Containers (Set of 6),$28.00,13.0,1,0.1,25.2,12.2,Cash on Delivery,Delivered
TXN-12270,02-12-2023,CUST-1664,Consumer,West,Beauty & Personal Care,Skincare,Hydrating Hyaluronic Acid Serum,29.0,9.5,4,0.1,104.4,66.4,Cash on Delivery,Shipped
TXN-12720,2023-11-25,CUST-1230,Home Office,North, Beauty & Personal Care ,Haircare,Argan Oil Repair Shampoo & Conditioner,24.0,8.5,1,0.05,22.8,14.3,Credit Card,Shipped
TXN-11993,07/03/2023,CUST-1931,Home Office,North, Sports & Outdoors ,Strength Training,Adjustable Quick-Select Dumbbell Set,159.0,102.0,4,0.15,540.6,132.6,Net Banking,Shipped
TXN-12255,2023-12-17,CUST-1365,Consumer,Central,Home & Kitchen,Cleaning,Robot Smart Vacuum Cleaner,279.0,215.0,2,0.15,474.3,44.3,UPI / Digital Wallet,Shipped
TXN-11850,2023-12-22,CUST-1269,Home Office,West,Electronics,Television,Ultra HD Smart LED TV 55-inch,649.0,490.0,1,0.1,584.1,94.1,UPI / Digital Wallet,Shipped
TXN-11143,2023-05-27,CUST-1888,Home Office,North,Electronics,Laptops & PCs,Ultra-Slim 14-inch Laptop,950.0,740.0,1,0.0,950.0,210.0,UPI / Digital Wallet,Shipped
TXN-12249,2023-07-06,CUST-1040,Corporate,Central,Electronics,Television,Ultra HD Smart LED TV 55-inch,649.0,490.0,1,0.0,649.0,159.0,UPI / Digital Wallet,Shipped
TXN-10707,2023-03-04,CUST-1057,Home Office,South,Clothing,Footwear,Breathable Mesh Running Shoes,79.0,39.0,1,0.0,79.0,40.0,UPI / Digital Wallet,Pending
TXN-12498,2023-12-20,CUST-1528,Home Office,North,Electronics,Smartphones,Smartphone Pro 128GB,799.0,610.0,5,0.2,3196.0,146.0,Cash on Delivery,Cancelled
TXN-11023,2023-01-14,CUST-1024,Home Office,South,Clothing,Footwear,Breathable Mesh Running Shoes,79.0,39.0,1,0.0,79.0,40.0,Net Banking,Pending
TXN-10746,2023-03-15,CUST-1977,Home Office,West,Electronics,Laptops & PCs,Ultra-Slim 14-inch Laptop,950.0,740.0,3,0.0,2850.0,630.0,UPI / Digital Wallet,Pending
TXN-11547,2023-05-26,CUST-1403,Corporate,South,Clothing,Men's Apparel,Men's Slim Fit Denim Jeans,49.0,22.0,1,0.0,49.0,27.0,Debit Card,Delivered
TXN-12341,2023-01-16,CUST-1531,Consumer,EAST,Clothing,Men's Apparel,Classic Organic Cotton T-Shirt,22.0,8.5,1,0.1,19.8,11.3,Cash on Delivery,Cancelled
TXN-12224,2023-08-17,CUST-1308,Corporate,West,Sports & Outdoors,Fitness,Eco-Friendly Yoga Mat with Strap,32.0,14.0,3,0.1,86.4,44.4,UPI / Digital Wallet,Pending
TXN-10514,19-10-2023,CUST-1102,Corporate,South,Electronics,Accessories,USB-C Multiport Fast Hub,$34.00,15.0,1,0.0,34.0,19.0,Cash on Delivery,Cancelled
TXN-10082,2023-02-28,CUST-1377,Home Office,West,Sports & Outdoors,Fitness,Eco-Friendly Yoga Mat with Strap,32.0,14.0,1,0.0,32.0,18.0,Net Banking,Pending
TXN-12516,13-06-2023,CUST-1961,Home Office,East,Clothing,Women's Apparel,Women's Floral Cotton Dress,59.0,26.0,1,0.0,59.0,33.0,Cash on Delivery,Delivered
TXN-11309,2023-06-12,CUST-1759,Corporate,West,Home & Kitchen,Cookware,Stainless Steel 10-Piece Cookware Set,169.0,112.0,1,0.0,169.0,57.0,Cash on Delivery,Delivered
TXN-12360,06/17/2023,CUST-1078,Home Office,Central,Sports & Outdoors,Strength Training,Adjustable Quick-Select Dumbbell Set,$159.00,102.0,2,0.15,270.3,66.3,,Delivered
TXN-10915,10/11/2023,CUST-1058,Corporate,  north  ,Electronics,Accessories,USB-C Multiport Fast Hub,34.0,15.0,1,0.0,34.0,19.0,Debit Card,Delivered
TXN-11405,08/14/2023,CUST-1148,Consumer,West,Home & Kitchen,Cookware,Stainless Steel 10-Piece Cookware Set,169.0,112.0,6,0.05,963.3,291.3,Credit Card,Pending
TXN-12612,09-01-2023,CUST-1181,Corporate,West,Sports & Outdoors,Fitness,Eco-Friendly Yoga Mat with Strap,32.0,14.0,2,0.05,60.8,32.8,Net Banking,Pending
TXN-11109,2023-09-16,CUST-1229,Corporate,East,Electronics,Audio,Bluetooth Portable Speaker,49.0,26.0,2,0.1,88.2,36.2,Credit Card,Cancelled
TXN-10151,2023-10-27,CUST-1958,Consumer,East,Home & Kitchen,Cookware,Stainless Steel 10-Piece Cookware Set,169.0,112.0,1,0.0,169.0,57.0,Cash on Delivery,Pending
TXN-10775,,CUST-1384,Corporate,West,Beauty & Personal Care,Hair Styling,Ionic Salon Hair Dryer,75.0,36.0,8,0.0,600.0,312.0,Net Banking,Delivered
TXN-10330,2023-04-03,CUST-1812,Home Office,South,Home & Kitchen,Cleaning,Robot Smart Vacuum Cleaner,279.0,215.0,1,0.05,265.05,50.05,Net Banking,Shipped
TXN-10007,2023-05-16,CUST-1147,Corporate,Central,Electronics,Television,Ultra HD Smart LED TV 55-inch,649.0,490.0,1,0.15,551.65,61.65,Net Banking,Shipped
TXN-10944,02/02/2023,CUST-1492,,North,Beauty & Personal Care,Hair Styling,Ionic Salon Hair Dryer,75.0,36.0,2,0.0,150.0,78.0,Cash on Delivery,Delivered
TXN-10823,2023-03-09,CUST-1925,Consumer,SOUTH, Home & Kitchen ,Bedding,Orthopedic Memory Foam Pillow,39.0,18.0,1,0.0,39.0,21.0,Net Banking,Pending
TXN-10735,2023-06-30,CUST-1879,Corporate,South, Home & Kitchen ,Cleaning,Robot Smart Vacuum Cleaner,279.0,215.0,2,0.15,474.3,44.3,Credit Card,Delivered
TXN-10910,2023-10-30,CUST-1913,Home Office,  south  ,Electronics,Accessories,USB-C Multiport Fast Hub,34.0,15.0,1,0.05,32.3,17.3,UPI / Digital Wallet,Pending
TXN-10469,2023-10-03,CUST-1855,Corporate,North,Home & Kitchen,Cleaning,Robot Smart Vacuum Cleaner,279.0,215.0,2,0.0,558.0,128.0,Debit Card,Delivered
TXN-10182,2023-11-23,CUST-1592,,West,Clothing,Clearance,Budget Graphic Polyester Tee,14.0,13.5,2,0.25,21.0,-6.0,UPI / Digital Wallet,Cancelled
TXN-10165,2023-11-11,CUST-1998,Corporate,West,Beauty & Personal Care,Skincare,Hydrating Hyaluronic Acid Serum,29.0,9.5,4,0.05,110.2,72.2,Debit Card,Shipped
TXN-11901,2023-11-21,CUST-1636,Home Office,North,Electronics,Audio,Bluetooth Portable Speaker,49.0,26.0,1,0.25,36.75,10.75,Cash on Delivery,Shipped
TXN-10452,2023-06-26,CUST-1439,Consumer,SOUTH,Clothing,Outerwear,Fleece Zip Hooded Sweatshirt,45.0,21.0,1,0.0,45.0,24.0,Debit Card,Cancelled
TXN-10491,2023-02-01,CUST-1238,Home Office,East,Home & Kitchen,Bedding,Orthopedic Memory Foam Pillow,39.0,18.0,1,0.15,33.15,15.15,Credit Card,Delivered
TXN-11801,2023-05-15,CUST-1298,Corporate,West,Clothing,Men's Apparel,Classic Organic Cotton T-Shirt,22.0,8.5,1,0.05,20.9,12.4,Debit Card,Delivered
TXN-11144,2023-08-15,CUST-1380,Corporate,East,Home & Kitchen,Storage,Glass Food Storage Containers (Set of 6),28.0,13.0,-1,0.05,53.2,27.2,Cash on Delivery,Delivered
TXN-11312,2023-04-03,CUST-1977,Home Office,East,Electronics,Laptops & PCs,Ultra-Slim 14-inch Laptop,950.0,740.0,1,0.0,950.0,210.0,UPI / Digital Wallet,Pending
TXN-12117,2023-09-04,CUST-1205,Consumer,North,Sports & Outdoors,Fitness,Eco-Friendly Yoga Mat with Strap,32.0,14.0,2,0.15,54.4,26.4,UPI / Digital Wallet,Delivered
TXN-11112,2023-08-03,CUST-1220,Consumer,NORTH,Home & Kitchen,Coffee Makers,Automatic Espresso & Cappuccino Maker,229.0,155.0,2,0.15,389.3,79.3,Cash on Delivery,Shipped
TXN-12700,21-08-2023,CUST-1275,Consumer,Central,Home & Kitchen,Cleaning,Robot Smart Vacuum Cleaner,279.0,215.0,1,0.1,251.1,36.1,UPI / Digital Wallet,Shipped
TXN-11442,2023-12-14,CUST-1189,Home Office,West,Home & Kitchen,Coffee Makers,Automatic Espresso & Cappuccino Maker,229.0,155.0,3,0.0,687.0,222.0,Credit Card,Delivered
TXN-11698,07/23/2023,CUST-1071,Consumer,West,Beauty & Personal Care,Skincare,Revitalizing Night Face Cream,35.0,12.0,3,0.0,105.0,69.0,Credit Card,Pending
TXN-11914,2023-04-14,CUST-1044,Consumer,Central, Electronics ,Television,Ultra HD Smart LED TV 55-inch,649.0,490.0,2,0.0,1298.0,318.0,Credit Card,Shipped
TXN-11628,2023-01-25,CUST-1026,Consumer,North,Sports & Outdoors,Hydration,Insulated Vacuum Water Bottle 1L,24.0,9.5,1,0.0,24.0,14.5,Net Banking,Pending
TXN-11633,2023-08-08,CUST-1881,Consumer,Central,Electronics,Wearables,Smart Fitness Health Watch,129.0,75.0,2,0.0,258.0,108.0,Credit Card,Cancelled
TXN-11075,2023-12-08,CUST-1489,Consumer,West,Beauty & Personal Care,Hair Styling,Ionic Salon Hair Dryer,75.0,36.0,3,0.05,213.75,105.75,Debit Card,Delivered
TXN-11906,2023-08-25,CUST-1726,Consumer,East,Home & Kitchen,Coffee Makers,Automatic Espresso & Cappuccino Maker,229.0,155.0,1,0.05,217.55,62.55,UPI / Digital Wallet,Delivered
TXN-11950,2023-05-18,CUST-1744,Corporate,East,Electronics,Smartphones,Smartphone Pro 128GB,$799.00,610.0,1,0.1,719.1,109.1,Net Banking,Cancelled
TXN-12213,,CUST-1761,Home Office,West,Electronics,Accessories,USB-C Multiport Fast Hub,34.0,15.0,5,0.0,170.0,95.0,UPI / Digital Wallet,Shipped
TXN-12137,2023-05-21,CUST-1456,Home Office,North, Clothing ,Men's Apparel,Men's Slim Fit Denim Jeans,49.0,22.0,3,0.05,139.65,73.65,Cash on Delivery,Pending
TXN-12172,,CUST-1098,Corporate,North, Home & Kitchen ,Coffee Makers,Automatic Espresso & Cappuccino Maker,229.0,155.0,3,0.25,515.25,50.25,UPI / Digital Wallet,Delivered
TXN-10328,07/08/2023,CUST-1426,Home Office,East,Sports & Outdoors,Strength Training,Adjustable Quick-Select Dumbbell Set,159.0,102.0,2,0.15,270.3,66.3,Credit Card,Cancelled
TXN-10443,2023-07-04,CUST-1508,Corporate,North,Beauty & Personal Care,Skincare,Revitalizing Night Face Cream,35.0,12.0,1,0.0,35.0,23.0,Cash on Delivery,Delivered
TXN-12052,2023-11-07,CUST-1945,Home Office,  south  ,Clothing,Footwear,Breathable Mesh Running Shoes,79.0,39.0,1,0.2,63.2,24.2,Net Banking,Delivered
TXN-11781,2023-04-08,CUST-1420,Home Office,Central,Electronics,Wearables,Smart Fitness Health Watch,129.0,75.0,3,0.15,328.95,103.95,Debit Card,Delivered
TXN-10833,2023-07-31,CUST-1751,Corporate,Central,Sports & Outdoors,Camping,Waterproof 4-Person Camping Tent,139.0,88.0,1,0.0,139.0,51.0,Net Banking,Delivered
TXN-12242,2023-05-19,CUST-1793,Home Office,South,Electronics,Laptops & PCs,Ultra-Slim 14-inch Laptop,950.0,740.0,6,0.0,5700.0,1260.0,Cash on Delivery,Shipped
TXN-11963,2023-07-09,CUST-1957,Consumer,West,Sports & Outdoors,Fitness,Eco-Friendly Yoga Mat with Strap,32.0,14.0,1,0.05,30.4,16.4,Net Banking,Pending
TXN-11415,2023-04-14,CUST-1060,Home Office,North,Electronics,Accessories,USB-C Multiport Fast Hub,$34.00,15.0,1,0.0,34.0,19.0,Cash on Delivery,Pending
TXN-11202,2023-01-08,CUST-1804,Home Office,Central,Home & Kitchen,Bedding,Orthopedic Memory Foam Pillow,39.0,18.0,1,0.1,35.1,17.1,Net Banking,Cancelled
TXN-11500,2023-06-30,CUST-1044,Home Office,East,Clothing,Outerwear,Fleece Zip Hooded Sweatshirt,45.0,21.0,1,0.1,40.5,19.5,Credit Card,Cancelled
TXN-12637,2023-04-10,CUST-1384,Corporate,West,Clothing,Outerwear,Fleece Zip Hooded Sweatshirt,45.0,21.0,3,0.15,114.75,51.75,Cash on Delivery,Delivered
TXN-10087,2023-01-22,CUST-1407,Home Office,East,Home & Kitchen,Cookware,Stainless Steel 10-Piece Cookware Set,169.0,112.0,1,0.0,169.0,57.0,Cash on Delivery,Pending
TXN-11404,2023-07-11,CUST-1733,Corporate,West,Electronics,Smartphones,Smartphone Pro 128GB,799.0,610.0,2,0.1,1438.2,218.2,Debit Card,Cancelled
TXN-12766,08/19/2023,CUST-1364,Corporate,South,Sports & Outdoors,Hydration,Insulated Vacuum Water Bottle 1L,24.0,9.5,3,0.0,72.0,43.5,Credit Card,Cancelled
TXN-11482,27-07-2023,CUST-1023,Consumer,Central,Home & Kitchen,Coffee Makers,Automatic Espresso & Cappuccino Maker,229.0,155.0,2,0.0,458.0,148.0,Debit Card,Cancelled
TXN-10778,06/10/2023,CUST-1064,Home Office,South,Electronics,Audio,Bluetooth Portable Speaker,49.0,26.0,3,0.05,139.65,61.65,Net Banking,Cancelled
TXN-11926,2023-08-02,CUST-1784,Home Office,South,Beauty & Personal Care,Hair Styling,Ionic Salon Hair Dryer,75.0,36.0,1,0.0,75.0,39.0,Debit Card,Shipped
TXN-11667,06/26/2023,CUST-1448,Corporate,West,Beauty & Personal Care,Skincare,Hydrating Hyaluronic Acid Serum,29.0,9.5,2,0.15,49.3,30.3,Net Banking,Delivered
TXN-10055,2023-06-28,CUST-1482,Corporate,South,Home & Kitchen,Cookware,Stainless Steel 10-Piece Cookware Set,169.0,112.0,1,0.0,169.0,57.0,Cash on Delivery,Cancelled
TXN-12230,2023-04-20,CUST-1680,Corporate,West,Electronics,Wearables,Smart Fitness Health Watch,$129.00,75.0,1,0.1,116.1,41.1,Net Banking,Delivered
TXN-11288,2023-10-17,CUST-1484,Corporate,East, Electronics ,Laptops & PCs,Ultra-Slim 14-inch Laptop,950.0,740.0,1,0.0,950.0,210.0,Net Banking,Shipped
TXN-11668,09/12/2023,CUST-1700,Consumer,  east  ,Home & Kitchen,Cookware,Stainless Steel 10-Piece Cookware Set,169.0,112.0,1,0.0,169.0,57.0,Net Banking,Delivered
TXN-12446,2023-10-11,CUST-1080,Consumer,South,Home & Kitchen,Cookware,Stainless Steel 10-Piece Cookware Set,169.0,112.0,2,0.1,304.2,80.2,,Delivered
TXN-12032,03-11-2023,CUST-1236,Corporate,East,Beauty & Personal Care,Skincare,Hydrating Hyaluronic Acid Serum,29.0,9.5,3,0.15,73.95,45.45,Debit Card,Delivered
TXN-11246,2023-05-11,CUST-1294,Corporate,West,Clothing,Footwear,Breathable Mesh Running Shoes,79.0,39.0,2,0.1,142.2,64.2,Debit Card,Cancelled
TXN-10114,2023-03-08,CUST-1565,Corporate,East,Beauty & Personal Care,Skincare,Hydrating Hyaluronic Acid Serum,29.0,9.5,3,0.0,87.0,58.5,Cash on Delivery,Pending
TXN-12657,2023-10-12,CUST-1285,Home Office,West,Beauty & Personal Care,Skincare,Revitalizing Night Face Cream,35.0,12.0,3,0.15,89.25,53.25,Credit Card,Pending
TXN-10988,2023-04-16,CUST-1038,Consumer,East, Electronics ,Audio,Noise-Canceling Wireless Headphones,179.0,110.0,2,0.05,340.1,120.1,Net Banking,Shipped
TXN-10502,2023-06-04,CUST-1903,Home Office,West,Electronics,Audio,Noise-Canceling Wireless Headphones,179.0,110.0,1,0.05,170.05,60.05,Debit Card,Pending
TXN-12029,2023-03-19,CUST-1717,Home Office,NORTH,Beauty & Personal Care,Haircare,Argan Oil Repair Shampoo & Conditioner,$24.00,8.5,4,0.1,86.4,52.4,Credit Card,Delivered
TXN-11010,2023-09-16,CUST-1755,Home Office,Central,Clothing,Women's Apparel,Women's Floral Cotton Dress,59.0,26.0,2,0.15,100.3,48.3,Net Banking,Delivered
TXN-11199,2023-10-29,CUST-1976,Corporate,North, Sports & Outdoors ,Camping,Waterproof 4-Person Camping Tent,139.0,88.0,1,0.0,139.0,51.0,Cash on Delivery,Cancelled
TXN-11395,2023-06-22,CUST-1751,Corporate,  central  ,Clothing,Footwear,Breathable Mesh Running Shoes,79.0,39.0,2,0.0,158.0,80.0,Cash on Delivery,Delivered
TXN-10590,2023-12-04,CUST-1307,Corporate,West,Electronics,Accessories,USB-C Multiport Fast Hub,34.0,15.0,8,0.2,217.6,97.6,Cash on Delivery,Cancelled
TXN-10769,,CUST-1063,Consumer,Central,Electronics,Accessories,USB-C Multiport Fast Hub,34.0,15.0,1,0.25,25.5,10.5,UPI / Digital Wallet,Cancelled
TXN-10018,2023-03-22,CUST-1544,Consumer,South,Electronics,Laptops & PCs,Ultra-Slim 14-inch Laptop,950.0,740.0,5,0.0,4750.0,1050.0,Net Banking,Delivered
TXN-11043,05-11-2023,CUST-1643,Home Office,South,Electronics,Wearables,Smart Fitness Health Watch,129.0,75.0,1,0.05,122.55,47.55,Credit Card,Cancelled
TXN-11448,2023-07-31,CUST-1772,Home Office,North,Sports & Outdoors,Hydration,Insulated Vacuum Water Bottle 1L,24.0,9.5,3,0.0,72.0,43.5,Credit Card,Cancelled
TXN-12520,2023-07-19,CUST-1480,Home Office,South,Sports & Outdoors,Hydration,Insulated Vacuum Water Bottle 1L,24.0,9.5,1,0.1,21.6,12.1,Net Banking,Pending
TXN-10286,2023-05-13,CUST-1171,Home Office,Central,Electronics,Accessories,USB-C Multiport Fast Hub,34.0,15.0,2,0.1,61.2,31.2,Credit Card,Cancelled
TXN-12495,2023-04-26,CUST-1355,Consumer,South,Sports & Outdoors,Strength Training,Adjustable Quick-Select Dumbbell Set,159.0,102.0,1,0.1,143.1,41.1,Debit Card,Delivered
TXN-10429,2023-06-26,CUST-1292,Consumer,Central,Clothing,Outerwear,Fleece Zip Hooded Sweatshirt,45.0,21.0,1,0.1,40.5,19.5,Debit Card,Cancelled
TXN-11329,12/10/2023,CUST-1280,Consumer,East,Beauty & Personal Care,Haircare,Argan Oil Repair Shampoo & Conditioner,24.0,8.5,1,0.15,20.4,11.9,Net Banking,Pending
TXN-12721,2023-07-12,CUST-1464,Consumer,South,Electronics,Laptops & PCs,Ultra-Slim 14-inch Laptop,950.0,740.0,1,0.15,807.5,67.5,UPI / Digital Wallet,Delivered
TXN-10670,2023-02-24,CUST-1126,Consumer,North,Electronics,Television,Ultra HD Smart LED TV 55-inch,649.0,490.0,1,0.0,649.0,159.0,Cash on Delivery,Delivered
TXN-10032,2023-11-19,CUST-1908,Consumer,West,Beauty & Personal Care,Skincare,Revitalizing Night Face Cream,35.0,12.0,2,0.15,59.5,35.5,Debit Card,Cancelled
TXN-11342,2023-01-29,CUST-1611,Home Office,SOUTH,Electronics,Smartphones,Smartphone Pro 128GB,799.0,610.0,2,0.1,1438.2,218.2,Debit Card,Delivered
TXN-10723,2023-07-08,CUST-1926,Consumer,North,Clothing,Outerwear,Fleece Zip Hooded Sweatshirt,45.0,21.0,1,0.1,40.5,19.5,Debit Card,Delivered
TXN-10952,04/08/2023,CUST-1835,Consumer,North,Electronics,Smartphones,Smartphone Pro 128GB,799.0,610.0,1,0.05,759.05,149.05,Debit Card,Cancelled
TXN-12163,2023-06-19,CUST-1234,Home Office,NORTH,Electronics,Wearables,Smart Fitness Health Watch,129.0,75.0,3,0.0,387.0,162.0,UPI / Digital Wallet,Delivered
TXN-10215,2023-12-12,CUST-1326,Home Office,East,Electronics,Audio,Bluetooth Portable Speaker,49.0,26.0,4,0.05,186.2,82.2,Credit Card,Delivered
TXN-10990,2023-03-08,CUST-1475,Home Office,South,Home & Kitchen,Cookware,Stainless Steel 10-Piece Cookware Set,169.0,112.0,5,0.0,845.0,285.0,Credit Card,Delivered
TXN-11165,2023-09-15,CUST-1001,Home Office,East, Home & Kitchen ,Storage,Glass Food Storage Containers (Set of 6),28.0,13.0,5,0.0,140.0,75.0,Cash on Delivery,Pending
TXN-10327,2023-05-12,CUST-1605,Consumer,North, Electronics ,Laptops & PCs,Ultra-Slim 14-inch Laptop,950.0,740.0,1,0.15,807.5,67.5,Debit Card,Cancelled
TXN-10561,01/08/2023,CUST-1178,Consumer,West,Clothing,Clearance,Budget Graphic Polyester Tee,14.0,13.5,2,0.25,21.0,-6.0,Cash on Delivery,Delivered
TXN-11384,2023-03-15,CUST-1016,Consumer,East, Clothing ,Men's Apparel,Classic Organic Cotton T-Shirt,22.0,8.5,1,0.15,18.7,10.2,Debit Card,Cancelled
TXN-11725,2023-06-22,CUST-1708,Home Office,North,Sports & Outdoors,Hydration,Insulated Vacuum Water Bottle 1L,24.0,9.5,2,0.05,45.6,26.6,UPI / Digital Wallet,Delivered
TXN-11087,04/01/2023,CUST-1418,,Central,Sports & Outdoors,Hydration,Insulated Vacuum Water Bottle 1L,24.0,9.5,2,0.0,48.0,29.0,Cash on Delivery,Cancelled
TXN-12580,2023-08-04,CUST-1317,Corporate,East,Clothing,Women's Apparel,Women's Floral Cotton Dress,59.0,26.0,3,0.0,177.0,99.0,Credit Card,Delivered
TXN-10342,2023-05-19,CUST-1677,Consumer,North,Beauty & Personal Care,Oral Care,Rechargeable Sonic Electric Toothbrush,69.0,34.0,3,0.05,196.65,94.65,UPI / Digital Wallet,Cancelled
TXN-11654,2023-09-13,CUST-1855,Corporate,South,Home & Kitchen,Storage,Glass Food Storage Containers (Set of 6),28.0,13.0,3,0.0,84.0,45.0,Debit Card,Delivered
TXN-10148,2023-01-27,CUST-1196,Consumer,Central,Clothing,Women's Apparel,Women's Floral Cotton Dress,59.0,26.0,1,0.15,50.15,24.15,Credit Card,Delivered
TXN-12391,2023-06-10,CUST-1636,Consumer,North,Sports & Outdoors,Hydration,Insulated Vacuum Water Bottle 1L,24.0,9.5,2,0.0,48.0,29.0,Net Banking,Cancelled
TXN-12740,2023-07-02,CUST-1239,Consumer,Central,Clothing,Men's Apparel,Classic Organic Cotton T-Shirt,22.0,8.5,2,0.15,37.4,20.4,Debit Card,Delivered
TXN-11108,2023-09-05,CUST-1955,Consumer,West,Electronics,Accessories,USB-C Multiport Fast Hub,34.0,15.0,4,0.05,129.2,69.2,Net Banking,Delivered
TXN-10849,2023-03-08,CUST-1528,Home Office,North,Sports & Outdoors,Strength Training,Adjustable Quick-Select Dumbbell Set,159.0,102.0,4,0.0,636.0,228.0,Credit Card,Cancelled
TXN-10967,2023-05-24,CUST-1403,Home Office,East,Home & Kitchen,Small Appliances,Digital Air Fryer 5.8 Qt,89.0,56.0,2,0.05,169.1,57.1,Net Banking,Delivered
TXN-11073,2023-04-19,CUST-1963,Corporate,East,Electronics,Audio,Bluetooth Portable Speaker,49.0,26.0,5,0.0,245.0,115.0,UPI / Digital Wallet,Delivered
TXN-12329,10/10/2023,CUST-1319,Corporate,East,Home & Kitchen,Coffee Makers,Automatic Espresso & Cappuccino Maker,229.0,155.0,1,0.1,206.1,51.1,Debit Card,Shipped
TXN-10156,,CUST-1670,Corporate,Central,Electronics,Audio,Noise-Canceling Wireless Headphones,179.0,110.0,1,0.15,152.15,42.15,Credit Card,Cancelled
TXN-10666,2023-05-04,CUST-1441,Home Office,Central,Home & Kitchen,Cleaning,Robot Smart Vacuum Cleaner,279.0,215.0,5,0.0,1395.0,320.0,Cash on Delivery,Delivered
TXN-10662,2023-10-11,CUST-1182,Home Office,West,Home & Kitchen,Cleaning,Robot Smart Vacuum Cleaner,279.0,215.0,1,0.05,265.05,50.05,UPI / Digital Wallet,Cancelled
TXN-11003,2023-12-07,CUST-1274,Consumer,South,Electronics,Audio,Noise-Canceling Wireless Headphones,179.0,110.0,3,0.1,483.3,153.3,Cash on Delivery,Pending
TXN-12210,20-09-2023,CUST-1276,Home Office,East,Electronics,Wearables,Smart Fitness Health Watch,129.0,75.0,3,0.0,387.0,162.0,UPI / Digital Wallet,Shipped
TXN-12380,2023-08-14,CUST-1380,Corporate,West,Beauty & Personal Care,Haircare,Argan Oil Repair Shampoo & Conditioner,24.0,8.5,1,0.1,21.6,13.1,Cash on Delivery,Cancelled
TXN-10177,2023-12-17,CUST-1419,Consumer,South, Beauty & Personal Care ,Skincare,Revitalizing Night Face Cream,35.0,12.0,3,0.15,89.25,53.25,Net Banking,Delivered
TXN-12509,2023-01-08,CUST-1393,Consumer,North,Electronics,Audio,Bluetooth Portable Speaker,49.0,26.0,2,0.05,93.1,41.1,Cash on Delivery,Delivered
TXN-11525,2023-03-03,CUST-1674,Corporate,North, Electronics ,Audio,Bluetooth Portable Speaker,49.0,26.0,2,0.1,88.2,36.2,Cash on Delivery,Cancelled
TXN-12668,2023-11-17,CUST-1134,Corporate,West,Clothing,Clearance,Budget Graphic Polyester Tee,14.0,13.5,3,0.25,31.5,-9.0,Net Banking,Delivered
TXN-11204,2023-11-20,CUST-1466,Consumer,WEST,Home & Kitchen,Cleaning,Robot Smart Vacuum Cleaner,279.0,215.0,3,0.05,795.15,150.15,UPI / Digital Wallet,Delivered
TXN-10025,2023-06-20,CUST-1184,Consumer,East,Sports & Outdoors,Strength Training,Adjustable Quick-Select Dumbbell Set,159.0,102.0,4,0.0,636.0,228.0,Credit Card,Shipped
TXN-12715,2023-12-23,CUST-1066,Corporate,South,Beauty & Personal Care,Hair Styling,Ionic Salon Hair Dryer,75.0,36.0,4,0.1,270.0,126.0,Credit Card,Cancelled
TXN-12619,2023-07-23,CUST-1717,Consumer,Central,Home & Kitchen,Small Appliances,Digital Air Fryer 5.8 Qt,89.0,56.0,1,0.0,89.0,33.0,Credit Card,Cancelled
TXN-12346,2023-08-14,CUST-1032,Home Office,East,Home & Kitchen,Storage,Glass Food Storage Containers (Set of 6),28.0,13.0,1,0.0,28.0,15.0,Credit Card,Cancelled
TXN-12169,2023-09-27,CUST-1478,Consumer,Central,Beauty & Personal Care,Oral Care,Rechargeable Sonic Electric Toothbrush,69.0,34.0,2,0.0,138.0,70.0,UPI / Digital Wallet,Delivered
TXN-10876,10-03-2023,CUST-1783,Home Office,East,Clothing,Clearance,Budget Graphic Polyester Tee,14.0,13.5,1,0.5,7.0,-6.5,UPI / Digital Wallet,Delivered
TXN-12547,2023-01-08,CUST-1868,Home Office,North,Home & Kitchen,Small Appliances,Digital Air Fryer 5.8 Qt,89.0,56.0,1,0.0,89.0,33.0,Cash on Delivery,Delivered
TXN-10939,2023-02-24,CUST-1824,Home Office,South,Beauty & Personal Care,Hair Styling,Ionic Salon Hair Dryer,75.0,36.0,4,0.0,300.0,156.0,UPI / Digital Wallet,Cancelled
TXN-12549,03-02-2023,CUST-1754,Corporate,South,Electronics,Accessories,USB-C Multiport Fast Hub,34.0,15.0,2,0.15,57.8,27.8,Net Banking,Delivered
TXN-11553,2023-06-10,CUST-1834,Consumer,South,Electronics,Smartphones,Smartphone Pro 128GB,799.0,610.0,3,0.15,2037.45,207.45,Cash on Delivery,Shipped
TXN-10347,2023-03-02,CUST-1546,Corporate,North,Electronics,Accessories,USB-C Multiport Fast Hub,34.0,15.0,1,0.0,34.0,19.0,Cash on Delivery,Shipped
TXN-12372,2023-12-01,CUST-1418,Corporate,South,Beauty & Personal Care,Skincare,Revitalizing Night Face Cream,35.0,12.0,5,0.0,175.0,115.0,Credit Card,Delivered
TXN-11400,2023-02-05,CUST-1909,Corporate,South,Home & Kitchen,Coffee Makers,Automatic Espresso & Cappuccino Maker,229.0,155.0,1,0.05,217.55,62.55,Debit Card,Delivered
TXN-11830,07-03-2023,CUST-1452,Home Office,NORTH,Home & Kitchen,Cleaning,Robot Smart Vacuum Cleaner,279.0,215.0,1,0.05,265.05,50.05,Cash on Delivery,Shipped
TXN-10386,05-06-2023,CUST-1768,Home Office,NORTH,Beauty & Personal Care,Hair Styling,Ionic Salon Hair Dryer,75.0,36.0,3,0.05,213.75,105.75,Cash on Delivery,Pending
TXN-12041,08-11-2023,CUST-1262,Corporate,North,Clothing,Women's Apparel,Women's Floral Cotton Dress,59.0,26.0,1,0.15,50.15,24.15,Debit Card,Pending
TXN-12373,2023-11-12,CUST-1274,Consumer,  west  ,Beauty & Personal Care,Skincare,Hydrating Hyaluronic Acid Serum,29.0,9.5,8,0.15,197.2,121.2,Cash on Delivery,Delivered
TXN-12073,02/28/2023,CUST-1090,Home Office,East,Electronics,Wearables,Smart Fitness Health Watch,129.0,75.0,3,0.0,387.0,162.0,UPI / Digital Wallet,Shipped
TXN-10244,2023-01-25,CUST-1639,Consumer,North,Beauty & Personal Care,Skincare,Hydrating Hyaluronic Acid Serum,29.0,9.5,8,0.0,232.0,156.0,Credit Card,Shipped
TXN-12554,2023-02-19,CUST-1841,Home Office,SOUTH,Clothing,Footwear,Breathable Mesh Running Shoes,79.0,39.0,2,0.0,158.0,80.0,Credit Card,Pending
TXN-10937,,CUST-1903,Consumer,West,Home & Kitchen,Bedding,Orthopedic Memory Foam Pillow,39.0,18.0,3,0.0,117.0,63.0,Debit Card,Pending
TXN-11690,2023-10-14,CUST-1607,Home Office,East,Clothing,Men's Apparel,Men's Slim Fit Denim Jeans,49.0,22.0,1,0.0,49.0,27.0,Credit Card,Delivered
TXN-12440,2023-03-05,CUST-1064,Home Office,East,Electronics,Audio,Bluetooth Portable Speaker,49.0,26.0,8,0.05,372.4,164.4,Cash on Delivery,Shipped
TXN-10313,2023-11-22,CUST-1767,Corporate,Central,Home & Kitchen,Cookware,Stainless Steel 10-Piece Cookware Set,169.0,112.0,0,0.25,253.5,29.5,UPI / Digital Wallet,Shipped
TXN-11460,04/03/2023,CUST-1605,Home Office,East,Beauty & Personal Care,Hair Styling,Ionic Salon Hair Dryer,75.0,36.0,4,0.0,300.0,156.0,Cash on Delivery,Shipped
TXN-12765,2023-04-19,CUST-1806,Corporate,West,Sports & Outdoors,Strength Training,Adjustable Quick-Select Dumbbell Set,159.0,102.0,3,0.15,405.45,99.45,Credit Card,Cancelled
TXN-11964,2023-04-29,CUST-1006,Corporate,South,Beauty & Personal Care,Skincare,Hydrating Hyaluronic Acid Serum,29.0,9.5,2,0.05,55.1,36.1,Credit Card,Cancelled
TXN-11333,2023-01-17,CUST-1122,Corporate,North, Electronics ,Accessories,USB-C Multiport Fast Hub,34.0,15.0,1,0.1,30.6,15.6,Cash on Delivery,Delivered
TXN-10969,2023-11-01,CUST-1296,Home Office,South,Clothing,Men's Apparel,Classic Organic Cotton T-Shirt,22.0,8.5,4,0.1,79.2,45.2,Debit Card,Delivered
TXN-11455,2023-06-25,CUST-1459,Consumer,Central,Beauty & Personal Care,Skincare,Hydrating Hyaluronic Acid Serum,29.0,9.5,6,0.0,174.0,117.0,Debit Card,Shipped
TXN-10661,2023-09-15,CUST-1315,Corporate,West,Sports & Outdoors,Camping,Waterproof 4-Person Camping Tent,139.0,88.0,3,0.1,375.3,111.3,Cash on Delivery,Delivered
TXN-10936,11/21/2023,CUST-1775,Consumer,West, Electronics ,Smartphones,Smartphone Pro 128GB,799.0,610.0,2,0.1,1438.2,218.2,Cash on Delivery,Pending
TXN-10371,2023-10-19,CUST-1359,Consumer,South,Beauty & Personal Care,Skincare,Revitalizing Night Face Cream,35.0,12.0,3,0.15,89.25,53.25,Credit Card,Delivered
TXN-10567,04/15/2023,CUST-1145,Consumer,Central,Electronics,Television,Ultra HD Smart LED TV 55-inch,649.0,490.0,1,0.15,551.65,61.65,Debit Card,Pending
TXN-11025,2023-01-21,CUST-1771,,North,Clothing,Footwear,Breathable Mesh Running Shoes,79.0,39.0,4,0.1,284.4,128.4,UPI / Digital Wallet,Delivered
TXN-10825,11-11-2023,CUST-1651,Corporate,Central,Electronics,Smartphones,Smartphone Pro 128GB,799.0,610.0,1,0.15,679.15,69.15,Cash on Delivery,Cancelled
TXN-10983,2023-02-04,CUST-1534,Home Office,North,Clothing,Men's Apparel,Men's Slim Fit Denim Jeans,49.0,22.0,3,0.15,124.95,58.95,Debit Card,Delivered
TXN-12294,2023-06-14,CUST-1423,Home Office,South,Electronics,Television,Ultra HD Smart LED TV 55-inch,649.0,490.0,1,0.0,649.0,159.0,Credit Card,Delivered
TXN-12363,2023-05-08,CUST-1181,Consumer,West,Clothing,Clearance,Budget Graphic Polyester Tee,14.0,13.5,1,0.4,8.4,-5.1,Cash on Delivery,Delivered
TXN-11646,2023-01-19,CUST-1564,Home Office,Central,Electronics,Accessories,USB-C Multiport Fast Hub,34.0,15.0,1,0.15,28.9,13.9,Debit Card,Delivered
TXN-12442,2023-12-30,CUST-1211,Home Office,West,Clothing,Outerwear,Fleece Zip Hooded Sweatshirt,45.0,21.0,5,0.1,202.5,97.5,Debit Card,Shipped
TXN-12120,17-05-2023,CUST-1012,Home Office,North,Electronics,Wearables,Smart Fitness Health Watch,129.0,75.0,1,0.0,129.0,54.0,Net Banking,Pending
TXN-12681,2023-06-16,CUST-1159,Consumer,Central,Clothing,Outerwear,Fleece Zip Hooded Sweatshirt,45.0,21.0,1,0.0,45.0,24.0,Debit Card,Shipped
TXN-10814,2023-01-13,CUST-1732,Corporate,East,Home & Kitchen,Small Appliances,Digital Air Fryer 5.8 Qt,89.0,56.0,2,0.0,178.0,66.0,Credit Card,Delivered
TXN-11793,2023-01-10,CUST-1227,Consumer,North,Beauty & Personal Care,Hair Styling,Ionic Salon Hair Dryer,75.0,36.0,3,0.0,225.0,117.0,,Pending
TXN-11431,2023-08-15,CUST-1067,Home Office,North,Electronics,Audio,Bluetooth Portable Speaker,49.0,26.0,1,0.0,49.0,23.0,Cash on Delivery,Delivered
TXN-10779,07-07-2023,CUST-1967,Home Office,West,Home & Kitchen,Bedding,Orthopedic Memory Foam Pillow,39.0,18.0,1,0.1,35.1,17.1,Credit Card,Delivered
TXN-11750,2023-01-26,CUST-1800,Corporate,North, Home & Kitchen ,Coffee Makers,Automatic Espresso & Cappuccino Maker,229.0,155.0,4,0.1,824.4,204.4,Debit Card,Delivered
TXN-11321,03/24/2023,CUST-1706,Home Office,South,Home & Kitchen,Cookware,Stainless Steel 10-Piece Cookware Set,169.0,112.0,3,0.15,430.95,94.95,Net Banking,Pending
TXN-12542,2023-01-18,CUST-1697,Corporate,North,Clothing,Men's Apparel,Men's Slim Fit Denim Jeans,49.0,22.0,4,0.0,196.0,108.0,Cash on Delivery,Delivered
TXN-12714,2023-04-24,CUST-1546,Corporate,North,Sports & Outdoors,Hydration,Insulated Vacuum Water Bottle 1L,24.0,9.5,1,0.15,20.4,10.9,Debit Card,Delivered
TXN-11053,2023-03-17,CUST-1559,Corporate,  west  ,Beauty & Personal Care,Skincare,Hydrating Hyaluronic Acid Serum,29.0,9.5,2,0.15,49.3,30.3,Cash on Delivery,Pending
TXN-12190,2023-05-09,CUST-1844,Corporate,North,Sports & Outdoors,Camping,Waterproof 4-Person Camping Tent,139.0,88.0,2,0.15,236.3,60.3,Net Banking,Pending
TXN-11014,2023-10-15,CUST-1678,Home Office,Central,Sports & Outdoors,Hydration,Insulated Vacuum Water Bottle 1L,24.0,9.5,1,0.1,21.6,12.1,UPI / Digital Wallet,Delivered
TXN-11402,2023-05-27,CUST-1019,Consumer,North,Beauty & Personal Care,Oral Care,Rechargeable Sonic Electric Toothbrush,69.0,34.0,3,0.1,186.3,84.3,Credit Card,Shipped
TXN-12122,2023-01-09,CUST-1554,Corporate,East,Sports & Outdoors,Outdoor Gear,Tactical Multi-Pocket Hiking Backpack,68.0,36.0,5,0.1,306.0,126.0,UPI / Digital Wallet,Delivered
TXN-12358,03/23/2023,CUST-1786,Home Office,Central, Beauty & Personal Care ,Oral Care,Rechargeable Sonic Electric Toothbrush,69.0,34.0,2,0.05,131.1,63.1,Credit Card,Pending
TXN-12616,2023-05-24,CUST-1634,Corporate,Central,Home & Kitchen,Small Appliances,Digital Air Fryer 5.8 Qt,89.0,56.0,1,0.1,80.1,24.1,Debit Card,Shipped
TXN-10127,30-07-2023,CUST-1209,Home Office,North,Home & Kitchen,Bedding,Orthopedic Memory Foam Pillow,39.0,18.0,3,0.1,105.3,51.3,Debit Card,Pending
TXN-10888,2023-06-30,CUST-1193,Home Office,Central,Home & Kitchen,Cleaning,Robot Smart Vacuum Cleaner,279.0,215.0,1,0.1,251.1,36.1,Debit Card,Pending
TXN-12322,2023-09-19,CUST-1420,Corporate,South,Sports & Outdoors,Strength Training,Adjustable Quick-Select Dumbbell Set,159.0,102.0,3,0.1,429.3,123.3,Credit Card,Pending
TXN-11348,2023-08-07,CUST-1187,Consumer,Central,Electronics,Laptops & PCs,Ultra-Slim 14-inch Laptop,950.0,740.0,2,0.15,1615.0,135.0,Net Banking,Delivered
TXN-11008,2023-10-18,CUST-1770,Corporate,East, Electronics ,Accessories,USB-C Multiport Fast Hub,34.0,15.0,1,0.0,34.0,19.0,Credit Card,Shipped
TXN-10356,2023-04-03,CUST-1642,Home Office,North,Electronics,Audio,Bluetooth Portable Speaker,$49.00,26.0,3,0.0,147.0,69.0,UPI / Digital Wallet,Delivered
TXN-11004,2023-06-23,CUST-1403,Corporate,West,Beauty & Personal Care,Oral Care,Rechargeable Sonic Electric Toothbrush,69.0,34.0,1,0.1,62.1,28.1,Net Banking,Delivered
TXN-11484,2023-12-15,CUST-1312,Corporate,Central,Beauty & Personal Care,Skincare,Revitalizing Night Face Cream,35.0,12.0,2,0.2,56.0,32.0,Cash on Delivery,Delivered
TXN-10683,2023-01-23,CUST-1905,Corporate,North,Electronics,Audio,Bluetooth Portable Speaker,49.0,26.0,1,0.05,46.55,20.55,UPI / Digital Wallet,Cancelled
TXN-10828,2023-10-21,CUST-1585,Home Office,South,Electronics,Wearables,Smart Fitness Health Watch,129.0,75.0,3,0.0,387.0,162.0,Debit Card,Delivered
TXN-11832,23-03-2023,CUST-1908,Consumer,North, Home & Kitchen ,Bedding,Orthopedic Memory Foam Pillow,39.0,18.0,4,0.15,132.6,60.6,Net Banking,Delivered
TXN-11899,23-07-2023,CUST-1739,Home Office,East,Electronics,Laptops & PCs,Ultra-Slim 14-inch Laptop,950.0,740.0,2,0.05,1805.0,325.0,Net Banking,Delivered
TXN-12003,2023-06-02,CUST-1238,Consumer,Central,Sports & Outdoors,Fitness,Eco-Friendly Yoga Mat with Strap,32.0,14.0,2,0.05,60.8,32.8,Cash on Delivery,Delivered
TXN-10985,20-05-2023,CUST-1785,Consumer,Central,Home & Kitchen,Bedding,Orthopedic Memory Foam Pillow,39.0,18.0,3,0.15,99.45,45.45,Cash on Delivery,Delivered
TXN-11234,16-08-2023,CUST-1002,Consumer,South,Electronics,Audio,Bluetooth Portable Speaker,49.0,26.0,1,0.05,46.55,20.55,Net Banking,Delivered
TXN-12413,2023-01-14,CUST-1267,Consumer,East,Home & Kitchen,Small Appliances,Digital Air Fryer 5.8 Qt,89.0,56.0,3,0.15,226.95,58.95,Net Banking,Delivered
TXN-11911,2023-05-13,CUST-1068,Home Office,West,Home & Kitchen,Coffee Makers,Automatic Espresso & Cappuccino Maker,229.0,155.0,5,0.05,1087.75,312.75,Credit Card,Delivered
TXN-10141,2023-01-17,CUST-1484,Corporate,West,Clothing,Footwear,Breathable Mesh Running Shoes,79.0,39.0,1,0.0,79.0,40.0,Cash on Delivery,Shipped
TXN-10218,2023-10-08,CUST-1077,Home Office,West,Electronics,Audio,Noise-Canceling Wireless Headphones,179.0,110.0,1,0.15,152.15,42.15,Credit Card,Shipped
TXN-12330,12-02-2023,CUST-1482,Corporate,Central,Electronics,Audio,Bluetooth Portable Speaker,$49.00,26.0,3,0.0,147.0,69.0,Cash on Delivery,Delivered
TXN-10363,05/11/2023,CUST-1289,Home Office,Central,Sports & Outdoors,Strength Training,Adjustable Quick-Select Dumbbell Set,159.0,102.0,1,0.05,151.05,49.05,UPI / Digital Wallet,Delivered
TXN-12519,2023-02-02,CUST-1290,Home Office,WEST,Sports & Outdoors,Camping,Waterproof 4-Person Camping Tent,139.0,88.0,1,0.15,118.15,30.15,Net Banking,Cancelled
TXN-10346,2023-10-25,CUST-1142,Home Office,East,Sports & Outdoors,Strength Training,Adjustable Quick-Select Dumbbell Set,159.0,102.0,1,0.0,159.0,57.0,Net Banking,Delivered
TXN-12677,2023-05-10,CUST-1931,Consumer,East,Home & Kitchen,Small Appliances,Digital Air Fryer 5.8 Qt,89.0,56.0,1,0.1,80.1,24.1,UPI / Digital Wallet,Delivered
TXN-10023,2023-01-05,CUST-1575,Consumer,Central, Electronics ,Audio,Bluetooth Portable Speaker,49.0,26.0,1,0.0,49.0,23.0,UPI / Digital Wallet,Pending
TXN-10712,2023-12-30,CUST-1621,Consumer,East,Home & Kitchen,Bedding,Orthopedic Memory Foam Pillow,39.0,18.0,3,0.2,93.6,39.6,UPI / Digital Wallet,Pending
TXN-11158,2023-07-24,CUST-1951,Consumer,South,Sports & Outdoors,Outdoor Gear,Tactical Multi-Pocket Hiking Backpack,68.0,36.0,1,0.15,57.8,21.8,Credit Card,Shipped
TXN-12104,2023-02-12,CUST-1848,Home Office,North,Clothing,Men's Apparel,Classic Organic Cotton T-Shirt,22.0,8.5,2,0.0,44.0,27.0,,Delivered
TXN-10872,2023-09-23,CUST-1191,Home Office,West,Home & Kitchen,Storage,Glass Food Storage Containers (Set of 6),28.0,13.0,1,0.15,23.8,10.8,UPI / Digital Wallet,Cancelled
TXN-11883,2023-09-02,CUST-1823,Consumer,North,Home & Kitchen,Cookware,Stainless Steel 10-Piece Cookware Set,169.0,112.0,3,0.0,507.0,171.0,Cash on Delivery,Pending
TXN-10011,2023-06-07,CUST-1900,Consumer,North,Clothing,Men's Apparel,Men's Slim Fit Denim Jeans,49.0,22.0,1,0.15,41.65,19.65,Cash on Delivery,Delivered
TXN-12283,04-02-2023,CUST-1805,Corporate,Central,Electronics,Smartphones,Smartphone Pro 128GB,799.0,610.0,1,0.1,719.1,109.1,UPI / Digital Wallet,Pending
TXN-12181,2023-01-06,CUST-1871,Corporate,  central  ,Clothing,Footwear,Breathable Mesh Running Shoes,79.0,39.0,2,0.05,150.1,72.1,Net Banking,Delivered
TXN-12672,03/26/2023,CUST-1648,Home Office,North,Sports & Outdoors,Camping,Waterproof 4-Person Camping Tent,139.0,88.0,1,0.05,132.05,44.05,Net Banking,Shipped
TXN-11835,2023-10-03,CUST-1282,Home Office,East,Clothing,Women's Apparel,Women's Floral Cotton Dress,59.0,26.0,1,0.0,59.0,33.0,Cash on Delivery,Cancelled
TXN-10794,2023-08-04,CUST-1982,,North,Electronics,Accessories,USB-C Multiport Fast Hub,34.0,15.0,1,0.15,28.9,13.9,Credit Card,Delivered
TXN-11316,2023-06-10,CUST-1852,Corporate,West,Home & Kitchen,Bedding,Orthopedic Memory Foam Pillow,39.0,18.0,1,0.1,35.1,17.1,Cash on Delivery,Cancelled
TXN-10755,08-09-2023,CUST-1861,Corporate,North,Beauty & Personal Care,Skincare,Hydrating Hyaluronic Acid Serum,29.0,9.5,1,0.0,29.0,19.5,UPI / Digital Wallet,Pending
TXN-10627,2023-02-12,CUST-1333,Corporate,SOUTH,Beauty & Personal Care,Skincare,Revitalizing Night Face Cream,35.0,12.0,3,0.05,99.75,63.75,Net Banking,Delivered
TXN-10095,2023-12-29,CUST-1610,Consumer,East,Clothing,Footwear,Breathable Mesh Running Shoes,79.0,39.0,2,0.25,118.5,40.5,Net Banking,Delivered
TXN-11886,2023-07-29,CUST-1136,Corporate,Central, Sports & Outdoors ,Strength Training,Adjustable Quick-Select Dumbbell Set,159.0,102.0,2,0.0,318.0,114.0,Cash on Delivery,Shipped
TXN-10130,2023-02-10,CUST-1979,Consumer,West,Clothing,Outerwear,Fleece Zip Hooded Sweatshirt,45.0,21.0,4,0.05,171.0,87.0,Debit Card,Pending
TXN-11709,2023-05-29,CUST-1516,Home Office,North,Electronics,Television,Ultra HD Smart LED TV 55-inch,649.0,490.0,1,0.15,551.65,61.65,UPI / Digital Wallet,Delivered
TXN-10844,19-07-2023,CUST-1660,Consumer,EAST,Sports & Outdoors,Outdoor Gear,Tactical Multi-Pocket Hiking Backpack,68.0,36.0,2,0.05,129.2,57.2,Debit Card,Delivered
TXN-10324,15-06-2023,CUST-1357,,Central,Beauty & Personal Care,Hair Styling,Ionic Salon Hair Dryer,75.0,36.0,2,0.15,127.5,55.5,Credit Card,Pending
TXN-12722,2023-05-17,CUST-1244,Consumer,  west  ,Beauty & Personal Care,Skincare,Revitalizing Night Face Cream,35.0,12.0,1,0.15,29.75,17.75,Cash on Delivery,Pending
TXN-11865,2023-02-19,CUST-1534,Consumer,East,Sports & Outdoors,Strength Training,Adjustable Quick-Select Dumbbell Set,159.0,102.0,3,0.15,405.45,99.45,Debit Card,Shipped
TXN-11285,2023-12-28,CUST-1854,Consumer,East,Clothing,Women's Apparel,Women's Floral Cotton Dress,59.0,26.0,1,0.15,50.15,24.15,Net Banking,Delivered
TXN-11672,2023-08-04,CUST-1056,Home Office,West,Sports & Outdoors,Fitness,Eco-Friendly Yoga Mat with Strap,$32.00,14.0,1,0.1,28.8,14.8,Cash on Delivery,Delivered
TXN-12747,07/16/2023,CUST-1225,Home Office,Central,Sports & Outdoors,Strength Training,Adjustable Quick-Select Dumbbell Set,159.0,102.0,4,0.1,572.4,164.4,Credit Card,Delivered
TXN-10015,2023-02-25,CUST-1348,Consumer,West,Clothing,Men's Apparel,Men's Slim Fit Denim Jeans,49.0,22.0,1,0.15,41.65,19.65,Cash on Delivery,Delivered
TXN-12132,2023-08-09,CUST-1532,Consumer,West,Clothing,Clearance,Budget Graphic Polyester Tee,14.0,13.5,2,0.25,21.0,-6.0,Debit Card,Shipped
TXN-10948,2023-10-18,CUST-1089,Home Office,West,Clothing,Men's Apparel,Classic Organic Cotton T-Shirt,22.0,8.5,4,0.1,79.2,45.2,Debit Card,Delivered
TXN-10216,2023-08-17,CUST-1344,Corporate,  north  ,Electronics,Smartphones,Smartphone Pro 128GB,799.0,610.0,1,0.0,799.0,189.0,UPI / Digital Wallet,Delivered
TXN-10228,2023-06-14,CUST-1793,Consumer,North,Clothing,Women's Apparel,Women's Floral Cotton Dress,59.0,26.0,2,0.15,100.3,48.3,Cash on Delivery,Delivered
TXN-12263,2023-12-19,CUST-1992,Consumer,North,Clothing,Men's Apparel,Men's Slim Fit Denim Jeans,49.0,22.0,1,0.25,36.75,14.75,UPI / Digital Wallet,Cancelled
TXN-11183,17-07-2023,CUST-1603,Home Office,West,Sports & Outdoors,Hydration,Insulated Vacuum Water Bottle 1L,24.0,9.5,3,0.0,72.0,43.5,UPI / Digital Wallet,Cancelled
TXN-10806,2023-11-16,CUST-1160,Consumer,West,Beauty & Personal Care,Skincare,Hydrating Hyaluronic Acid Serum,29.0,9.5,1,0.15,24.65,15.15,UPI / Digital Wallet,Pending
TXN-12156,2023-11-13,CUST-1701,Corporate,North,Sports & Outdoors,Camping,Waterproof 4-Person Camping Tent,139.0,88.0,1,0.25,104.25,16.25,UPI / Digital Wallet,Delivered
TXN-10865,2023-04-21,CUST-1027,Corporate,North,Home & Kitchen,Storage,Glass Food Storage Containers (Set of 6),28.0,13.0,1,0.05,26.6,13.6,Cash on Delivery,Delivered
TXN-11866,2023-12-15,CUST-1659,Home Office,West,Electronics,Wearables,Smart Fitness Health Watch,129.0,75.0,1,0.25,96.75,21.75,UPI / Digital Wallet,Delivered
TXN-11659,2023-11-06,CUST-1502,Consumer,  north  ,Beauty & Personal Care,Skincare,Hydrating Hyaluronic Acid Serum,29.0,9.5,1,0.0,29.0,19.5,Net Banking,Cancelled
TXN-10517,2023-09-14,CUST-1652,,East,Electronics,Wearables,Smart Fitness Health Watch,129.0,75.0,3,0.0,387.0,162.0,Debit Card,Delivered
TXN-11546,2023-05-18,CUST-1337,Corporate,North, Beauty & Personal Care ,Skincare,Revitalizing Night Face Cream,35.0,12.0,1,0.1,31.5,19.5,UPI / Digital Wallet,Shipped
TXN-11858,07/02/2023,CUST-1815,Corporate,North,Beauty & Personal Care,Skincare,Revitalizing Night Face Cream,35.0,12.0,2,0.1,63.0,39.0,Credit Card,Shipped
TXN-10598,,CUST-1036,Consumer,Central,Electronics,Audio,Bluetooth Portable Speaker,49.0,26.0,2,0.05,93.1,41.1,Cash on Delivery,Cancelled
TXN-10196,2023-04-27,CUST-1119,Consumer,North,Beauty & Personal Care,Hair Styling,Ionic Salon Hair Dryer,75.0,36.0,2,0.0,150.0,78.0,Credit Card,Shipped
TXN-11278,08-06-2023,CUST-1337,Home Office,Central,Electronics,Wearables,Smart Fitness Health Watch,129.0,75.0,1,0.15,109.65,34.65,UPI / Digital Wallet,Delivered
TXN-10289,2023-03-08,CUST-1676,Home Office,West,Sports & Outdoors,Outdoor Gear,Tactical Multi-Pocket Hiking Backpack,68.0,36.0,2,0.0,136.0,64.0,Cash on Delivery,Delivered
TXN-10951,03/21/2023,CUST-1465,Home Office,NORTH,Sports & Outdoors,Camping,Waterproof 4-Person Camping Tent,139.0,88.0,2,0.0,278.0,102.0,Credit Card,Shipped
TXN-12666,06/05/2023,CUST-1959,Consumer,West,Home & Kitchen,Storage,Glass Food Storage Containers (Set of 6),28.0,13.0,1,0.1,25.2,12.2,Net Banking,Cancelled
TXN-12419,2023-08-30,CUST-1979,Home Office,East,Beauty & Personal Care,Skincare,Hydrating Hyaluronic Acid Serum,29.0,9.5,5,0.05,137.75,90.25,UPI / Digital Wallet,Delivered
TXN-12701,2023-07-07,CUST-1666,Consumer,CENTRAL,Beauty & Personal Care,Haircare,Argan Oil Repair Shampoo & Conditioner,24.0,8.5,1,0.05,22.8,14.3,Net Banking,Shipped
TXN-11121,10/06/2023,CUST-1725,Consumer,North, Electronics ,Audio,Bluetooth Portable Speaker,49.0,26.0,2,0.0,98.0,46.0,Debit Card,Pending
TXN-12030,2023-07-05,CUST-1569,Consumer,East,Electronics,Smartphones,Smartphone Pro 128GB,799.0,610.0,2,0.0,1598.0,378.0,Debit Card,Delivered
TXN-10550,04/01/2023,CUST-1567,Consumer,West,Electronics,Laptops & PCs,Ultra-Slim 14-inch Laptop,950.0,740.0,3,0.15,2422.5,202.5,Debit Card,Delivered
TXN-10157,2023-09-28,CUST-1098,Corporate,West,Electronics,Laptops & PCs,Ultra-Slim 14-inch Laptop,950.0,740.0,1,0.15,807.5,67.5,Credit Card,Delivered
TXN-10420,2023-02-03,CUST-1964,Consumer,North,Electronics,Wearables,Smart Fitness Health Watch,129.0,75.0,3,0.1,348.3,123.3,Cash on Delivery,Delivered
TXN-10923,2023-09-13,CUST-1622,Home Office,  west  ,Home & Kitchen,Cookware,Stainless Steel 10-Piece Cookware Set,169.0,112.0,1,0.0,169.0,57.0,Credit Card,Delivered
TXN-12538,2023-10-25,CUST-1448,Home Office,North,Electronics,Television,Ultra HD Smart LED TV 55-inch,649.0,490.0,3,0.05,1849.65,379.65,Cash on Delivery,Delivered
TXN-10478,2023-01-03,CUST-1598,Consumer,West, Home & Kitchen ,Bedding,Orthopedic Memory Foam Pillow,39.0,18.0,3,0.0,117.0,63.0,Debit Card,Shipped
TXN-12059,2023-02-23,CUST-1301,Consumer,Central,Electronics,Audio,Bluetooth Portable Speaker,49.0,26.0,1,0.15,41.65,15.65,UPI / Digital Wallet,Pending
TXN-11693,2023-02-12,CUST-1930,Consumer,East,Electronics,Television,Ultra HD Smart LED TV 55-inch,649.0,490.0,1,0.0,649.0,159.0,Debit Card,Delivered
TXN-12088,09/03/2023,CUST-1756,Corporate,South,Beauty & Personal Care,Skincare,Revitalizing Night Face Cream,35.0,12.0,1,0.1,31.5,19.5,Credit Card,Delivered
TXN-12706,2023-11-23,CUST-1682,Consumer,North,Electronics,Smartphones,Smartphone Pro 128GB,799.0,610.0,2,0.2,1278.4,58.4,UPI / Digital Wallet,Shipped
TXN-11524,2023-11-19,CUST-1710,Consumer,NORTH,Clothing,Footwear,Breathable Mesh Running Shoes,79.0,39.0,3,0.0,237.0,120.0,Debit Card,Shipped
TXN-11472,2023-08-05,CUST-1033,Corporate,Central,Sports & Outdoors,Hydration,Insulated Vacuum Water Bottle 1L,24.0,9.5,2,0.05,45.6,26.6,Debit Card,Pending
TXN-10554,31-03-2023,CUST-1844,Corporate,West,Home & Kitchen,Cookware,Stainless Steel 10-Piece Cookware Set,169.0,112.0,1,0.15,143.65,31.65,Cash on Delivery,Cancelled
TXN-11203,2023-10-30,CUST-1380,Corporate,Central, Clothing ,Outerwear,Fleece Zip Hooded Sweatshirt,45.0,21.0,2,0.0,90.0,48.0,Cash on Delivery,Delivered
TXN-10391,2023-11-09,CUST-1443,Consumer,East,Sports & Outdoors,Hydration,Insulated Vacuum Water Bottle 1L,24.0,9.5,1,0.1,21.6,12.1,UPI / Digital Wallet,Cancelled
TXN-10579,2023-07-02,CUST-1999,Corporate,North, Sports & Outdoors ,Hydration,Insulated Vacuum Water Bottle 1L,24.0,9.5,1,0.0,24.0,14.5,Cash on Delivery,Cancelled
TXN-11670,2023-12-11,CUST-1375,Corporate,West,Sports & Outdoors,Fitness,Eco-Friendly Yoga Mat with Strap,32.0,14.0,1,0.15,27.2,13.2,Net Banking,Shipped
TXN-12688,08-01-2023,CUST-1612,Home Office,South,Clothing,Men's Apparel,Classic Organic Cotton T-Shirt,22.0,8.5,1,0.0,22.0,13.5,Net Banking,Delivered
TXN-12078,2023-02-17,CUST-1577,Corporate,  west  ,Beauty & Personal Care,Skincare,Hydrating Hyaluronic Acid Serum,29.0,9.5,1,0.15,24.65,15.15,Credit Card,Delivered
TXN-12572,04-03-2023,CUST-1883,Corporate,North,Electronics,Laptops & PCs,Ultra-Slim 14-inch Laptop,950.0,740.0,2,0.05,1805.0,325.0,Net Banking,Shipped
TXN-11640,2023-11-04,CUST-1555,Home Office,South,Sports & Outdoors,Strength Training,Adjustable Quick-Select Dumbbell Set,159.0,102.0,3,0.15,405.45,99.45,Debit Card,Delivered
TXN-10821,2023-04-14,CUST-1760,Corporate,North,Clothing,Outerwear,Fleece Zip Hooded Sweatshirt,45.0,21.0,2,0.1,81.0,39.0,Net Banking,Delivered
TXN-12711,2023-02-28,CUST-1887,Consumer,East,Electronics,Audio,Noise-Canceling Wireless Headphones,179.0,110.0,1,0.0,179.0,69.0,Debit Card,Delivered
TXN-11007,2023-05-10,CUST-1033,Home Office,West,Clothing,Clearance,Budget Graphic Polyester Tee,14.0,13.5,1,0.5,7.0,-6.5,Cash on Delivery,Cancelled
TXN-11249,2023-11-15,CUST-1758,Home Office,East,Electronics,Television,Ultra HD Smart LED TV 55-inch,649.0,490.0,2,0.25,973.5,-6.5,Credit Card,Cancelled
TXN-10145,2023-11-03,CUST-1592,Home Office,South,Sports & Outdoors,Camping,Waterproof 4-Person Camping Tent,139.0,88.0,1,0.1,125.1,37.1,Net Banking,Delivered
TXN-10665,2023-08-01,CUST-1932,Consumer,North,Beauty & Personal Care,Oral Care,Rechargeable Sonic Electric Toothbrush,69.0,34.0,1,0.1,62.1,28.1,Credit Card,Delivered
TXN-12515,,CUST-1015,Home Office,EAST,Sports & Outdoors,Fitness,Eco-Friendly Yoga Mat with Strap,32.0,14.0,1,0.0,32.0,18.0,Cash on Delivery,Cancelled
TXN-10143,2023-06-27,CUST-1472,Home Office,North, Electronics ,Television,Ultra HD Smart LED TV 55-inch,649.0,490.0,1,0.0,649.0,159.0,Cash on Delivery,Pending
TXN-12472,07/01/2023,CUST-1524,Corporate,South,Electronics,Television,Ultra HD Smart LED TV 55-inch,649.0,490.0,1,0.0,649.0,159.0,Cash on Delivery,Delivered
TXN-11047,01/11/2023,CUST-1220,Corporate,Central,Electronics,Wearables,Smart Fitness Health Watch,129.0,75.0,1,0.1,116.1,41.1,Credit Card,Pending
TXN-11889,14-07-2023,CUST-1287,Home Office,West,Electronics,Smartphones,Smartphone Pro 128GB,799.0,610.0,3,0.0,2397.0,567.0,UPI / Digital Wallet,Cancelled
TXN-10422,2023-06-25,CUST-1593,Home Office,West,Beauty & Personal Care,Haircare,Argan Oil Repair Shampoo & Conditioner,24.0,8.5,2,0.05,45.6,28.6,Net Banking,Pending
TXN-11661,2023-03-11,CUST-1223,Corporate,West,Beauty & Personal Care,Hair Styling,Ionic Salon Hair Dryer,75.0,36.0,1,0.1,67.5,31.5,,Delivered
TXN-11715,2023-07-18,CUST-1970,Home Office,South,Clothing,Men's Apparel,Classic Organic Cotton T-Shirt,22.0,8.5,2,0.15,37.4,20.4,Credit Card,Delivered
TXN-10800,2023-03-17,CUST-1040,Home Office,West,Beauty & Personal Care,Skincare,Hydrating Hyaluronic Acid Serum,$29.00,9.5,5,0.0,145.0,97.5,Credit Card,Delivered
TXN-12252,2023-06-23,CUST-1295,Corporate,North,Sports & Outdoors,Strength Training,Adjustable Quick-Select Dumbbell Set,159.0,102.0,4,0.1,572.4,164.4,Cash on Delivery,Delivered
TXN-10616,2023-09-03,CUST-1445,Consumer,West,Clothing,Footwear,Breathable Mesh Running Shoes,79.0,39.0,1,0.0,79.0,40.0,Net Banking,Delivered
TXN-11319,2023-09-21,CUST-1165,,NORTH,Beauty & Personal Care,Skincare,Revitalizing Night Face Cream,$35.00,12.0,1,0.15,29.75,17.75,Debit Card,Shipped
TXN-11953,02/18/2023,CUST-1417,Corporate,North,Electronics,Accessories,USB-C Multiport Fast Hub,34.0,15.0,1,0.1,30.6,15.6,UPI / Digital Wallet,Delivered
TXN-10296,2023-01-19,CUST-1691,Consumer,South,Clothing,Outerwear,Fleece Zip Hooded Sweatshirt,45.0,21.0,1,0.0,45.0,24.0,UPI / Digital Wallet,Shipped
TXN-10402,2023-03-14,CUST-1038,Consumer,CENTRAL,Home & Kitchen,Coffee Makers,Automatic Espresso & Cappuccino Maker,229.0,155.0,2,0.1,412.2,102.2,Debit Card,Cancelled
TXN-10089,09/29/2023,CUST-1117,Home Office,East,Home & Kitchen,Bedding,Orthopedic Memory Foam Pillow,39.0,18.0,1,0.05,37.05,19.05,Debit Card,Delivered
TXN-12045,2023-06-20,CUST-1465,Corporate,  south  ,Beauty & Personal Care,Oral Care,Rechargeable Sonic Electric Toothbrush,69.0,34.0,8,0.15,469.2,197.2,Cash on Delivery,Delivered
TXN-11773,03/03/2023,CUST-1140,Home Office,North,Home & Kitchen,Coffee Makers,Automatic Espresso & Cappuccino Maker,229.0,155.0,2,0.05,435.1,125.1,Debit Card,Delivered
TXN-12789,2023-10-31,CUST-1710,Corporate,  north  ,Clothing,Clearance,Budget Graphic Polyester Tee,14.0,13.5,1,0.4,8.4,-5.1,Debit Card,Delivered
TXN-10132,2023-09-01,CUST-1902,Corporate,East,Home & Kitchen,Coffee Makers,Automatic Espresso & Cappuccino Maker,229.0,155.0,2,0.05,435.1,125.1,Credit Card,Delivered
TXN-12031,2023-02-11,CUST-1034,Corporate,Central,Electronics,Smartphones,Smartphone Pro 128GB,799.0,610.0,6,0.0,4794.0,1134.0,UPI / Digital Wallet,Pending
TXN-12019,2023-12-01,CUST-1239,Corporate,North,Beauty & Personal Care,Hair Styling,Ionic Salon Hair Dryer,75.0,36.0,1,0.15,63.75,27.75,UPI / Digital Wallet,Pending
TXN-10078,2023-08-16,CUST-1932,Consumer,Central,Electronics,Audio,Noise-Canceling Wireless Headphones,179.0,110.0,3,0.05,510.15,180.15,Credit Card,Delivered
TXN-11403,2023-08-23,CUST-1147,Consumer,South, Electronics ,Audio,Noise-Canceling Wireless Headphones,179.0,110.0,1,0.0,179.0,69.0,Net Banking,Cancelled
TXN-12334,2023-07-14,CUST-1706,Consumer,North,Sports & Outdoors,Camping,Waterproof 4-Person Camping Tent,$139.00,88.0,1,0.15,118.15,30.15,Cash on Delivery,Delivered
TXN-12461,24-12-2023,CUST-1482,Home Office,Central,Sports & Outdoors,Outdoor Gear,Tactical Multi-Pocket Hiking Backpack,68.0,36.0,3,0.15,173.4,65.4,Debit Card,Pending
TXN-11189,2023-09-21,CUST-1107,Corporate,  west  ,Electronics,Audio,Noise-Canceling Wireless Headphones,179.0,110.0,2,0.1,322.2,102.2,Net Banking,Delivered
TXN-10725,2023-11-02,CUST-1126,Consumer,East,Home & Kitchen,Cleaning,Robot Smart Vacuum Cleaner,279.0,215.0,1,0.25,209.25,-5.75,Cash on Delivery,Cancelled
TXN-11315,2023-01-30,CUST-1551,Home Office,South,Clothing,Clearance,Budget Graphic Polyester Tee,14.0,13.5,1,0.4,8.4,-5.1,Credit Card,Delivered
TXN-12352,2023-03-09,CUST-1891,Corporate,North,Home & Kitchen,Cleaning,Robot Smart Vacuum Cleaner,279.0,215.0,2,0.0,558.0,128.0,UPI / Digital Wallet,Cancelled
TXN-11852,2023-09-06,CUST-1353,Home Office,EAST,Beauty & Personal Care,Hair Styling,Ionic Salon Hair Dryer,75.0,36.0,2,0.1,135.0,63.0,Credit Card,Cancelled
TXN-10270,2023-11-19,CUST-1687,Home Office,SOUTH, Sports & Outdoors ,Hydration,Insulated Vacuum Water Bottle 1L,24.0,9.5,2,0.0,48.0,29.0,Cash on Delivery,Cancelled
TXN-12176,2023-12-30,CUST-1055,Home Office,East,Sports & Outdoors,Strength Training,Adjustable Quick-Select Dumbbell Set,159.0,102.0,3,0.0,477.0,171.0,Net Banking,Delivered
TXN-12351,01/21/2023,CUST-1284,Home Office,East,Clothing,Women's Apparel,Women's Floral Cotton Dress,59.0,26.0,-1,0.1,106.2,54.2,,Delivered
TXN-12212,2023-02-12,CUST-1252,Home Office,East,Home & Kitchen,Cookware,Stainless Steel 10-Piece Cookware Set,169.0,112.0,2,0.15,287.3,63.3,Net Banking,Pending
TXN-12725,2023-08-17,CUST-1274,Consumer,Central,Beauty & Personal Care,Hair Styling,Ionic Salon Hair Dryer,75.0,36.0,1,0.1,67.5,31.5,Cash on Delivery,Delivered
TXN-11373,2023-07-27,CUST-1220,Corporate,North,Clothing,Footwear,Breathable Mesh Running Shoes,79.0,39.0,3,0.1,213.3,96.3,Credit Card,Delivered
TXN-11856,2023-07-16,CUST-1037,Consumer,Central,Home & Kitchen,Small Appliances,Digital Air Fryer 5.8 Qt,89.0,56.0,2,0.05,169.1,57.1,Cash on Delivery,Pending
TXN-12462,2023-04-17,CUST-1852,Corporate,West,Clothing,Clearance,Budget Graphic Polyester Tee,14.0,13.5,1,0.25,10.5,-3.0,,Delivered
TXN-10918,09/29/2023,CUST-1247,Consumer,East,Electronics,Smartphones,Smartphone Pro 128GB,799.0,610.0,2,0.05,1518.1,298.1,Credit Card,Delivered
TXN-11344,2023-03-13,CUST-1355,Consumer,West,Beauty & Personal Care,Skincare,Revitalizing Night Face Cream,35.0,12.0,3,0.0,105.0,69.0,Net Banking,Delivered
TXN-11320,06/22/2023,CUST-1553,Consumer,North,Electronics,Wearables,Smart Fitness Health Watch,129.0,75.0,-1,0.0,258.0,108.0,UPI / Digital Wallet,Cancelled
TXN-12432,2023-01-09,CUST-1240,Corporate,Central,Electronics,Accessories,USB-C Multiport Fast Hub,34.0,15.0,1,0.15,28.9,13.9,Credit Card,Shipped
TXN-12717,2023-02-01,CUST-1235,Home Office,South,Beauty & Personal Care,Haircare,Argan Oil Repair Shampoo & Conditioner,24.0,8.5,1,0.05,22.8,14.3,Credit Card,Delivered
TXN-10588,2023-05-26,CUST-1616,Corporate,Central,Electronics,Television,Ultra HD Smart LED TV 55-inch,649.0,490.0,2,0.0,1298.0,318.0,UPI / Digital Wallet,Pending
TXN-11954,,CUST-1651,Home Office,East,Home & Kitchen,Bedding,Orthopedic Memory Foam Pillow,39.0,18.0,2,0.2,62.4,26.4,Credit Card,Shipped
TXN-12053,24-08-2023,CUST-1569,Home Office,South,Electronics,Audio,Noise-Canceling Wireless Headphones,179.0,110.0,3,0.0,537.0,207.0,Debit Card,Delivered
TXN-10403,2023-02-24,CUST-1066,Consumer,South,Electronics,Audio,Bluetooth Portable Speaker,49.0,26.0,2,0.15,83.3,31.3,Debit Card,Shipped
TXN-10376,2023-04-17,CUST-1349,Home Office,West,Sports & Outdoors,Camping,Waterproof 4-Person Camping Tent,139.0,88.0,2,0.1,250.2,74.2,UPI / Digital Wallet,Pending
TXN-11909,2023-08-01,CUST-1490,Corporate,West,Electronics,Television,Ultra HD Smart LED TV 55-inch,649.0,490.0,1,0.0,649.0,159.0,Debit Card,Delivered
TXN-10334,2023-09-05,CUST-1812,Home Office,North, Electronics ,Accessories,USB-C Multiport Fast Hub,34.0,15.0,2,0.15,57.8,27.8,UPI / Digital Wallet,Delivered
TXN-12171,2023-03-08,CUST-1682,Consumer,South,Electronics,Laptops & PCs,Ultra-Slim 14-inch Laptop,950.0,740.0,2,0.05,1805.0,325.0,Debit Card,Cancelled
TXN-12664,01/21/2023,CUST-1301,Home Office,Central,Electronics,Accessories,USB-C Multiport Fast Hub,34.0,15.0,1,0.15,28.9,13.9,Net Banking,Pending
TXN-11605,2023-03-29,CUST-1423,Home Office,WEST,Beauty & Personal Care,Haircare,Argan Oil Repair Shampoo & Conditioner,24.0,8.5,1,0.0,24.0,15.5,Credit Card,Pending
TXN-11841,11/11/2023,CUST-1042,Home Office,West,Home & Kitchen,Coffee Makers,Automatic Espresso & Cappuccino Maker,229.0,155.0,3,0.25,515.25,50.25,Debit Card,Shipped
TXN-11119,2023-09-24,CUST-1872,Home Office,Central,Home & Kitchen,Bedding,Orthopedic Memory Foam Pillow,39.0,18.0,2,0.1,70.2,34.2,Cash on Delivery,Delivered
TXN-12035,2023-08-23,CUST-1091,Home Office,East, Clothing ,Footwear,Breathable Mesh Running Shoes,79.0,39.0,2,0.0,158.0,80.0,UPI / Digital Wallet,Pending
TXN-11443,21-01-2023,CUST-1457,Corporate,North,Sports & Outdoors,Outdoor Gear,Tactical Multi-Pocket Hiking Backpack,68.0,36.0,1,0.0,68.0,32.0,Net Banking,Delivered
TXN-12005,2023-12-01,CUST-1817,Home Office,East, Home & Kitchen ,Bedding,Orthopedic Memory Foam Pillow,39.0,18.0,1,0.05,37.05,19.05,Credit Card,Shipped
TXN-11944,2023-09-30,CUST-1113,Home Office,West,Electronics,Laptops & PCs,Ultra-Slim 14-inch Laptop,950.0,740.0,2,0.1,1710.0,230.0,,Delivered
TXN-10911,01/21/2023,CUST-1346,,North,Clothing,Women's Apparel,Women's Floral Cotton Dress,59.0,26.0,2,0.1,106.2,54.2,Net Banking,Delivered
TXN-10777,2023-11-28,CUST-1896,Home Office,North,Sports & Outdoors,Strength Training,Adjustable Quick-Select Dumbbell Set,159.0,102.0,1,0.1,143.1,41.1,Debit Card,Cancelled
TXN-12497,2023-03-07,CUST-1771,Corporate,West,Clothing,Footwear,Breathable Mesh Running Shoes,79.0,39.0,3,0.0,237.0,120.0,Cash on Delivery,Delivered
TXN-10329,2023-04-09,CUST-1195,Home Office,South,Home & Kitchen,Bedding,Orthopedic Memory Foam Pillow,39.0,18.0,2,0.15,66.3,30.3,Net Banking,Shipped
TXN-12385,2023-11-15,CUST-1270,Home Office,East,Clothing,Women's Apparel,Women's Floral Cotton Dress,59.0,26.0,2,0.1,106.2,54.2,Cash on Delivery,Delivered
TXN-11343,2023-08-06,CUST-1161,Home Office,South,Sports & Outdoors,Fitness,Eco-Friendly Yoga Mat with Strap,32.0,14.0,1,0.15,27.2,13.2,UPI / Digital Wallet,Pending
TXN-10321,2023-01-08,CUST-1333,Corporate,North,Electronics,Accessories,USB-C Multiport Fast Hub,34.0,15.0,3,0.15,86.7,41.7,Debit Card,Delivered
TXN-11620,12/22/2023,CUST-1202,Corporate,South,Electronics,Smartphones,Smartphone Pro 128GB,799.0,610.0,1,0.15,679.15,69.15,Debit Card,Shipped
TXN-11666,2023-04-09,CUST-1320,Corporate,West,Electronics,Smartphones,Smartphone Pro 128GB,799.0,610.0,1,0.0,799.0,189.0,Debit Card,Pending
TXN-12313,2023-03-03,CUST-1841,Home Office,East,Electronics,Audio,Noise-Canceling Wireless Headphones,179.0,110.0,4,0.1,644.4,204.4,Cash on Delivery,Delivered
TXN-10013,2023-02-06,CUST-1008,Consumer,North,Beauty & Personal Care,Skincare,Revitalizing Night Face Cream,35.0,12.0,2,0.0,70.0,46.0,UPI / Digital Wallet,Delivered
TXN-10898,07/15/2023,CUST-1007,Consumer,Central, Electronics ,Smartphones,Smartphone Pro 128GB,799.0,610.0,2,0.1,1438.2,218.2,Debit Card,Cancelled
TXN-10172,2023-09-22,CUST-1250,Corporate,Central,Electronics,Accessories,USB-C Multiport Fast Hub,34.0,15.0,2,0.05,64.6,34.6,Cash on Delivery,Delivered
TXN-11674,2023-12-20,CUST-1564,Corporate,North,Beauty & Personal Care,Skincare,Revitalizing Night Face Cream,35.0,12.0,2,0.25,52.5,28.5,UPI / Digital Wallet,Shipped
TXN-11943,2023-12-22,CUST-1266,Home Office,South, Clothing ,Women's Apparel,Women's Floral Cotton Dress,59.0,26.0,2,0.15,100.3,48.3,Credit Card,Delivered
TXN-10261,10/26/2023,CUST-1492,Corporate,East, Beauty & Personal Care ,Oral Care,Rechargeable Sonic Electric Toothbrush,69.0,34.0,2,0.15,117.3,49.3,Credit Card,Pending
TXN-12222,2023-10-27,CUST-1289,Home Office,North,Sports & Outdoors,Outdoor Gear,Tactical Multi-Pocket Hiking Backpack,$68.00,36.0,2,0.05,129.2,57.2,Net Banking,Delivered
TXN-10690,2023-02-26,CUST-1982,Corporate,Central,Clothing,Men's Apparel,Men's Slim Fit Denim Jeans,49.0,22.0,1,0.0,49.0,27.0,Debit Card,Delivered
TXN-10902,2023-12-04,CUST-1200,Corporate,West,Clothing,Outerwear,Fleece Zip Hooded Sweatshirt,45.0,21.0,4,0.2,144.0,60.0,UPI / Digital Wallet,Delivered
TXN-12578,19-12-2023,CUST-1724,Consumer,East,Home & Kitchen,Small Appliances,Digital Air Fryer 5.8 Qt,89.0,56.0,1,0.25,66.75,10.75,Cash on Delivery,Delivered
TXN-10259,2023-05-08,CUST-1781,Corporate,East,Clothing,Women's Apparel,Women's Floral Cotton Dress,59.0,26.0,1,0.05,56.05,30.05,Debit Card,Delivered
TXN-10845,2023-12-19,CUST-1758,Consumer,South,Home & Kitchen,Cookware,Stainless Steel 10-Piece Cookware Set,169.0,112.0,3,0.15,430.95,94.95,Net Banking,Delivered
TXN-11892,2023-09-29,CUST-1147,Corporate,West,Sports & Outdoors,Strength Training,Adjustable Quick-Select Dumbbell Set,159.0,102.0,1,0.0,159.0,57.0,UPI / Digital Wallet,Delivered
TXN-12784,02/22/2023,CUST-1472,Consumer,East,Home & Kitchen,Storage,Glass Food Storage Containers (Set of 6),28.0,13.0,1,0.15,23.8,10.8,Debit Card,Shipped
TXN-10139,2023-03-18,CUST-1550,Consumer,WEST,Electronics,Accessories,USB-C Multiport Fast Hub,34.0,15.0,1,0.15,28.9,13.9,Debit Card,Cancelled
TXN-11918,2023-05-08,CUST-1349,Consumer,North,Beauty & Personal Care,Haircare,Argan Oil Repair Shampoo & Conditioner,24.0,8.5,3,0.0,72.0,46.5,Debit Card,Shipped
TXN-11829,2023-06-15,CUST-1784,Corporate,Central,Beauty & Personal Care,Hair Styling,Ionic Salon Hair Dryer,75.0,36.0,1,0.0,75.0,39.0,UPI / Digital Wallet,Delivered
TXN-11574,10/08/2023,CUST-1638,Consumer,South,Electronics,Smartphones,Smartphone Pro 128GB,799.0,610.0,4,0.0,3196.0,756.0,Cash on Delivery,Cancelled
TXN-10320,2023-03-23,CUST-1331,Consumer,Central,Beauty & Personal Care,Haircare,Argan Oil Repair Shampoo & Conditioner,24.0,8.5,2,0.15,40.8,23.8,UPI / Digital Wallet,Shipped
TXN-10654,2023-07-23,CUST-1111,Consumer,East,Sports & Outdoors,Fitness,Eco-Friendly Yoga Mat with Strap,32.0,14.0,1,0.1,28.8,14.8,UPI / Digital Wallet,Delivered
TXN-12239,2023-12-12,CUST-1836,Corporate,North,Beauty & Personal Care,Skincare,Hydrating Hyaluronic Acid Serum,29.0,9.5,2,0.05,55.1,36.1,UPI / Digital Wallet,Shipped
TXN-10001,2023-02-27,CUST-1655,Consumer,South,Electronics,Smartphones,Smartphone Pro 128GB,$799.00,610.0,2,0.0,1598.0,378.0,Credit Card,Cancelled
TXN-10559,27-01-2023,CUST-1455,Consumer,  south  , Beauty & Personal Care ,Skincare,Hydrating Hyaluronic Acid Serum,29.0,9.5,1,0.1,26.1,16.6,UPI / Digital Wallet,Delivered
TXN-10140,12/11/2023,CUST-1474,Home Office,North,Beauty & Personal Care,Hair Styling,Ionic Salon Hair Dryer,75.0,36.0,1,0.1,67.5,31.5,Debit Card,Pending
TXN-10113,2023-03-22,CUST-1308,Home Office,East,Beauty & Personal Care,Skincare,Revitalizing Night Face Cream,35.0,12.0,2,0.0,70.0,46.0,Debit Card,Delivered
TXN-10532,2023-04-06,CUST-1456,Consumer,North,Clothing,Men's Apparel,Men's Slim Fit Denim Jeans,49.0,22.0,1,0.0,49.0,27.0,UPI / Digital Wallet,Pending
TXN-10225,2023-12-25,CUST-1806,Consumer,West,Home & Kitchen,Bedding,Orthopedic Memory Foam Pillow,39.0,18.0,3,0.0,117.0,63.0,Debit Card,Pending
TXN-10724,05/08/2023,CUST-1016,Corporate,South,Sports & Outdoors,Camping,Waterproof 4-Person Camping Tent,139.0,88.0,1,0.0,139.0,51.0,Debit Card,Delivered
TXN-12422,2023-03-22,CUST-1690,Corporate,North, Electronics ,Accessories,USB-C Multiport Fast Hub,34.0,15.0,4,0.0,136.0,76.0,Debit Card,Delivered
TXN-12633,2023-11-01,CUST-1051,Consumer,South,Electronics,Wearables,Smart Fitness Health Watch,$129.00,75.0,3,0.0,387.0,162.0,Cash on Delivery,Pending
TXN-12430,2023-08-12,CUST-1102,Home Office,South, Home & Kitchen ,Small Appliances,Digital Air Fryer 5.8 Qt,89.0,56.0,2,0.05,169.1,57.1,Debit Card,Delivered
TXN-11434,2023-08-08,CUST-1427,Home Office,WEST,Clothing,Women's Apparel,Women's Floral Cotton Dress,59.0,26.0,1,0.1,53.1,27.1,Debit Card,Delivered
TXN-10326,10/13/2023,CUST-1420,Consumer,South, Home & Kitchen ,Bedding,Orthopedic Memory Foam Pillow,39.0,18.0,2,0.0,78.0,42.0,Credit Card,Delivered
TXN-12470,2023-05-18,CUST-1348,Corporate,  central  ,Electronics,Laptops & PCs,Ultra-Slim 14-inch Laptop,950.0,740.0,1,0.0,950.0,210.0,Credit Card,Delivered
TXN-11324,2023-03-22,CUST-1811,Consumer,South,Electronics,Wearables,Smart Fitness Health Watch,129.0,75.0,4,0.15,438.6,138.6,Net Banking,Pending
TXN-12288,06/24/2023,CUST-1640,Home Office,North,Sports & Outdoors,Camping,Waterproof 4-Person Camping Tent,139.0,88.0,4,0.1,500.4,148.4,Credit Card,Shipped
TXN-11459,2023-11-06,CUST-1478,Consumer,South,Clothing,Outerwear,Fleece Zip Hooded Sweatshirt,45.0,21.0,2,0.1,81.0,39.0,Credit Card,Pending
TXN-12108,10/12/2023,CUST-1745,Corporate,West,Home & Kitchen,Cleaning,Robot Smart Vacuum Cleaner,279.0,215.0,5,0.0,1395.0,320.0,Net Banking,Pending
TXN-12553,2023-11-25,CUST-1494,Corporate,Central,Clothing,Women's Apparel,Women's Floral Cotton Dress,59.0,26.0,1,0.2,47.2,21.2,Debit Card,Cancelled
TXN-10715,2023-04-14,CUST-1231,Consumer,South,Beauty & Personal Care,Hair Styling,Ionic Salon Hair Dryer,75.0,36.0,1,0.15,63.75,27.75,Net Banking,Delivered
TXN-10847,2023-09-26,CUST-1613,Consumer,East,Electronics,Accessories,USB-C Multiport Fast Hub,34.0,15.0,1,0.0,34.0,19.0,Credit Card,Shipped
TXN-10194,2023-06-27,CUST-1509,Corporate,South,Home & Kitchen,Bedding,Orthopedic Memory Foam Pillow,39.0,18.0,2,0.05,74.1,38.1,Debit Card,Cancelled
TXN-11465,2023-03-25,CUST-1812,Home Office,East,Clothing,Men's Apparel,Men's Slim Fit Denim Jeans,49.0,22.0,4,0.0,196.0,108.0,Net Banking,Delivered
TXN-10574,2023-07-15,CUST-1675,Consumer,North,Home & Kitchen,Storage,Glass Food Storage Containers (Set of 6),28.0,13.0,1,0.1,25.2,12.2,,Delivered
TXN-10947,2023-12-21,CUST-1565,Corporate,West,Clothing,Outerwear,Fleece Zip Hooded Sweatshirt,45.0,21.0,1,0.2,36.0,15.0,Cash on Delivery,Delivered
TXN-12022,2023-07-05,CUST-1182,Home Office,West,Home & Kitchen,Small Appliances,Digital Air Fryer 5.8 Qt,89.0,56.0,1,0.15,75.65,19.65,UPI / Digital Wallet,Shipped
TXN-10504,21-10-2023,CUST-1306,Home Office,Central,Home & Kitchen,Small Appliances,Digital Air Fryer 5.8 Qt,89.0,56.0,1,0.0,89.0,33.0,Net Banking,Pending
TXN-11630,12/23/2023,CUST-1063,Consumer,North,Beauty & Personal Care,Oral Care,Rechargeable Sonic Electric Toothbrush,69.0,34.0,1,0.2,55.2,21.2,Net Banking,Shipped
TXN-12185,13-05-2023,CUST-1955,Home Office,West,Electronics,Accessories,USB-C Multiport Fast Hub,34.0,15.0,1,0.0,34.0,19.0,Debit Card,Delivered
TXN-10118,2023-11-18,CUST-1911,Home Office,South,Beauty & Personal Care,Haircare,Argan Oil Repair Shampoo & Conditioner,24.0,8.5,5,0.15,102.0,59.5,Cash on Delivery,Delivered
TXN-10646,02/13/2023,CUST-1276,Consumer,West,Home & Kitchen,Storage,Glass Food Storage Containers (Set of 6),28.0,13.0,2,0.15,47.6,21.6,Credit Card,Delivered
TXN-11871,2023-10-05,CUST-1603,Home Office,Central,Clothing,Men's Apparel,Classic Organic Cotton T-Shirt,$22.00,8.5,2,0.0,44.0,27.0,Credit Card,Shipped
TXN-10004,2023-07-05,CUST-1634,Home Office,North,Home & Kitchen,Storage,Glass Food Storage Containers (Set of 6),28.0,13.0,1,0.0,28.0,15.0,Debit Card,Delivered
TXN-10075,2023-10-28,CUST-1850,Home Office,South,Sports & Outdoors,Camping,Waterproof 4-Person Camping Tent,139.0,88.0,3,0.05,396.15,132.15,Credit Card,Delivered
TXN-11756,2023-06-01,CUST-1191,Home Office,West,Home & Kitchen,Bedding,Orthopedic Memory Foam Pillow,39.0,18.0,1,0.15,33.15,15.15,Cash on Delivery,Delivered
TXN-10468,2023-12-18,CUST-1609,Corporate,South,Clothing,Men's Apparel,Classic Organic Cotton T-Shirt,22.0,8.5,2,0.25,33.0,16.0,Debit Card,Cancelled
TXN-11346,2023-06-01,CUST-1874,Corporate,North,Electronics,Audio,Bluetooth Portable Speaker,49.0,26.0,3,0.1,132.3,54.3,Net Banking,Delivered
TXN-10006,2023-01-29,CUST-1864,Corporate,West,Clothing,Men's Apparel,Men's Slim Fit Denim Jeans,49.0,22.0,3,0.05,139.65,73.65,Credit Card,Delivered
TXN-11247,08/21/2023,CUST-1172,Consumer,West,Electronics,Wearables,Smart Fitness Health Watch,129.0,75.0,1,0.0,129.0,54.0,Cash on Delivery,Delivered
TXN-10920,2023-07-09,CUST-1492,Home Office,  east  ,Home & Kitchen,Coffee Makers,Automatic Espresso & Cappuccino Maker,229.0,155.0,1,0.1,206.1,51.1,Debit Card,Delivered
TXN-10548,2023-12-04,CUST-1512,Home Office,WEST,Clothing,Men's Apparel,Classic Organic Cotton T-Shirt,22.0,8.5,1,0.15,18.7,10.2,Net Banking,Delivered
TXN-10229,09-06-2023,CUST-1068,Home Office,Central,Beauty & Personal Care,Skincare,Revitalizing Night Face Cream,35.0,12.0,2,0.0,70.0,46.0,Credit Card,Delivered
TXN-11064,2023-03-04,CUST-1726,Consumer,North,Clothing,Clearance,Budget Graphic Polyester Tee,14.0,13.5,2,0.3,19.6,-7.4,Credit Card,Cancelled
TXN-10243,2023-07-26,CUST-1929,Home Office,South,Electronics,Smartphones,Smartphone Pro 128GB,799.0,610.0,1,0.0,799.0,189.0,Credit Card,Pending
TXN-12149,2023-08-01,CUST-1927,Home Office,North,Sports & Outdoors,Strength Training,Adjustable Quick-Select Dumbbell Set,159.0,102.0,5,0.0,795.0,285.0,Debit Card,Delivered
TXN-11161,2023-07-20,CUST-1771,Corporate,North,Home & Kitchen,Storage,Glass Food Storage Containers (Set of 6),28.0,13.0,4,0.1,100.8,48.8,Credit Card,Pending
TXN-12378,2023-04-19,CUST-1126,Home Office,East,Sports & Outdoors,Hydration,Insulated Vacuum Water Bottle 1L,24.0,9.5,5,0.0,120.0,72.5,UPI / Digital Wallet,Pending
TXN-11527,2023-02-07,CUST-1400,Home Office,South,Sports & Outdoors,Camping,Waterproof 4-Person Camping Tent,139.0,88.0,2,0.05,264.1,88.1,UPI / Digital Wallet,Shipped
TXN-11606,28-07-2023,CUST-1055,Corporate,South,Beauty & Personal Care,Haircare,Argan Oil Repair Shampoo & Conditioner,24.0,8.5,2,0.0,48.0,31.0,Net Banking,Cancelled
TXN-12636,2023-08-12,CUST-1891,Home Office,South,Electronics,Wearables,Smart Fitness Health Watch,129.0,75.0,1,0.0,129.0,54.0,Debit Card,Pending
TXN-12196,2023-06-29,CUST-1435,Home Office,East,Beauty & Personal Care,Skincare,Hydrating Hyaluronic Acid Serum,29.0,9.5,1,0.05,27.55,18.05,Cash on Delivery,Cancelled
TXN-12406,29-11-2023,CUST-1567,Corporate,East,Beauty & Personal Care,Haircare,Argan Oil Repair Shampoo & Conditioner,24.0,8.5,1,0.1,21.6,13.1,Debit Card,Delivered
TXN-11990,06-05-2023,CUST-1715,Corporate,North,Beauty & Personal Care,Skincare,Revitalizing Night Face Cream,35.0,12.0,1,0.15,29.75,17.75,Net Banking,Pending
TXN-12220,2023-09-16,CUST-1101,Home Office,East,Clothing,Men's Apparel,Classic Organic Cotton T-Shirt,22.0,8.5,1,0.05,20.9,12.4,Cash on Delivery,Cancelled
TXN-11976,2023-05-17,CUST-1748,Consumer,South,Clothing,Clearance,Budget Graphic Polyester Tee,$14.00,13.5,5,0.5,35.0,-32.5,Cash on Delivery,Delivered
TXN-11762,2023-11-14,CUST-1567,Consumer,West,Electronics,Audio,Bluetooth Portable Speaker,49.0,26.0,8,0.0,392.0,184.0,Cash on Delivery,Delivered
TXN-11306,2023-04-01,CUST-1385,Home Office,Central, Clothing ,Clearance,Budget Graphic Polyester Tee,14.0,13.5,2,0.4,16.8,-10.2,Cash on Delivery,Delivered
TXN-11542,2023-03-15,CUST-1871,Home Office,South,Beauty & Personal Care,Skincare,Revitalizing Night Face Cream,$35.00,12.0,2,0.1,63.0,39.0,Debit Card,Delivered
TXN-10623,2023-10-14,CUST-1867,Consumer,West,Sports & Outdoors,Outdoor Gear,Tactical Multi-Pocket Hiking Backpack,68.0,36.0,1,0.0,68.0,32.0,Cash on Delivery,Shipped
TXN-11494,2023-08-01,CUST-1616,Home Office,  east  ,Home & Kitchen,Cleaning,Robot Smart Vacuum Cleaner,279.0,215.0,1,0.05,265.05,50.05,UPI / Digital Wallet,Delivered
TXN-10111,2023-06-10,CUST-1408,Home Office,North,Beauty & Personal Care,Haircare,Argan Oil Repair Shampoo & Conditioner,24.0,8.5,1,0.0,24.0,15.5,Debit Card,Shipped
TXN-11170,2023-01-02,CUST-1555,Consumer,South,Sports & Outdoors,Hydration,Insulated Vacuum Water Bottle 1L,24.0,9.5,1,0.15,20.4,10.9,UPI / Digital Wallet,Delivered
TXN-10233,2023-07-12,CUST-1917,Corporate,South,Sports & Outdoors,Hydration,Insulated Vacuum Water Bottle 1L,$24.00,9.5,1,0.05,22.8,13.3,UPI / Digital Wallet,Cancelled
TXN-10067,2023-12-04,CUST-1850,Home Office,North,Electronics,Smartphones,Smartphone Pro 128GB,799.0,610.0,2,0.25,1198.5,-21.5,Cash on Delivery,Delivered
TXN-11917,27-06-2023,CUST-1706,Corporate,South,Electronics,Accessories,USB-C Multiport Fast Hub,34.0,15.0,2,0.15,57.8,27.8,Cash on Delivery,Delivered
TXN-10537,15-05-2023,CUST-1225,Consumer,South,Beauty & Personal Care,Hair Styling,Ionic Salon Hair Dryer,75.0,36.0,1,0.15,63.75,27.75,Debit Card,Delivered
TXN-10126,27-01-2023,CUST-1234,Corporate,Central,Home & Kitchen,Storage,Glass Food Storage Containers (Set of 6),28.0,13.0,2,0.15,47.6,21.6,Debit Card,Cancelled
TXN-11255,03/11/2023,CUST-1283,Corporate,North, Clothing ,Men's Apparel,Men's Slim Fit Denim Jeans,49.0,22.0,1,0.15,41.65,19.65,Debit Card,Shipped
TXN-12349,2023-03-01,CUST-1520,Corporate,North,Electronics,Accessories,USB-C Multiport Fast Hub,34.0,15.0,1,0.0,34.0,19.0,UPI / Digital Wallet,Cancelled
TXN-11977,2023-01-04,CUST-1549,Home Office,Central,Electronics,Accessories,USB-C Multiport Fast Hub,34.0,15.0,2,0.05,64.6,34.6,Net Banking,Shipped
TXN-12468,2023-08-03,CUST-1298,Home Office,North,Home & Kitchen,Small Appliances,Digital Air Fryer 5.8 Qt,89.0,56.0,3,0.0,267.0,99.0,Cash on Delivery,Delivered
TXN-12195,2023-09-03,CUST-1992,Consumer,East, Sports & Outdoors ,Hydration,Insulated Vacuum Water Bottle 1L,24.0,9.5,3,0.15,61.2,32.7,Debit Card,Shipped
TXN-12076,07-04-2023,CUST-1162,Home Office,Central,Electronics,Audio,Bluetooth Portable Speaker,49.0,26.0,3,0.0,147.0,69.0,Credit Card,Pending
TXN-10485,02/11/2023,CUST-1600,Consumer,West,Sports & Outdoors,Fitness,Eco-Friendly Yoga Mat with Strap,32.0,14.0,2,0.0,64.0,36.0,Debit Card,Shipped
TXN-11655,2023-07-03,CUST-1299,Home Office,East,Electronics,Accessories,USB-C Multiport Fast Hub,34.0,15.0,4,0.0,136.0,76.0,Net Banking,Delivered
TXN-12528,2023-02-27,CUST-1725,Consumer,North,Sports & Outdoors,Camping,Waterproof 4-Person Camping Tent,139.0,88.0,2,0.0,278.0,102.0,UPI / Digital Wallet,Cancelled
TXN-12138,2023-10-20,CUST-1882,Home Office,West,Sports & Outdoors,Camping,Waterproof 4-Person Camping Tent,139.0,88.0,2,0.05,264.1,88.1,Debit Card,Delivered
TXN-12273,2023-05-15,CUST-1509,Corporate,West,Home & Kitchen,Bedding,Orthopedic Memory Foam Pillow,39.0,18.0,1,0.05,37.05,19.05,Net Banking,Delivered
TXN-11775,2023-10-11,CUST-1304,Home Office,South, Clothing ,Women's Apparel,Women's Floral Cotton Dress,59.0,26.0,1,0.0,59.0,33.0,UPI / Digital Wallet,Delivered
TXN-10919,2023-08-17,CUST-1734,Home Office,East, Electronics ,Smartphones,Smartphone Pro 128GB,799.0,610.0,5,0.0,3995.0,945.0,UPI / Digital Wallet,Cancelled
TXN-11647,2023-08-26,CUST-1233,Consumer,South,Home & Kitchen,Cleaning,Robot Smart Vacuum Cleaner,279.0,215.0,2,0.0,558.0,128.0,Debit Card,Cancelled
TXN-11027,2023-12-27,CUST-1224,Home Office,North,Home & Kitchen,Bedding,Orthopedic Memory Foam Pillow,39.0,18.0,1,0.15,33.15,15.15,Net Banking,Delivered
TXN-11031,2023-03-17,CUST-1148,Corporate,East,Beauty & Personal Care,Hair Styling,Ionic Salon Hair Dryer,75.0,36.0,2,0.0,150.0,78.0,Cash on Delivery,Shipped
TXN-10883,2023-06-28,CUST-1111,Consumer,South,Beauty & Personal Care,Oral Care,Rechargeable Sonic Electric Toothbrush,69.0,34.0,1,0.15,58.65,24.65,Cash on Delivery,Delivered
TXN-11336,2023-11-02,CUST-1891,Corporate,West,Electronics,Wearables,Smart Fitness Health Watch,129.0,75.0,1,0.1,116.1,41.1,Credit Card,Pending
TXN-12097,2023-09-07,CUST-1177,Home Office,East,Home & Kitchen,Storage,Glass Food Storage Containers (Set of 6),28.0,13.0,1,0.15,23.8,10.8,Credit Card,Delivered
TXN-10365,2023-09-24,CUST-1058,Home Office,Central,Clothing,Footwear,Breathable Mesh Running Shoes,79.0,39.0,2,0.05,150.1,72.1,Credit Card,Delivered
TXN-10028,2023-12-29,CUST-1046,Corporate,South,Home & Kitchen,Bedding,Orthopedic Memory Foam Pillow,39.0,18.0,4,0.2,124.8,52.8,Cash on Delivery,Delivered
TXN-10474,2023-03-28,CUST-1267,Consumer,West,Home & Kitchen,Bedding,Orthopedic Memory Foam Pillow,39.0,18.0,2,0.05,74.1,38.1,Credit Card,Delivered
TXN-10526,2023-05-21,CUST-1417,Corporate,West,Electronics,Audio,Bluetooth Portable Speaker,49.0,26.0,2,0.1,88.2,36.2,,Delivered
TXN-10726,15-09-2023,CUST-1555,Corporate,Central,Electronics,Audio,Bluetooth Portable Speaker,49.0,26.0,1,0.1,44.1,18.1,UPI / Digital Wallet,Delivered
TXN-10056,26-07-2023,CUST-1119,Corporate,Central,Sports & Outdoors,Hydration,Insulated Vacuum Water Bottle 1L,24.0,9.5,2,0.0,48.0,29.0,Cash on Delivery,Delivered
TXN-10639,2023-11-16,CUST-1225,Home Office,  east  ,Electronics,Smartphones,Smartphone Pro 128GB,799.0,610.0,1,0.0,799.0,189.0,Cash on Delivery,Delivered
TXN-10303,2023-08-05,CUST-1819,Corporate,Central,Home & Kitchen,Coffee Makers,Automatic Espresso & Cappuccino Maker,229.0,155.0,4,0.0,916.0,296.0,,Cancelled
TXN-12467,2023-04-25,CUST-1918,Home Office,Central, Home & Kitchen ,Coffee Makers,Automatic Espresso & Cappuccino Maker,229.0,155.0,3,0.05,652.65,187.65,UPI / Digital Wallet,Cancelled
TXN-11277,2023-09-01,CUST-1637,Home Office,South,Beauty & Personal Care,Haircare,Argan Oil Repair Shampoo & Conditioner,24.0,8.5,2,0.05,45.6,28.6,Debit Card,Cancelled
TXN-12492,2023-07-18,CUST-1899,Corporate,Central,Home & Kitchen,Storage,Glass Food Storage Containers (Set of 6),28.0,13.0,2,0.05,53.2,27.2,Net Banking,Pending
TXN-10625,2023-01-02,CUST-1189,Home Office,North,Electronics,Accessories,USB-C Multiport Fast Hub,34.0,15.0,2,0.15,57.8,27.8,Cash on Delivery,Pending
TXN-12056,2023-11-22,CUST-1979,Consumer,South, Home & Kitchen ,Coffee Makers,Automatic Espresso & Cappuccino Maker,229.0,155.0,1,0.15,194.65,39.65,Debit Card,Shipped
TXN-11281,2023-06-11,CUST-1362,Home Office,North,Beauty & Personal Care,Skincare,Revitalizing Night Face Cream,35.0,12.0,1,0.0,35.0,23.0,Cash on Delivery,Delivered
TXN-11050,16-11-2023,CUST-1152,Home Office,North,Home & Kitchen,Cookware,Stainless Steel 10-Piece Cookware Set,$169.00,112.0,2,0.2,270.4,46.4,UPI / Digital Wallet,Shipped
TXN-10337,2023-09-14,CUST-1409,Corporate,South,Home & Kitchen,Cookware,Stainless Steel 10-Piece Cookware Set,169.0,112.0,3,0.0,507.0,171.0,Net Banking,Delivered
TXN-10048,2023-05-21,CUST-1130,Home Office,East,Electronics,Laptops & PCs,Ultra-Slim 14-inch Laptop,950.0,740.0,5,0.15,4037.5,337.5,Debit Card,Cancelled
TXN-10107,2023-07-08,CUST-1128,Corporate,West,Home & Kitchen,Cookware,Stainless Steel 10-Piece Cookware Set,169.0,112.0,3,0.1,456.3,120.3,Debit Card,Shipped
TXN-11080,2023-01-12,CUST-1717,Corporate,North,Home & Kitchen,Cleaning,Robot Smart Vacuum Cleaner,279.0,215.0,2,0.1,502.2,72.2,Cash on Delivery,Delivered
TXN-11145,2023-03-02,CUST-1061,Consumer,North,Sports & Outdoors,Strength Training,Adjustable Quick-Select Dumbbell Set,159.0,102.0,3,0.0,477.0,171.0,Credit Card,Cancelled
TXN-12776,2023-05-15,CUST-1431,Consumer,Central,Electronics,Laptops & PCs,Ultra-Slim 14-inch Laptop,950.0,740.0,1,0.0,950.0,210.0,Net Banking,Shipped
TXN-11837,2023-05-02,CUST-1438,Consumer,Central,Beauty & Personal Care,Hair Styling,Ionic Salon Hair Dryer,75.0,36.0,1,0.0,75.0,39.0,UPI / Digital Wallet,Cancelled
TXN-11754,2023-09-26,CUST-1558,Home Office,South,Home & Kitchen,Coffee Makers,Automatic Espresso & Cappuccino Maker,229.0,155.0,2,0.0,458.0,148.0,Debit Card,Delivered
TXN-11102,2023-12-22,CUST-1037,Home Office,South,Electronics,Audio,Noise-Canceling Wireless Headphones,179.0,110.0,1,0.05,170.05,60.05,Cash on Delivery,Shipped
TXN-11969,2023-07-05,CUST-1923,Consumer,Central,Clothing,Men's Apparel,Classic Organic Cotton T-Shirt,22.0,8.5,2,0.0,44.0,27.0,Debit Card,Delivered
TXN-10524,2023-10-19,CUST-1285,Home Office,Central,Electronics,Accessories,USB-C Multiport Fast Hub,34.0,15.0,2,0.15,57.8,27.8,Debit Card,Delivered
TXN-11429,2023-09-10,CUST-1460,Home Office,  south  ,Clothing,Men's Apparel,Classic Organic Cotton T-Shirt,22.0,8.5,3,0.0,66.0,40.5,UPI / Digital Wallet,Pending
TXN-12466,06/22/2023,CUST-1247,Corporate,West,Electronics,Accessories,USB-C Multiport Fast Hub,34.0,15.0,3,0.0,102.0,57.0,Net Banking,Delivered
TXN-10604,2023-01-25,CUST-1919,,South,Electronics,Accessories,USB-C Multiport Fast Hub,34.0,15.0,1,0.1,30.6,15.6,Net Banking,Pending
TXN-11490,2023-09-29,CUST-1622,Home Office,South,Electronics,Accessories,USB-C Multiport Fast Hub,34.0,15.0,5,0.05,161.5,86.5,Net Banking,Cancelled
TXN-12219,23-02-2023,CUST-1850,Corporate,South,Clothing,Outerwear,Fleece Zip Hooded Sweatshirt,45.0,21.0,3,0.15,114.75,51.75,Debit Card,Cancelled
TXN-10061,2023-07-17,CUST-1391,Consumer,West,Beauty & Personal Care,Oral Care,Rechargeable Sonic Electric Toothbrush,69.0,34.0,3,0.0,207.0,105.0,Debit Card,Pending
TXN-12601,2023-01-07,CUST-1517,Home Office,  south  ,Beauty & Personal Care,Skincare,Revitalizing Night Face Cream,35.0,12.0,1,0.15,29.75,17.75,Debit Card,Delivered
TXN-10672,2023-11-04,CUST-1629,Consumer,North,Electronics,Accessories,USB-C Multiport Fast Hub,34.0,15.0,2,0.1,61.2,31.2,Net Banking,Delivered
TXN-10093,2023-09-16,CUST-1087,Corporate,West,Beauty & Personal Care,Haircare,Argan Oil Repair Shampoo & Conditioner,24.0,8.5,1,0.0,24.0,15.5,Net Banking,Pending
TXN-10667,2023-03-23,CUST-1530,Consumer,Central,Home & Kitchen,Cookware,Stainless Steel 10-Piece Cookware Set,169.0,112.0,1,0.0,169.0,57.0,Net Banking,Shipped
TXN-11888,17-01-2023,CUST-1813,Consumer,East,Home & Kitchen,Cookware,Stainless Steel 10-Piece Cookware Set,169.0,112.0,2,0.0,338.0,114.0,Debit Card,Delivered
TXN-10281,2023-09-21,CUST-1170,Home Office,Central, Electronics ,Television,Ultra HD Smart LED TV 55-inch,649.0,490.0,1,0.0,649.0,159.0,Debit Card,Cancelled
TXN-11720,2023-10-21,CUST-1825,Home Office,North,Clothing,Men's Apparel,Men's Slim Fit Denim Jeans,49.0,22.0,2,0.05,93.1,49.1,UPI / Digital Wallet,Shipped
TXN-10360,05/21/2023,CUST-1712,Home Office,South,Clothing,Men's Apparel,Classic Organic Cotton T-Shirt,22.0,8.5,2,0.15,37.4,20.4,Debit Card,Pending
TXN-10900,07/18/2023,CUST-1179,Corporate,North,Clothing,Women's Apparel,Women's Floral Cotton Dress,59.0,26.0,3,0.05,168.15,90.15,UPI / Digital Wallet,Delivered
TXN-11936,2023-07-25,CUST-1508,Corporate,Central, Beauty & Personal Care ,Haircare,Argan Oil Repair Shampoo & Conditioner,24.0,8.5,2,0.15,40.8,23.8,Debit Card,Delivered
TXN-11995,2023-02-15,CUST-1874,Home Office,Central,Electronics,Audio,Bluetooth Portable Speaker,49.0,26.0,2,0.1,88.2,36.2,Debit Card,Delivered
TXN-10761,2023-01-12,CUST-1762,Corporate,North,Clothing,Footwear,Breathable Mesh Running Shoes,79.0,39.0,1,0.0,79.0,40.0,Net Banking,Shipped
TXN-12480,27-05-2023,CUST-1983,Corporate,South,Home & Kitchen,Cleaning,Robot Smart Vacuum Cleaner,279.0,215.0,6,0.05,1590.3,300.3,Net Banking,Shipped
TXN-10043,2023-08-24,CUST-1651,Home Office,Central,Beauty & Personal Care,Skincare,Revitalizing Night Face Cream,35.0,12.0,1,0.0,35.0,23.0,UPI / Digital Wallet,Pending
TXN-10205,2023-03-08,CUST-1228,Home Office,NORTH,Electronics,Wearables,Smart Fitness Health Watch,129.0,75.0,3,0.05,367.65,142.65,Net Banking,Delivered
TXN-11474,2023-02-09,CUST-1274,Corporate,East,Sports & Outdoors,Fitness,Eco-Friendly Yoga Mat with Strap,32.0,14.0,2,0.0,64.0,36.0,Cash on Delivery,Delivered
TXN-12101,2023-03-06,CUST-1106,Corporate,East,Beauty & Personal Care,Oral Care,Rechargeable Sonic Electric Toothbrush,69.0,34.0,2,0.05,131.1,63.1,Cash on Delivery,Delivered
TXN-10069,2023-07-07,CUST-1553,Corporate,South,Home & Kitchen,Bedding,Orthopedic Memory Foam Pillow,39.0,18.0,2,0.05,74.1,38.1,Cash on Delivery,Delivered
TXN-11876,12/28/2023,CUST-1387,Home Office,South,Beauty & Personal Care,Skincare,Revitalizing Night Face Cream,35.0,12.0,1,0.0,35.0,23.0,Credit Card,Delivered
TXN-12247,2023-12-09,CUST-1901,Consumer,South,Electronics,Audio,Noise-Canceling Wireless Headphones,179.0,110.0,2,0.05,340.1,120.1,Net Banking,Pending
TXN-10138,2023-10-03,CUST-1776,Consumer,Central,Sports & Outdoors,Camping,Waterproof 4-Person Camping Tent,139.0,88.0,1,0.0,139.0,51.0,Net Banking,Shipped
TXN-10797,2023-11-11,CUST-1528,Consumer,EAST,Home & Kitchen,Small Appliances,Digital Air Fryer 5.8 Qt,89.0,56.0,1,0.15,75.65,19.65,Credit Card,Shipped
TXN-12129,2023-06-28,CUST-1577,Corporate,West,Clothing,Men's Apparel,Classic Organic Cotton T-Shirt,22.0,8.5,3,0.05,62.7,37.2,Cash on Delivery,Cancelled
TXN-10759,2023-09-06,CUST-1811,Consumer,North,Electronics,Laptops & PCs,Ultra-Slim 14-inch Laptop,950.0,740.0,1,0.05,902.5,162.5,Debit Card,Delivered
TXN-10542,2023-04-17,CUST-1038,Corporate,South,Clothing,Men's Apparel,Men's Slim Fit Denim Jeans,49.0,22.0,3,0.1,132.3,66.3,Debit Card,Delivered
TXN-11020,2023-08-20,CUST-1038,Home Office,North, Electronics ,Wearables,Smart Fitness Health Watch,129.0,75.0,1,0.05,122.55,47.55,UPI / Digital Wallet,Cancelled
TXN-12158,2023-05-27,CUST-1991,Corporate,North,Home & Kitchen,Coffee Makers,Automatic Espresso & Cappuccino Maker,229.0,155.0,1,0.1,206.1,51.1,UPI / Digital Wallet,Cancelled
TXN-10166,2023-07-21,CUST-1837,Home Office,South,Clothing,Outerwear,Fleece Zip Hooded Sweatshirt,45.0,21.0,1,0.15,38.25,17.25,Net Banking,Delivered
TXN-10249,07/24/2023,CUST-1411,Corporate,West,Home & Kitchen,Small Appliances,Digital Air Fryer 5.8 Qt,89.0,56.0,1,0.1,80.1,24.1,Debit Card,Delivered
TXN-11332,2023-10-02,CUST-1596,Home Office,CENTRAL,Electronics,Audio,Bluetooth Portable Speaker,49.0,26.0,8,0.05,372.4,164.4,,Delivered
TXN-12018,07/13/2023,CUST-1592,Consumer,  north  ,Sports & Outdoors,Strength Training,Adjustable Quick-Select Dumbbell Set,159.0,102.0,2,0.0,318.0,114.0,UPI / Digital Wallet,Delivered
TXN-10447,2023-03-10,CUST-1966,Corporate,North,Electronics,Smartphones,Smartphone Pro 128GB,799.0,610.0,1,0.0,799.0,189.0,Credit Card,Delivered
TXN-11359,2023-08-16,CUST-1108,Consumer,East,Home & Kitchen,Small Appliances,Digital Air Fryer 5.8 Qt,89.0,56.0,2,0.05,169.1,57.1,Net Banking,Shipped
TXN-12146,2023-03-17,CUST-1625,Home Office,Central,Beauty & Personal Care,Skincare,Hydrating Hyaluronic Acid Serum,29.0,9.5,3,0.0,87.0,58.5,UPI / Digital Wallet,Delivered
TXN-11330,2023-08-13,CUST-1065,Home Office,North,Home & Kitchen,Storage,Glass Food Storage Containers (Set of 6),28.0,13.0,2,0.1,50.4,24.4,Credit Card,Pending
TXN-12751,2023-01-13,CUST-1947,Corporate,North,Electronics,Audio,Noise-Canceling Wireless Headphones,179.0,110.0,1,0.05,170.05,60.05,Credit Card,Delivered
TXN-12151,2023-04-11,CUST-1227,Home Office,Central, Electronics ,Laptops & PCs,Ultra-Slim 14-inch Laptop,950.0,740.0,1,0.05,902.5,162.5,Net Banking,Shipped
TXN-10435,2023-02-09,CUST-1959,Home Office,North,Home & Kitchen,Bedding,Orthopedic Memory Foam Pillow,39.0,18.0,1,0.0,39.0,21.0,Debit Card,Pending
TXN-12123,2023-11-07,CUST-1636,Home Office,South,Electronics,Smartphones,Smartphone Pro 128GB,799.0,610.0,1,0.25,599.25,-10.75,Cash on Delivery,Delivered
TXN-10578,2023-05-17,CUST-1986,Corporate,Central,Home & Kitchen,Coffee Makers,Automatic Espresso & Cappuccino Maker,229.0,155.0,2,0.05,435.1,125.1,UPI / Digital Wallet,Delivered
TXN-12259,2023-06-11,CUST-1034,,South,Electronics,Audio,Bluetooth Portable Speaker,49.0,26.0,1,0.0,49.0,23.0,Cash on Delivery,Delivered
TXN-12593,2023-01-22,CUST-1521,Consumer,South, Home & Kitchen ,Cleaning,Robot Smart Vacuum Cleaner,279.0,215.0,1,0.0,279.0,64.0,UPI / Digital Wallet,Cancelled
TXN-11849,2023-01-27,CUST-1128,Home Office,East,Beauty & Personal Care,Oral Care,Rechargeable Sonic Electric Toothbrush,69.0,34.0,1,0.0,69.0,35.0,UPI / Digital Wallet,Shipped
TXN-10763,2023-06-09,CUST-1659,Home Office,North,Clothing,Men's Apparel,Classic Organic Cotton T-Shirt,22.0,8.5,1,0.0,22.0,13.5,Debit Card,Delivered
TXN-10389,2023-12-13,CUST-1744,Consumer,East,Beauty & Personal Care,Hair Styling,Ionic Salon Hair Dryer,75.0,36.0,3,0.0,225.0,117.0,Credit Card,Delivered
TXN-10236,2023-04-08,CUST-1586,Home Office,Central,Clothing,Men's Apparel,Classic Organic Cotton T-Shirt,22.0,8.5,2,0.0,44.0,27.0,Cash on Delivery,Cancelled
TXN-12464,2023-08-03,CUST-1633,Consumer,West,Electronics,Wearables,Smart Fitness Health Watch,129.0,75.0,1,0.1,116.1,41.1,Cash on Delivery,Delivered
TXN-11985,2023-09-28,CUST-1670,Home Office,East,Clothing,Men's Apparel,Men's Slim Fit Denim Jeans,49.0,22.0,1,0.0,49.0,27.0,Debit Card,Cancelled
TXN-10268,2023-08-17,CUST-1355,Consumer,Central,Clothing,Men's Apparel,Men's Slim Fit Denim Jeans,49.0,22.0,4,0.15,166.6,78.6,Credit Card,Cancelled
TXN-10771,2023-10-22,CUST-1339,Consumer,West,Home & Kitchen,Storage,Glass Food Storage Containers (Set of 6),28.0,13.0,2,0.15,47.6,21.6,Debit Card,Delivered
TXN-12166,2023-02-17,CUST-1234,Consumer,Central,Electronics,Wearables,Smart Fitness Health Watch,129.0,75.0,2,0.15,219.3,69.3,Net Banking,Delivered
TXN-10438,11/02/2023,CUST-1912,Home Office,North,Clothing,Men's Apparel,Classic Organic Cotton T-Shirt,22.0,8.5,1,0.1,19.8,11.3,Credit Card,Delivered
TXN-10674,2023-04-09,CUST-1410,Consumer,West,Clothing,Women's Apparel,Women's Floral Cotton Dress,59.0,26.0,1,0.05,56.05,30.05,Net Banking,Pending
TXN-10250,2023-12-14,CUST-1583,Consumer,Central,Beauty & Personal Care,Skincare,Hydrating Hyaluronic Acid Serum,$29.00,9.5,1,0.1,26.1,16.6,Debit Card,Shipped
TXN-11575,2023-04-27,CUST-1176,Consumer,North,Home & Kitchen,Coffee Makers,Automatic Espresso & Cappuccino Maker,229.0,155.0,2,0.15,389.3,79.3,Cash on Delivery,Delivered
TXN-12143,2023-01-01,CUST-1324,Corporate,CENTRAL,Sports & Outdoors,Fitness,Eco-Friendly Yoga Mat with Strap,32.0,14.0,3,0.0,96.0,54.0,Cash on Delivery,Delivered
TXN-12082,2023-07-26,CUST-1288,Home Office,West,Beauty & Personal Care,Skincare,Hydrating Hyaluronic Acid Serum,29.0,9.5,3,0.1,78.3,49.8,Net Banking,Delivered
TXN-12476,2023-08-26,CUST-1802,Corporate,East,Home & Kitchen,Small Appliances,Digital Air Fryer 5.8 Qt,89.0,56.0,1,0.1,80.1,24.1,Cash on Delivery,Delivered
TXN-12428,09/24/2023,CUST-1751,Corporate,South,Electronics,Smartphones,Smartphone Pro 128GB,799.0,610.0,3,0.15,2037.45,207.45,Net Banking,Cancelled
TXN-12591,2023-01-23,CUST-1280,Consumer,East,Sports & Outdoors,Fitness,Eco-Friendly Yoga Mat with Strap,32.0,14.0,3,0.15,81.6,39.6,Cash on Delivery,Delivered
TXN-10449,16-07-2023,CUST-1122,Corporate,West,Home & Kitchen,Small Appliances,Digital Air Fryer 5.8 Qt,89.0,56.0,1,0.1,80.1,24.1,Credit Card,Delivered
TXN-11470,2023-02-26,CUST-1690,Consumer,West,Electronics,Wearables,Smart Fitness Health Watch,129.0,75.0,6,0.0,774.0,324.0,Credit Card,Cancelled
TXN-10717,07/12/2023,CUST-1641,Home Office,South,Sports & Outdoors,Hydration,Insulated Vacuum Water Bottle 1L,24.0,9.5,1,0.0,24.0,14.5,UPI / Digital Wallet,Delivered
TXN-12410,17-02-2023,CUST-1334,Home Office,West,Beauty & Personal Care,Hair Styling,Ionic Salon Hair Dryer,75.0,36.0,1,0.05,71.25,35.25,UPI / Digital Wallet,Cancelled
TXN-12473,2023-11-05,CUST-1358,Consumer,Central,Electronics,Wearables,Smart Fitness Health Watch,129.0,75.0,2,0.25,193.5,43.5,UPI / Digital Wallet,Delivered
TXN-12049,2023-03-08,CUST-1108,Corporate,North,Beauty & Personal Care,Haircare,Argan Oil Repair Shampoo & Conditioner,$24.00,8.5,1,0.15,20.4,11.9,Net Banking,Delivered
TXN-11902,2023-03-03,CUST-1048,Consumer,East,Sports & Outdoors,Hydration,Insulated Vacuum Water Bottle 1L,$24.00,9.5,2,0.15,40.8,21.8,Debit Card,Delivered
TXN-11169,01/15/2023,CUST-1281,Corporate,North,Sports & Outdoors,Strength Training,Adjustable Quick-Select Dumbbell Set,159.0,102.0,2,0.1,286.2,82.2,Cash on Delivery,Cancelled
TXN-10083,06/08/2023,CUST-1781,Home Office,South, Clothing ,Men's Apparel,Classic Organic Cotton T-Shirt,22.0,8.5,1,0.0,22.0,13.5,Cash on Delivery,Delivered
TXN-12291,2023-01-07,CUST-1823,Corporate,North,Electronics,Television,Ultra HD Smart LED TV 55-inch,649.0,490.0,2,0.15,1103.3,123.3,Cash on Delivery,Cancelled
TXN-11461,2023-10-29,CUST-1604,Consumer,Central,Home & Kitchen,Cookware,Stainless Steel 10-Piece Cookware Set,169.0,112.0,1,0.05,160.55,48.55,Debit Card,Delivered
TXN-11894,2023-08-01,CUST-1988,Home Office,South,Electronics,Wearables,Smart Fitness Health Watch,129.0,75.0,5,0.15,548.25,173.25,Cash on Delivery,Pending
TXN-11669,05-04-2023,CUST-1300,Consumer,East,Home & Kitchen,Cookware,Stainless Steel 10-Piece Cookware Set,169.0,112.0,1,0.0,169.0,57.0,Debit Card,Shipped
TXN-12001,2023-10-01,CUST-1919,Home Office,East,Home & Kitchen,Coffee Makers,Automatic Espresso & Cappuccino Maker,229.0,155.0,1,0.15,194.65,39.65,Net Banking,Pending
TXN-10476,2023-08-14,CUST-1652,Consumer,South,Electronics,Laptops & PCs,Ultra-Slim 14-inch Laptop,950.0,740.0,1,0.0,950.0,210.0,Credit Card,Shipped
TXN-10518,2023-12-01,CUST-1297,Home Office,East,Electronics,Smartphones,Smartphone Pro 128GB,799.0,610.0,1,0.15,679.15,69.15,UPI / Digital Wallet,Cancelled
TXN-10405,2023-11-20,CUST-1103,Consumer,North,Sports & Outdoors,Fitness,Eco-Friendly Yoga Mat with Strap,32.0,14.0,1,0.15,27.2,13.2,Credit Card,Delivered
TXN-10385,2023-11-13,CUST-1320,Home Office,West,Home & Kitchen,Cleaning,Robot Smart Vacuum Cleaner,279.0,215.0,3,0.15,711.45,66.45,Cash on Delivery,Pending
TXN-12300,2023-10-30,CUST-1677,Corporate,West,Home & Kitchen,Coffee Makers,Automatic Espresso & Cappuccino Maker,229.0,155.0,2,0.1,412.2,102.2,UPI / Digital Wallet,Delivered
TXN-12153,03/25/2023,CUST-1353,Corporate,South,Electronics,Audio,Noise-Canceling Wireless Headphones,179.0,110.0,1,0.0,179.0,69.0,Credit Card,Pending
TXN-11634,2023-11-14,CUST-1256,Consumer,South,Clothing,Footwear,Breathable Mesh Running Shoes,79.0,39.0,3,0.0,237.0,120.0,UPI / Digital Wallet,Delivered
TXN-12704,2023-07-16,CUST-1179,Corporate,North,Electronics,Laptops & PCs,Ultra-Slim 14-inch Laptop,950.0,740.0,2,0.0,1900.0,420.0,UPI / Digital Wallet,Delivered
TXN-10689,2023-05-20,CUST-1452,Consumer,West,Clothing,Outerwear,Fleece Zip Hooded Sweatshirt,45.0,21.0,1,0.1,40.5,19.5,UPI / Digital Wallet,Delivered
TXN-11241,2023-03-07,CUST-1953,Home Office,East,Beauty & Personal Care,Skincare,Revitalizing Night Face Cream,35.0,12.0,3,0.0,105.0,69.0,Debit Card,Delivered
TXN-10063,2023-09-07,CUST-1642,Consumer,North,Sports & Outdoors,Hydration,Insulated Vacuum Water Bottle 1L,24.0,9.5,2,0.15,40.8,21.8,UPI / Digital Wallet,Delivered
TXN-10853,2023-08-22,CUST-1563,Corporate,CENTRAL,Beauty & Personal Care,Oral Care,Rechargeable Sonic Electric Toothbrush,69.0,34.0,1,0.05,65.55,31.55,Credit Card,Delivered
TXN-12603,08/23/2023,CUST-1146,Corporate,South,Home & Kitchen,Cookware,Stainless Steel 10-Piece Cookware Set,169.0,112.0,2,0.0,338.0,114.0,Net Banking,Delivered
TXN-11263,2023-07-20,CUST-1795,Home Office,Central,Electronics,Accessories,USB-C Multiport Fast Hub,34.0,15.0,4,0.0,136.0,76.0,Debit Card,Pending
TXN-10224,2023-02-10,CUST-1434,Corporate,  central  ,Beauty & Personal Care,Oral Care,Rechargeable Sonic Electric Toothbrush,69.0,34.0,1,0.0,69.0,35.0,UPI / Digital Wallet,Cancelled
TXN-12194,2023-10-28,CUST-1837,Home Office,CENTRAL,Clothing,Men's Apparel,Classic Organic Cotton T-Shirt,22.0,8.5,1,0.15,18.7,10.2,Net Banking,Shipped
TXN-10374,07/20/2023,CUST-1373,Corporate,East,Electronics,Accessories,USB-C Multiport Fast Hub,34.0,15.0,2,0.05,64.6,34.6,Cash on Delivery,Delivered
TXN-11825,2023-09-02,CUST-1908,Corporate,Central,Clothing,Women's Apparel,Women's Floral Cotton Dress,59.0,26.0,2,0.1,106.2,54.2,Credit Card,Cancelled
TXN-12399,2023-04-24,CUST-1851,Consumer,West,Beauty & Personal Care,Haircare,Argan Oil Repair Shampoo & Conditioner,24.0,8.5,1,0.0,24.0,15.5,Cash on Delivery,Pending
TXN-12712,2023-04-15,CUST-1689,Consumer,East,Home & Kitchen,Small Appliances,Digital Air Fryer 5.8 Qt,89.0,56.0,1,0.1,80.1,24.1,Net Banking,Delivered
TXN-12457,2023-05-11,CUST-1002,Home Office,South,Sports & Outdoors,Fitness,Eco-Friendly Yoga Mat with Strap,32.0,14.0,1,0.1,28.8,14.8,Net Banking,Pending
TXN-12536,10/04/2023,CUST-1864,Consumer,South,Clothing,Men's Apparel,Classic Organic Cotton T-Shirt,$22.00,8.5,2,0.15,37.4,20.4,UPI / Digital Wallet,Delivered
TXN-10010,2023-06-02,CUST-1641,Consumer,South,Sports & Outdoors,Camping,Waterproof 4-Person Camping Tent,$139.00,88.0,2,0.15,236.3,60.3,,Delivered
TXN-11945,2023-08-21,CUST-1271,Home Office,Central,Sports & Outdoors,Strength Training,Adjustable Quick-Select Dumbbell Set,159.0,102.0,3,0.15,405.45,99.45,Credit Card,Delivered
TXN-11839,2023-10-18,CUST-1050,,North,Sports & Outdoors,Fitness,Eco-Friendly Yoga Mat with Strap,32.0,14.0,1,0.0,32.0,18.0,Net Banking,Delivered
TXN-10709,2023-08-02,CUST-1476,Corporate,East, Sports & Outdoors ,Camping,Waterproof 4-Person Camping Tent,139.0,88.0,1,0.0,139.0,51.0,Credit Card,Pending
TXN-10256,22-10-2023,CUST-1383,Corporate,North,Home & Kitchen,Coffee Makers,Automatic Espresso & Cappuccino Maker,229.0,155.0,1,0.1,206.1,51.1,Net Banking,Delivered
TXN-11618,2023-11-17,CUST-1763,Corporate,East,Clothing,Men's Apparel,Men's Slim Fit Denim Jeans,$49.00,22.0,1,0.05,46.55,24.55,Net Banking,Delivered
TXN-10390,2023-08-31,CUST-1400,Corporate,North,Clothing,Women's Apparel,Women's Floral Cotton Dress,$59.00,26.0,1,0.1,53.1,27.1,Cash on Delivery,Shipped
TXN-11582,2023-08-21,CUST-1623,Corporate,North,Electronics,Laptops & PCs,Ultra-Slim 14-inch Laptop,950.0,740.0,1,0.05,902.5,162.5,Cash on Delivery,Delivered
TXN-10925,09-07-2023,CUST-1132,Corporate,North,Home & Kitchen,Storage,Glass Food Storage Containers (Set of 6),28.0,13.0,5,0.0,140.0,75.0,UPI / Digital Wallet,Shipped
TXN-12037,2023-06-12,CUST-1250,Consumer,NORTH,Electronics,Television,Ultra HD Smart LED TV 55-inch,649.0,490.0,5,0.15,2758.25,308.25,Credit Card,Delivered
TXN-12271,2023-03-27,CUST-1838,Corporate,South,Electronics,Television,Ultra HD Smart LED TV 55-inch,649.0,490.0,1,0.0,649.0,159.0,Cash on Delivery,Delivered
TXN-11225,2023-11-05,CUST-1707,Corporate,South,Clothing,Outerwear,Fleece Zip Hooded Sweatshirt,45.0,21.0,1,0.0,45.0,24.0,Credit Card,Pending
TXN-11947,2023-02-23,CUST-1529,Corporate,North,Electronics,Audio,Bluetooth Portable Speaker,49.0,26.0,4,0.15,166.6,62.6,Credit Card,Delivered
TXN-10740,2023-10-14,CUST-1361,Corporate,South,Clothing,Outerwear,Fleece Zip Hooded Sweatshirt,45.0,21.0,2,0.15,76.5,34.5,Cash on Delivery,Delivered
TXN-10041,2023-03-25,CUST-1797,Home Office,East,Clothing,Footwear,Breathable Mesh Running Shoes,79.0,39.0,1,0.0,79.0,40.0,Cash on Delivery,Shipped
TXN-10869,11/13/2023,CUST-1408,Home Office,Central,Electronics,Wearables,Smart Fitness Health Watch,129.0,75.0,1,0.25,96.75,21.75,Cash on Delivery,Delivered
TXN-10540,05/24/2023,CUST-1815,Corporate,Central,Sports & Outdoors,Hydration,Insulated Vacuum Water Bottle 1L,24.0,9.5,1,0.15,20.4,10.9,Debit Card,Cancelled
TXN-12375,2023-02-10,CUST-1191,Consumer,East,Clothing,Outerwear,Fleece Zip Hooded Sweatshirt,45.0,21.0,3,0.1,121.5,58.5,UPI / Digital Wallet,Delivered
TXN-11372,2023-01-18,CUST-1785,Home Office,Central,Electronics,Wearables,Smart Fitness Health Watch,129.0,75.0,1,0.0,129.0,54.0,Net Banking,Delivered
TXN-11146,2023-01-22,CUST-1529,Corporate,East,Home & Kitchen,Cleaning,Robot Smart Vacuum Cleaner,279.0,215.0,1,0.0,279.0,64.0,Credit Card,Delivered
TXN-11032,,CUST-1891,Corporate,East, Beauty & Personal Care ,Oral Care,Rechargeable Sonic Electric Toothbrush,69.0,34.0,1,0.15,58.65,24.65,Credit Card,Delivered
TXN-10373,2023-08-27,CUST-1783,Corporate,North,Home & Kitchen,Storage,Glass Food Storage Containers (Set of 6),28.0,13.0,1,0.1,25.2,12.2,UPI / Digital Wallet,Cancelled
TXN-10668,2023-01-06,CUST-1448,Home Office,NORTH,Beauty & Personal Care,Haircare,Argan Oil Repair Shampoo & Conditioner,24.0,8.5,3,0.0,72.0,46.5,Net Banking,Delivered
TXN-10358,01/17/2023,CUST-1149,Corporate,East,Beauty & Personal Care,Oral Care,Rechargeable Sonic Electric Toothbrush,69.0,34.0,2,0.15,117.3,49.3,Credit Card,Delivered
TXN-10968,2023-12-16,CUST-1574,Corporate,West,Beauty & Personal Care,Oral Care,Rechargeable Sonic Electric Toothbrush,69.0,34.0,3,0.05,196.65,94.65,Credit Card,Cancelled
TXN-11354,2023-11-11,CUST-1687,Corporate,Central,Home & Kitchen,Storage,Glass Food Storage Containers (Set of 6),28.0,13.0,1,0.05,26.6,13.6,Cash on Delivery,Delivered
TXN-11036,2023-05-25,CUST-1921,Home Office,Central, Clothing ,Women's Apparel,Women's Floral Cotton Dress,59.0,26.0,3,0.15,150.45,72.45,Net Banking,Delivered
TXN-10471,2023-11-06,CUST-1212,Corporate,South,Beauty & Personal Care,Hair Styling,Ionic Salon Hair Dryer,75.0,36.0,2,0.15,127.5,55.5,Debit Card,Delivered
TXN-11397,,CUST-1778,Home Office,South,Clothing,Footwear,Breathable Mesh Running Shoes,79.0,39.0,1,0.0,79.0,40.0,UPI / Digital Wallet,Cancelled
TXN-12479,2023-01-08,CUST-1433,Home Office,East,Clothing,Clearance,Budget Graphic Polyester Tee,14.0,13.5,1,0.25,10.5,-3.0,Credit Card,Cancelled
TXN-11550,2023-03-27,CUST-1519,Home Office,  east  ,Home & Kitchen,Cookware,Stainless Steel 10-Piece Cookware Set,169.0,112.0,2,0.0,338.0,114.0,Credit Card,Shipped
TXN-11257,01/10/2023,CUST-1926,Home Office,West,Electronics,Smartphones,Smartphone Pro 128GB,799.0,610.0,2,0.0,1598.0,378.0,UPI / Digital Wallet,Delivered
TXN-12095,2023-08-19,CUST-1647,Corporate,SOUTH,Electronics,Smartphones,Smartphone Pro 128GB,$799.00,610.0,5,0.15,3395.75,345.75,Credit Card,Cancelled
TXN-11556,2023-02-02,CUST-1504,Consumer,Central,Sports & Outdoors,Hydration,Insulated Vacuum Water Bottle 1L,24.0,9.5,2,0.15,40.8,21.8,Debit Card,Delivered
TXN-12449,2023-12-01,CUST-1121,Consumer,South,Electronics,Wearables,Smart Fitness Health Watch,129.0,75.0,1,0.1,116.1,41.1,Credit Card,Delivered
TXN-11251,2023-12-28,CUST-1081,Consumer,West,Sports & Outdoors,Hydration,Insulated Vacuum Water Bottle 1L,24.0,9.5,2,0.15,40.8,21.8,UPI / Digital Wallet,Cancelled
TXN-11700,2023-02-16,CUST-1584,Corporate,Central,Sports & Outdoors,Camping,Waterproof 4-Person Camping Tent,139.0,88.0,1,0.0,139.0,51.0,Cash on Delivery,Delivered
TXN-11253,2023-02-02,CUST-1392,Consumer,SOUTH, Home & Kitchen ,Cookware,Stainless Steel 10-Piece Cookware Set,169.0,112.0,1,0.05,160.55,48.55,Debit Card,Delivered
TXN-12632,2023-01-19,CUST-1789,Home Office,Central,Home & Kitchen,Coffee Makers,Automatic Espresso & Cappuccino Maker,229.0,155.0,1,0.0,229.0,74.0,Cash on Delivery,Pending
TXN-10080,2023-05-11,CUST-1682,Consumer,North,Clothing,Outerwear,Fleece Zip Hooded Sweatshirt,45.0,21.0,5,0.1,202.5,97.5,Credit Card,Delivered
TXN-11173,2023-12-23,CUST-1253,Consumer,North,Sports & Outdoors,Outdoor Gear,Tactical Multi-Pocket Hiking Backpack,68.0,36.0,2,0.1,122.4,50.4,Cash on Delivery,Delivered
TXN-10815,2023-10-24,CUST-1777,Home Office,West,Electronics,Audio,Bluetooth Portable Speaker,49.0,26.0,2,0.05,93.1,41.1,UPI / Digital Wallet,Delivered
TXN-11853,2023-03-27,CUST-1421,Consumer,West,Clothing,Men's Apparel,Men's Slim Fit Denim Jeans,49.0,22.0,1,0.05,46.55,24.55,UPI / Digital Wallet,Delivered
TXN-12221,2023-09-20,CUST-1055,Corporate,East,Electronics,Audio,Bluetooth Portable Speaker,49.0,26.0,2,0.15,83.3,31.3,UPI / Digital Wallet,Cancelled
TXN-12485,2023-06-04,CUST-1702,Home Office,Central,Clothing,Clearance,Budget Graphic Polyester Tee,14.0,13.5,2,0.25,21.0,-6.0,Debit Card,Shipped
TXN-12106,2023-03-30,CUST-1311,Home Office,South,Beauty & Personal Care,Hair Styling,Ionic Salon Hair Dryer,75.0,36.0,3,0.1,202.5,94.5,Net Banking,Pending
TXN-10134,2023-03-10,CUST-1506,Consumer,South,Sports & Outdoors,Hydration,Insulated Vacuum Water Bottle 1L,$24.00,9.5,2,0.05,45.6,26.6,UPI / Digital Wallet,Delivered
TXN-11141,2023-08-05,CUST-1056,Consumer,West,Electronics,Audio,Bluetooth Portable Speaker,49.0,26.0,1,0.0,49.0,23.0,Net Banking,Shipped
TXN-10934,2023-06-25,CUST-1423,Consumer,Central,Sports & Outdoors,Fitness,Eco-Friendly Yoga Mat with Strap,32.0,14.0,1,0.1,28.8,14.8,Net Banking,Shipped
TXN-10929,2023-11-06,CUST-1322,Home Office,SOUTH,Electronics,Wearables,Smart Fitness Health Watch,129.0,75.0,3,0.25,290.25,65.25,Net Banking,Delivered
TXN-10824,,CUST-1488,Corporate,Central,Electronics,Audio,Bluetooth Portable Speaker,49.0,26.0,2,0.0,98.0,46.0,UPI / Digital Wallet,Pending
TXN-11532,2023-07-20,CUST-1993,Consumer,West,Electronics,Laptops & PCs,Ultra-Slim 14-inch Laptop,950.0,740.0,1,0.15,807.5,67.5,Debit Card,Shipped
TXN-11215,12-02-2023,CUST-1552,Corporate,North,Electronics,Wearables,Smart Fitness Health Watch,129.0,75.0,4,0.0,516.0,216.0,UPI / Digital Wallet,Delivered
TXN-10505,05/07/2023,CUST-1756,Corporate,South,Electronics,Audio,Bluetooth Portable Speaker,49.0,26.0,1,0.15,41.65,15.65,Cash on Delivery,Delivered
TXN-12800,2023-02-22,CUST-1448,Consumer,West,Home & Kitchen,Bedding,Orthopedic Memory Foam Pillow,39.0,18.0,2,0.1,70.2,34.2,Cash on Delivery,Shipped
TXN-11997,,CUST-1186,Home Office,Central,Sports & Outdoors,Fitness,Eco-Friendly Yoga Mat with Strap,32.0,14.0,1,0.1,28.8,14.8,Cash on Delivery,Delivered
TXN-11959,04/20/2023,CUST-1357,Corporate,Central,Beauty & Personal Care,Hair Styling,Ionic Salon Hair Dryer,75.0,36.0,1,0.0,75.0,39.0,Cash on Delivery,Delivered
TXN-11385,04/03/2023,CUST-1905,Corporate,South,Clothing,Clearance,Budget Graphic Polyester Tee,14.0,13.5,2,0.3,19.6,-7.4,UPI / Digital Wallet,Delivered
TXN-10895,2023-09-15,CUST-1957,Consumer,East,Sports & Outdoors,Fitness,Eco-Friendly Yoga Mat with Strap,32.0,14.0,5,0.0,160.0,90.0,Net Banking,Delivered
TXN-10829,2023-06-05,CUST-1484,Home Office,East,Clothing,Outerwear,Fleece Zip Hooded Sweatshirt,$45.00,21.0,1,0.05,42.75,21.75,UPI / Digital Wallet,Shipped
TXN-12760,2023-06-03,CUST-1855,Consumer,East,Home & Kitchen,Bedding,Orthopedic Memory Foam Pillow,39.0,18.0,4,0.15,132.6,60.6,Credit Card,Pending
TXN-11684,06/12/2023,CUST-1529,Corporate,West,Clothing,Clearance,Budget Graphic Polyester Tee,14.0,13.5,1,0.25,10.5,-3.0,Net Banking,Delivered
TXN-10458,2023-03-19,CUST-1247,Corporate,West,Beauty & Personal Care,Hair Styling,Ionic Salon Hair Dryer,75.0,36.0,2,0.05,142.5,70.5,UPI / Digital Wallet,Delivered
TXN-12418,2023-06-02,CUST-1103,Home Office,North,Beauty & Personal Care,Skincare,Hydrating Hyaluronic Acid Serum,29.0,9.5,2,0.1,52.2,33.2,Credit Card,Shipped
TXN-12377,2023-02-12,CUST-1177,Home Office,South,Beauty & Personal Care,Haircare,Argan Oil Repair Shampoo & Conditioner,24.0,8.5,1,0.0,24.0,15.5,,Pending
TXN-10653,2023-05-29,CUST-1108,Consumer,North,Clothing,Clearance,Budget Graphic Polyester Tee,14.0,13.5,1,0.5,7.0,-6.5,Cash on Delivery,Shipped
TXN-10173,10/31/2023,CUST-1461,Home Office,East,Electronics,Smartphones,Smartphone Pro 128GB,799.0,610.0,2,0.0,1598.0,378.0,Credit Card,Pending
TXN-10039,2023-08-04,CUST-1285,Home Office,North,Clothing,Women's Apparel,Women's Floral Cotton Dress,59.0,26.0,3,0.1,159.3,81.3,Net Banking,Delivered
TXN-12705,2023-03-21,CUST-1977,Consumer,West,Electronics,Wearables,Smart Fitness Health Watch,129.0,75.0,1,0.0,129.0,54.0,Cash on Delivery,Delivered
TXN-10714,2023-08-15,CUST-1075,Corporate,South,Sports & Outdoors,Fitness,Eco-Friendly Yoga Mat with Strap,32.0,14.0,1,0.0,32.0,18.0,Credit Card,Cancelled
TXN-10091,05/21/2023,CUST-1311,Corporate,North,Home & Kitchen,Storage,Glass Food Storage Containers (Set of 6),28.0,13.0,1,0.15,23.8,10.8,Cash on Delivery,Shipped
TXN-12792,2023-05-20,CUST-1009,Consumer,East,Electronics,Accessories,USB-C Multiport Fast Hub,34.0,15.0,1,0.1,30.6,15.6,Cash on Delivery,Pending
TXN-11206,2023-11-27,CUST-1690,Corporate,Central,Clothing,Women's Apparel,Women's Floral Cotton Dress,59.0,26.0,1,0.25,44.25,18.25,Debit Card,Shipped
TXN-12445,2023-07-16,CUST-1316,Home Office,South,Clothing,Footwear,Breathable Mesh Running Shoes,79.0,39.0,2,0.05,150.1,72.1,Cash on Delivery,Delivered
TXN-11828,11/27/2023,CUST-1494,Consumer,Central,Sports & Outdoors,Outdoor Gear,Tactical Multi-Pocket Hiking Backpack,68.0,36.0,3,0.2,163.2,55.2,Debit Card,Pending
TXN-11156,07-12-2023,CUST-1677,Consumer,East,Beauty & Personal Care,Haircare,Argan Oil Repair Shampoo & Conditioner,24.0,8.5,3,0.25,54.0,28.5,Net Banking,Delivered
TXN-11325,12/29/2023,CUST-1334,Corporate,WEST,Beauty & Personal Care,Hair Styling,Ionic Salon Hair Dryer,75.0,36.0,4,0.0,300.0,156.0,Cash on Delivery,Shipped
TXN-10217,2023-02-21,CUST-1385,Consumer,  south  ,Sports & Outdoors,Camping,Waterproof 4-Person Camping Tent,139.0,88.0,2,0.15,236.3,60.3,Cash on Delivery,Delivered
TXN-10511,2023-07-18,CUST-1420,Consumer,  central  , Clothing ,Men's Apparel,Men's Slim Fit Denim Jeans,49.0,22.0,4,0.05,186.2,98.2,Cash on Delivery,Cancelled
TXN-11681,2023-01-01,CUST-1912,Corporate,East,Electronics,Audio,Noise-Canceling Wireless Headphones,179.0,110.0,1,0.05,170.05,60.05,Credit Card,Shipped
TXN-10500,2023-02-01,CUST-1445,Consumer,Central,Clothing,Clearance,Budget Graphic Polyester Tee,14.0,13.5,3,0.3,29.4,-11.1,Net Banking,Delivered
TXN-12757,2023-05-07,CUST-1718,Consumer,West,Electronics,Audio,Bluetooth Portable Speaker,49.0,26.0,2,0.1,88.2,36.2,Debit Card,Delivered
TXN-11857,2023-07-06,CUST-1113,Home Office,Central,Home & Kitchen,Storage,Glass Food Storage Containers (Set of 6),28.0,13.0,3,0.0,84.0,45.0,Cash on Delivery,Shipped
TXN-11389,09/09/2023,CUST-1034,Consumer,South,Clothing,Footwear,Breathable Mesh Running Shoes,79.0,39.0,2,0.15,134.3,56.3,Cash on Delivery,Delivered
TXN-11520,2023-12-31,CUST-1808,Home Office,North,Electronics,Accessories,USB-C Multiport Fast Hub,34.0,15.0,1,0.2,27.2,12.2,Debit Card,Pending
TXN-12692,03/15/2023,CUST-1179,Home Office,Central,Clothing,Footwear,Breathable Mesh Running Shoes,79.0,39.0,3,0.1,213.3,96.3,Net Banking,Delivered
TXN-12077,2023-03-19,CUST-1453,Consumer,West,Clothing,Men's Apparel,Men's Slim Fit Denim Jeans,49.0,22.0,3,0.1,132.3,66.3,UPI / Digital Wallet,Cancelled
TXN-11541,2023-09-02,CUST-1711,Corporate,Central,Sports & Outdoors,Hydration,Insulated Vacuum Water Bottle 1L,$24.00,9.5,2,0.0,48.0,29.0,Debit Card,Delivered
TXN-11218,2023-03-12,CUST-1416,Corporate,North,Home & Kitchen,Cleaning,Robot Smart Vacuum Cleaner,279.0,215.0,1,0.05,265.05,50.05,Cash on Delivery,Delivered
TXN-11417,07/18/2023,CUST-1776,Consumer,Central,Sports & Outdoors,Outdoor Gear,Tactical Multi-Pocket Hiking Backpack,68.0,36.0,4,0.05,258.4,114.4,Net Banking,Delivered
TXN-12218,2023-09-22,CUST-1223,Corporate,Central,Clothing,Outerwear,Fleece Zip Hooded Sweatshirt,45.0,21.0,1,0.1,40.5,19.5,Debit Card,Pending
TXN-12382,2023-09-07,CUST-1514,Consumer,East,Electronics,Television,Ultra HD Smart LED TV 55-inch,649.0,490.0,2,0.05,1233.1,253.1,Debit Card,Delivered
TXN-11677,2023-09-24,CUST-1144,Consumer,North,Home & Kitchen,Cookware,Stainless Steel 10-Piece Cookware Set,169.0,112.0,1,0.0,169.0,57.0,Debit Card,Delivered
TXN-11198,2023-06-11,CUST-1603,Consumer,NORTH,Sports & Outdoors,Camping,Waterproof 4-Person Camping Tent,139.0,88.0,2,0.0,278.0,102.0,Debit Card,Cancelled
TXN-11543,25-03-2023,CUST-1782,Home Office,West,Sports & Outdoors,Camping,Waterproof 4-Person Camping Tent,139.0,88.0,1,0.1,125.1,37.1,Net Banking,Cancelled
TXN-10954,2023-07-16,CUST-1485,Home Office,West,Sports & Outdoors,Fitness,Eco-Friendly Yoga Mat with Strap,32.0,14.0,2,0.0,64.0,36.0,Net Banking,Pending
TXN-10751,2023-11-21,CUST-1037,Home Office,South,Clothing,Men's Apparel,Men's Slim Fit Denim Jeans,49.0,22.0,1,0.15,41.65,19.65,Debit Card,Delivered
TXN-10235,05/04/2023,CUST-1784,Home Office,  west  ,Sports & Outdoors,Outdoor Gear,Tactical Multi-Pocket Hiking Backpack,68.0,36.0,1,0.15,57.8,21.8,UPI / Digital Wallet,Cancelled
TXN-10733,2023-05-22,CUST-1082,Corporate,North,Sports & Outdoors,Outdoor Gear,Tactical Multi-Pocket Hiking Backpack,68.0,36.0,2,0.05,129.2,57.2,Debit Card,Delivered
TXN-10701,06/04/2023,CUST-1943,Home Office,West,Beauty & Personal Care,Skincare,Hydrating Hyaluronic Acid Serum,29.0,9.5,1,0.15,24.65,15.15,UPI / Digital Wallet,Pending
TXN-11157,2023-03-17,CUST-1460,Home Office,North,Sports & Outdoors,Outdoor Gear,Tactical Multi-Pocket Hiking Backpack,68.0,36.0,1,0.1,61.2,25.2,Net Banking,Pending
TXN-12642,21-12-2023,CUST-1887,Consumer,Central,Sports & Outdoors,Outdoor Gear,Tactical Multi-Pocket Hiking Backpack,68.0,36.0,1,0.0,68.0,32.0,UPI / Digital Wallet,Delivered
TXN-11210,2023-09-22,CUST-1935,Consumer,WEST,Electronics,Accessories,USB-C Multiport Fast Hub,34.0,15.0,1,0.05,32.3,17.3,,Delivered
TXN-11066,2023-09-16,CUST-1627,,West,Home & Kitchen,Coffee Makers,Automatic Espresso & Cappuccino Maker,229.0,155.0,3,0.05,652.65,187.65,Cash on Delivery,Pending
TXN-12157,2023-11-30,CUST-1953,Corporate,Central,Home & Kitchen,Cookware,Stainless Steel 10-Piece Cookware Set,169.0,112.0,1,0.05,160.55,48.55,Cash on Delivery,Shipped
TXN-11063,2023-12-11,CUST-1064,Corporate,North,Electronics,Laptops & PCs,Ultra-Slim 14-inch Laptop,950.0,740.0,1,0.25,712.5,-27.5,Debit Card,Delivered
TXN-11168,2023-02-18,CUST-1524,Corporate,South,Clothing,Clearance,Budget Graphic Polyester Tee,14.0,13.5,1,0.25,10.5,-3.0,UPI / Digital Wallet,Delivered
TXN-11493,2023-07-31,CUST-1160,Consumer,NORTH,Beauty & Personal Care,Haircare,Argan Oil Repair Shampoo & Conditioner,24.0,8.5,1,0.1,21.6,13.1,Credit Card,Pending
TXN-12339,06/12/2023,CUST-1450,Consumer,Central,Home & Kitchen,Cleaning,Robot Smart Vacuum Cleaner,279.0,215.0,5,0.1,1255.5,180.5,Net Banking,Delivered
TXN-10885,2023-12-04,CUST-1864,Home Office,North,Sports & Outdoors,Camping,Waterproof 4-Person Camping Tent,139.0,88.0,2,0.2,222.4,46.4,UPI / Digital Wallet,Pending
TXN-10144,2023-01-25,CUST-1721,Consumer,West,Clothing,Men's Apparel,Men's Slim Fit Denim Jeans,49.0,22.0,2,0.1,88.2,44.2,Net Banking,Delivered
TXN-12781,2023-10-13,CUST-1978,Home Office,South,Sports & Outdoors,Fitness,Eco-Friendly Yoga Mat with Strap,32.0,14.0,2,0.15,54.4,26.4,Net Banking,Cancelled
TXN-10851,,CUST-1050,Consumer,South,Electronics,Accessories,USB-C Multiport Fast Hub,34.0,15.0,1,0.0,34.0,19.0,Cash on Delivery,Delivered
TXN-10718,19-07-2023,CUST-1258,Consumer,East,Beauty & Personal Care,Skincare,Revitalizing Night Face Cream,35.0,12.0,1,0.0,35.0,23.0,Net Banking,Pending
TXN-12689,2023-07-23,CUST-1108,Consumer,South,Clothing,Clearance,Budget Graphic Polyester Tee,14.0,13.5,1,0.25,10.5,-3.0,Cash on Delivery,Delivered
TXN-10265,2023-03-03,CUST-1527,Corporate,Central,Clothing,Clearance,Budget Graphic Polyester Tee,14.0,13.5,1,0.4,8.4,-5.1,Debit Card,Delivered
TXN-10076,07/03/2023,CUST-1016,Consumer,East,Sports & Outdoors,Strength Training,Adjustable Quick-Select Dumbbell Set,159.0,102.0,3,0.15,405.45,99.45,Debit Card,Delivered
TXN-10396,2023-11-26,CUST-1629,Consumer,North,Beauty & Personal Care,Skincare,Revitalizing Night Face Cream,35.0,12.0,1,0.0,35.0,23.0,Net Banking,Cancelled
TXN-12407,26-05-2023,CUST-1542,Home Office,East,Sports & Outdoors,Camping,Waterproof 4-Person Camping Tent,139.0,88.0,3,0.05,396.15,132.15,Cash on Delivery,Cancelled
TXN-12225,10/28/2023,CUST-1755,Consumer,Central,Clothing,Men's Apparel,Men's Slim Fit Denim Jeans,49.0,22.0,2,0.1,88.2,44.2,Credit Card,Shipped
TXN-12650,2023-05-22,CUST-1230,Consumer,West,Clothing,Footwear,Breathable Mesh Running Shoes,79.0,39.0,4,0.05,300.2,144.2,Cash on Delivery,Delivered
TXN-10397,2023-03-19,CUST-1273,Consumer,Central,Beauty & Personal Care,Skincare,Revitalizing Night Face Cream,35.0,12.0,1,0.1,31.5,19.5,Net Banking,Cancelled
TXN-11366,04-08-2023,CUST-1609,Corporate,NORTH,Sports & Outdoors,Fitness,Eco-Friendly Yoga Mat with Strap,32.0,14.0,2,0.1,57.6,29.6,Debit Card,Delivered
TXN-12365,2023-05-27,CUST-1588,Corporate,West,Electronics,Audio,Bluetooth Portable Speaker,49.0,26.0,1,0.1,44.1,18.1,Credit Card,Shipped
TXN-11904,2023-08-27,CUST-1926,Home Office,East,Clothing,Men's Apparel,Classic Organic Cotton T-Shirt,22.0,8.5,3,0.1,59.4,33.9,Credit Card,Delivered
TXN-10596,2023-04-05,CUST-1551,Home Office,West,Clothing,Clearance,Budget Graphic Polyester Tee,14.0,13.5,3,0.25,31.5,-9.0,Net Banking,Pending
TXN-12110,2023-12-16,CUST-1194,Consumer,Central,Home & Kitchen,Coffee Makers,Automatic Espresso & Cappuccino Maker,229.0,155.0,1,0.25,171.75,16.75,Cash on Delivery,Delivered
TXN-11297,2023-01-06,CUST-1956,Home Office,West,Home & Kitchen,Small Appliances,Digital Air Fryer 5.8 Qt,89.0,56.0,3,0.0,267.0,99.0,Net Banking,Delivered
TXN-11822,2023-10-10,CUST-1136,Consumer,South,Electronics,Laptops & PCs,Ultra-Slim 14-inch Laptop,950.0,740.0,2,0.0,1900.0,420.0,Credit Card,Cancelled
TXN-10873,2023-07-02,CUST-1554,Home Office,EAST,Electronics,Audio,Noise-Canceling Wireless Headphones,179.0,110.0,5,0.0,895.0,345.0,Debit Card,Pending
TXN-12752,2023-08-10,CUST-1279,Consumer,  north  ,Clothing,Outerwear,Fleece Zip Hooded Sweatshirt,45.0,21.0,1,0.05,42.75,21.75,Credit Card,Delivered
TXN-12327,10/03/2023,CUST-1539,Consumer,South,Home & Kitchen,Storage,Glass Food Storage Containers (Set of 6),$28.00,13.0,4,0.0,112.0,60.0,Credit Card,Cancelled
TXN-11549,05/28/2023,CUST-1646,Home Office,West,Electronics,Audio,Noise-Canceling Wireless Headphones,179.0,110.0,2,0.0,358.0,138.0,UPI / Digital Wallet,Cancelled
TXN-10037,2023-11-05,CUST-1820,Consumer,West,Home & Kitchen,Coffee Makers,Automatic Espresso & Cappuccino Maker,229.0,155.0,1,0.15,194.65,39.65,Cash on Delivery,Delivered
TXN-12409,2023-04-28,CUST-1656,Consumer,South,Beauty & Personal Care,Skincare,Revitalizing Night Face Cream,35.0,12.0,1,0.05,33.25,21.25,Net Banking,Shipped
TXN-12144,2023-11-17,CUST-1097,Home Office,North,Home & Kitchen,Cleaning,Robot Smart Vacuum Cleaner,279.0,215.0,1,0.25,209.25,-5.75,UPI / Digital Wallet,Pending
TXN-12416,17-10-2023,CUST-1390,Corporate,East,Electronics,Television,Ultra HD Smart LED TV 55-inch,649.0,490.0,1,0.0,649.0,159.0,Debit Card,Shipped
TXN-10978,2023-04-16,CUST-1279,Corporate,Central,Sports & Outdoors,Outdoor Gear,Tactical Multi-Pocket Hiking Backpack,68.0,36.0,2,0.1,122.4,50.4,UPI / Digital Wallet,Delivered
TXN-11572,2023-07-12,CUST-1562,Corporate,South,Beauty & Personal Care,Skincare,Revitalizing Night Face Cream,35.0,12.0,2,0.05,66.5,42.5,,Shipped
TXN-11123,06/29/2023,CUST-1186,Home Office,East,Home & Kitchen,Coffee Makers,Automatic Espresso & Cappuccino Maker,$229.00,155.0,2,0.05,435.1,125.1,UPI / Digital Wallet,Shipped
TXN-12240,2023-01-06,CUST-1598,Corporate,West,Sports & Outdoors,Hydration,Insulated Vacuum Water Bottle 1L,24.0,9.5,2,0.15,40.8,21.8,Net Banking,Shipped
TXN-11893,06-10-2023,CUST-1458,Consumer,  central  ,Beauty & Personal Care,Oral Care,Rechargeable Sonic Electric Toothbrush,69.0,34.0,1,0.0,69.0,35.0,Debit Card,Delivered
TXN-10676,06-11-2023,CUST-1301,Corporate,East,Beauty & Personal Care,Haircare,Argan Oil Repair Shampoo & Conditioner,24.0,8.5,5,0.2,96.0,53.5,Credit Card,Delivered
TXN-10729,2023-11-08,CUST-1932,Consumer,Central,Clothing,Men's Apparel,Classic Organic Cotton T-Shirt,22.0,8.5,4,0.1,79.2,45.2,Credit Card,Delivered
TXN-10413,2023-08-08,CUST-1748,,East,Beauty & Personal Care,Hair Styling,Ionic Salon Hair Dryer,75.0,36.0,3,0.0,225.0,117.0,Net Banking,Delivered
TXN-11517,2023-05-03,CUST-1712,Corporate,Central,Beauty & Personal Care,Oral Care,Rechargeable Sonic Electric Toothbrush,69.0,34.0,1,0.15,58.65,24.65,Credit Card,Delivered
TXN-11650,2023-08-24,CUST-1431,Corporate,East,Clothing,Men's Apparel,Men's Slim Fit Denim Jeans,49.0,22.0,1,0.05,46.55,24.55,Credit Card,Delivered
TXN-10826,2023-12-14,CUST-1282,Corporate,South,Clothing,Footwear,Breathable Mesh Running Shoes,79.0,39.0,2,0.0,158.0,80.0,Credit Card,Delivered
TXN-10617,2023-04-12,CUST-1440,Home Office,Central,Home & Kitchen,Coffee Makers,Automatic Espresso & Cappuccino Maker,229.0,155.0,2,0.0,458.0,148.0,Debit Card,Delivered
TXN-10115,2023-06-26,CUST-1530,Consumer,Central,Electronics,Television,Ultra HD Smart LED TV 55-inch,649.0,490.0,3,0.15,1654.95,184.95,Debit Card,Shipped
TXN-10418,12-03-2023,CUST-1210,Home Office,West,Clothing,Men's Apparel,Classic Organic Cotton T-Shirt,22.0,8.5,1,0.0,22.0,13.5,Net Banking,Cancelled
TXN-11626,2023-05-20,CUST-1996,Home Office,West,Electronics,Wearables,Smart Fitness Health Watch,129.0,75.0,2,0.1,232.2,82.2,Debit Card,Cancelled
TXN-12778,2023-05-29,CUST-1950,Corporate,West,Sports & Outdoors,Camping,Waterproof 4-Person Camping Tent,139.0,88.0,1,0.0,139.0,51.0,UPI / Digital Wallet,Delivered
TXN-10090,2023-09-10,CUST-1644,Home Office,West,Home & Kitchen,Small Appliances,Digital Air Fryer 5.8 Qt,89.0,56.0,3,0.15,226.95,58.95,Net Banking,Cancelled
TXN-12083,2023-06-12,CUST-1698,Corporate,Central,Home & Kitchen,Bedding,Orthopedic Memory Foam Pillow,39.0,18.0,3,0.0,117.0,63.0,Credit Card,Delivered
TXN-10754,28-05-2023,CUST-1774,Home Office,South,Home & Kitchen,Cookware,Stainless Steel 10-Piece Cookware Set,169.0,112.0,5,0.05,802.75,242.75,Cash on Delivery,Delivered
TXN-11631,2023-03-11,CUST-1898,Consumer,East, Sports & Outdoors ,Strength Training,Adjustable Quick-Select Dumbbell Set,159.0,102.0,2,0.15,270.3,66.3,Debit Card,Delivered
TXN-10012,2023-08-05,CUST-1622,Corporate,East,Electronics,Wearables,Smart Fitness Health Watch,129.0,75.0,4,0.0,516.0,216.0,UPI / Digital Wallet,Shipped
TXN-10285,04-09-2023,CUST-1117,Consumer,Central,Beauty & Personal Care,Oral Care,Rechargeable Sonic Electric Toothbrush,69.0,34.0,2,0.0,138.0,70.0,Cash on Delivery,Delivered
TXN-11067,2023-01-16,CUST-1028,Home Office,NORTH,Home & Kitchen,Storage,Glass Food Storage Containers (Set of 6),28.0,13.0,1,0.1,25.2,12.2,Debit Card,Pending
TXN-11192,2023-03-21,CUST-1796,Corporate,North,Sports & Outdoors,Outdoor Gear,Tactical Multi-Pocket Hiking Backpack,68.0,36.0,3,0.15,173.4,65.4,UPI / Digital Wallet,Shipped
TXN-11441,2023-08-06,CUST-1107,,South,Home & Kitchen,Storage,Glass Food Storage Containers (Set of 6),28.0,13.0,1,0.15,23.8,10.8,Credit Card,Delivered
TXN-12652,2023-11-21,CUST-1748,Home Office,West,Electronics,Smartphones,Smartphone Pro 128GB,799.0,610.0,2,0.2,1278.4,58.4,UPI / Digital Wallet,Cancelled
TXN-12651,2023-05-02,CUST-1345,Home Office,East,Electronics,Wearables,Smart Fitness Health Watch,$129.00,75.0,1,0.0,129.0,54.0,Cash on Delivery,Delivered
TXN-12562,2023-12-24,CUST-1759,Consumer,South,Clothing,Clearance,Budget Graphic Polyester Tee,14.0,13.5,1,0.4,8.4,-5.1,Net Banking,Pending
TXN-11569,13-03-2023,CUST-1782,Corporate,North,Clothing,Men's Apparel,Classic Organic Cotton T-Shirt,22.0,8.5,2,0.15,37.4,20.4,Debit Card,Delivered
TXN-12437,2023-01-16,CUST-1547,Corporate,North, Electronics ,Audio,Noise-Canceling Wireless Headphones,179.0,110.0,3,0.15,456.45,126.45,Credit Card,Delivered
TXN-11688,2023-10-31,CUST-1672,Corporate,West,Home & Kitchen,Bedding,Orthopedic Memory Foam Pillow,39.0,18.0,1,0.0,39.0,21.0,Debit Card,Delivered
TXN-10852,2023-08-21,CUST-1220,Home Office,North,Beauty & Personal Care,Skincare,Hydrating Hyaluronic Acid Serum,29.0,9.5,1,0.1,26.1,16.6,UPI / Digital Wallet,Cancelled
TXN-12208,2023-02-22,CUST-1689,,South,Beauty & Personal Care,Skincare,Revitalizing Night Face Cream,35.0,12.0,2,0.0,70.0,46.0,Cash on Delivery,Pending
TXN-10896,14-07-2023,CUST-1401,Consumer,North,Electronics,Television,Ultra HD Smart LED TV 55-inch,649.0,490.0,4,0.15,2206.6,246.6,Debit Card,Cancelled
TXN-10497,2023-09-17,CUST-1453,Home Office,South,Home & Kitchen,Coffee Makers,Automatic Espresso & Cappuccino Maker,229.0,155.0,2,0.0,458.0,148.0,,Delivered
TXN-12306,,CUST-1256,Consumer,East, Beauty & Personal Care ,Skincare,Revitalizing Night Face Cream,35.0,12.0,2,0.0,70.0,46.0,Cash on Delivery,Cancelled
TXN-11783,2023-06-24,CUST-1210,Consumer,East,Sports & Outdoors,Camping,Waterproof 4-Person Camping Tent,139.0,88.0,3,0.15,354.45,90.45,Net Banking,Cancelled
TXN-10336,2023-08-17,CUST-1403,Consumer,North,Sports & Outdoors,Fitness,Eco-Friendly Yoga Mat with Strap,32.0,14.0,2,0.15,54.4,26.4,Cash on Delivery,Delivered
TXN-10516,2023-02-03,CUST-1417,Corporate,North,Home & Kitchen,Coffee Makers,Automatic Espresso & Cappuccino Maker,229.0,155.0,1,0.0,229.0,74.0,Net Banking,Pending
TXN-11349,02-02-2023,CUST-1701,Corporate,East,Clothing,Men's Apparel,Classic Organic Cotton T-Shirt,22.0,8.5,1,0.1,19.8,11.3,UPI / Digital Wallet,Cancelled
TXN-11016,03/21/2023,CUST-1079,Consumer,South,Sports & Outdoors,Hydration,Insulated Vacuum Water Bottle 1L,24.0,9.5,1,0.0,24.0,14.5,UPI / Digital Wallet,Delivered
TXN-12659,2023-04-08,CUST-1817,Corporate,West,Sports & Outdoors,Hydration,Insulated Vacuum Water Bottle 1L,24.0,9.5,1,0.15,20.4,10.9,Debit Card,Delivered
TXN-11782,2023-01-20,CUST-1750,Consumer,East,Home & Kitchen,Bedding,Orthopedic Memory Foam Pillow,39.0,18.0,1,0.05,37.05,19.05,UPI / Digital Wallet,Delivered
TXN-11786,2023-09-22,CUST-1387,Home Office,Central,Home & Kitchen,Cookware,Stainless Steel 10-Piece Cookware Set,169.0,112.0,1,0.15,143.65,31.65,Net Banking,Delivered
TXN-12071,2023-04-30,CUST-1447,Corporate,CENTRAL, Clothing ,Footwear,Breathable Mesh Running Shoes,79.0,39.0,2,0.0,158.0,80.0,Credit Card,Delivered
TXN-10357,2023-08-21,CUST-1488,Consumer,Central,Home & Kitchen,Cookware,Stainless Steel 10-Piece Cookware Set,169.0,112.0,1,0.15,143.65,31.65,Debit Card,Pending
TXN-12698,2023-03-28,CUST-1237,Consumer,East,Home & Kitchen,Small Appliances,Digital Air Fryer 5.8 Qt,89.0,56.0,1,0.0,89.0,33.0,Debit Card,Pending
TXN-11313,2023-01-21,CUST-1779,Home Office,SOUTH,Electronics,Laptops & PCs,Ultra-Slim 14-inch Laptop,950.0,740.0,1,0.15,807.5,67.5,Debit Card,Delivered
TXN-11636,2023-11-02,CUST-1556,Corporate,West,Clothing,Women's Apparel,Women's Floral Cotton Dress,59.0,26.0,2,0.1,106.2,54.2,Net Banking,Delivered
TXN-10551,2023-01-06,CUST-1531,Consumer,West, Electronics ,Accessories,USB-C Multiport Fast Hub,34.0,15.0,1,0.1,30.6,15.6,Credit Card,Delivered
TXN-12389,2023-11-30,CUST-1957,Consumer,Central,Home & Kitchen,Cookware,Stainless Steel 10-Piece Cookware Set,169.0,112.0,2,0.05,321.1,97.1,Cash on Delivery,Cancelled
TXN-12266,01/07/2023,CUST-1891,Consumer,West,Home & Kitchen,Coffee Makers,Automatic Espresso & Cappuccino Maker,$229.00,155.0,2,0.05,435.1,125.1,Debit Card,Shipped
TXN-11228,04/22/2023,CUST-1129,Home Office,East,Beauty & Personal Care,Oral Care,Rechargeable Sonic Electric Toothbrush,69.0,34.0,1,0.05,65.55,31.55,UPI / Digital Wallet,Delivered
TXN-12532,04/09/2023,CUST-1413,Corporate,South,Home & Kitchen,Cleaning,Robot Smart Vacuum Cleaner,279.0,215.0,2,0.0,558.0,128.0,Debit Card,Shipped
TXN-10958,03-01-2023,CUST-1256,Consumer,West,Clothing,Clearance,Budget Graphic Polyester Tee,14.0,13.5,3,0.3,29.4,-11.1,UPI / Digital Wallet,Delivered
TXN-11774,2023-04-28,CUST-1811,Consumer,South,Sports & Outdoors,Strength Training,Adjustable Quick-Select Dumbbell Set,159.0,102.0,3,0.1,429.3,123.3,Debit Card,Shipped
TXN-12142,11/08/2023,CUST-1925,,South,Electronics,Audio,Bluetooth Portable Speaker,49.0,26.0,1,0.2,39.2,13.2,Debit Card,Delivered
TXN-11009,2023-04-03,CUST-1208,Home Office,  east  ,Home & Kitchen,Cookware,Stainless Steel 10-Piece Cookware Set,169.0,112.0,1,0.0,169.0,57.0,UPI / Digital Wallet,Pending
TXN-11093,19-09-2023,CUST-1302,Corporate,West,Electronics,Laptops & PCs,Ultra-Slim 14-inch Laptop,950.0,740.0,5,0.0,4750.0,1050.0,UPI / Digital Wallet,Delivered
TXN-12526,2023-07-13,CUST-1180,Consumer,North,Clothing,Men's Apparel,Classic Organic Cotton T-Shirt,22.0,8.5,1,0.1,19.8,11.3,Cash on Delivery,Delivered
TXN-10997,2023-11-01,CUST-1826,Corporate,West,Clothing,Men's Apparel,Men's Slim Fit Denim Jeans,49.0,22.0,1,0.0,49.0,27.0,UPI / Digital Wallet,Delivered
TXN-11680,2023-08-03,CUST-1380,Consumer,North,Clothing,Women's Apparel,Women's Floral Cotton Dress,59.0,26.0,2,0.0,118.0,66.0,Debit Card,Delivered
TXN-10154,2023-01-04,CUST-1017,Home Office,NORTH,Home & Kitchen,Cleaning,Robot Smart Vacuum Cleaner,279.0,215.0,2,0.0,558.0,128.0,UPI / Digital Wallet,Pending
TXN-12634,2023-05-28,CUST-1549,Home Office,  north  ,Electronics,Audio,Noise-Canceling Wireless Headphones,179.0,110.0,1,0.1,161.1,51.1,Debit Card,Cancelled
TXN-10581,2023-12-14,CUST-1334,Consumer,Central,Beauty & Personal Care,Skincare,Hydrating Hyaluronic Acid Serum,29.0,9.5,2,0.25,43.5,24.5,UPI / Digital Wallet,Shipped
TXN-11471,19-07-2023,CUST-1102,Home Office,North,Clothing,Outerwear,Fleece Zip Hooded Sweatshirt,45.0,21.0,1,0.05,42.75,21.75,Debit Card,Shipped
TXN-10704,07/21/2023,CUST-1866,Home Office,West,Electronics,Television,Ultra HD Smart LED TV 55-inch,649.0,490.0,1,0.0,649.0,159.0,Cash on Delivery,Delivered
TXN-11213,2023-09-05,CUST-1005,Home Office,Central,Clothing,Women's Apparel,Women's Floral Cotton Dress,59.0,26.0,4,0.0,236.0,132.0,UPI / Digital Wallet,Pending
TXN-10897,2023-03-24,CUST-1571,Consumer,NORTH,Electronics,Television,Ultra HD Smart LED TV 55-inch,649.0,490.0,2,0.05,1233.1,253.1,Credit Card,Shipped
TXN-10488,09-01-2023,CUST-1115,Corporate,South,Beauty & Personal Care,Skincare,Revitalizing Night Face Cream,35.0,12.0,5,0.0,175.0,115.0,Debit Card,Cancelled
TXN-10560,22-10-2023,CUST-1099,Corporate,East,Electronics,Laptops & PCs,Ultra-Slim 14-inch Laptop,950.0,740.0,1,0.0,950.0,210.0,Net Banking,Cancelled
TXN-11142,2023-01-12,CUST-1605,Home Office,East,Home & Kitchen,Cookware,Stainless Steel 10-Piece Cookware Set,169.0,112.0,1,0.0,169.0,57.0,,Delivered
TXN-11120,2023-05-30,CUST-1973,Corporate,South,Beauty & Personal Care,Haircare,Argan Oil Repair Shampoo & Conditioner,24.0,8.5,1,0.0,24.0,15.5,Net Banking,Cancelled
TXN-10513,2023-10-24,CUST-1860,Home Office,  west  ,Sports & Outdoors,Strength Training,Adjustable Quick-Select Dumbbell Set,159.0,102.0,2,0.05,302.1,98.1,Credit Card,Shipped
TXN-10634,04/26/2023,CUST-1294,Consumer,West,Sports & Outdoors,Outdoor Gear,Tactical Multi-Pocket Hiking Backpack,68.0,36.0,2,0.0,136.0,64.0,Credit Card,Delivered
TXN-12444,2023-08-30,CUST-1718,Home Office,South,Sports & Outdoors,Outdoor Gear,Tactical Multi-Pocket Hiking Backpack,68.0,36.0,2,0.0,136.0,64.0,UPI / Digital Wallet,Delivered
TXN-11665,2023-10-04,CUST-1127,Home Office,West,Electronics,Television,Ultra HD Smart LED TV 55-inch,649.0,490.0,1,0.0,649.0,159.0,Net Banking,Cancelled
TXN-11013,2023-05-21,CUST-1078,Consumer,West,Home & Kitchen,Cleaning,Robot Smart Vacuum Cleaner,279.0,215.0,3,0.15,711.45,66.45,Net Banking,Cancelled
TXN-11932,09-08-2023,CUST-1363,Corporate,East,Electronics,Laptops & PCs,Ultra-Slim 14-inch Laptop,950.0,740.0,1,0.15,807.5,67.5,Debit Card,Delivered
TXN-11151,2023-10-31,CUST-1021,Home Office,North,Home & Kitchen,Cleaning,Robot Smart Vacuum Cleaner,$279.00,215.0,3,0.15,711.45,66.45,Net Banking,Cancelled
TXN-12656,2023-06-05,CUST-1637,Corporate,West,Beauty & Personal Care,Oral Care,Rechargeable Sonic Electric Toothbrush,69.0,34.0,1,0.05,65.55,31.55,Credit Card,Delivered
TXN-10117,2023-11-16,CUST-1675,Consumer,North,Beauty & Personal Care,Skincare,Hydrating Hyaluronic Acid Serum,29.0,9.5,1,0.2,23.2,13.7,Credit Card,Delivered
TXN-10741,2023-11-06,CUST-1142,Corporate,West,Clothing,Men's Apparel,Classic Organic Cotton T-Shirt,22.0,8.5,1,0.0,22.0,13.5,,Delivered
TXN-12615,2023-12-31,CUST-1891,Consumer,Central,Clothing,Footwear,Breathable Mesh Running Shoes,79.0,39.0,3,0.1,213.3,96.3,Credit Card,Delivered
TXN-11975,2023-11-01,CUST-1357,Home Office,West, Sports & Outdoors ,Strength Training,Adjustable Quick-Select Dumbbell Set,159.0,102.0,2,0.25,238.5,34.5,Debit Card,Shipped
TXN-11082,2023-12-22,CUST-1146,Corporate,South,Home & Kitchen,Cookware,Stainless Steel 10-Piece Cookware Set,169.0,112.0,1,0.2,135.2,23.2,Net Banking,Delivered
TXN-11811,06/28/2023,CUST-1081,Corporate,Central,Electronics,Wearables,Smart Fitness Health Watch,129.0,75.0,5,0.15,548.25,173.25,Debit Card,Cancelled
TXN-10831,2023-05-21,CUST-1451,Home Office,East,Electronics,Audio,Bluetooth Portable Speaker,49.0,26.0,1,0.0,49.0,23.0,Cash on Delivery,Cancelled
TXN-10120,2023-11-12,CUST-1394,Home Office,Central,Sports & Outdoors,Hydration,Insulated Vacuum Water Bottle 1L,24.0,9.5,4,0.1,86.4,48.4,UPI / Digital Wallet,Delivered
TXN-10657,2023-01-28,CUST-1851,Corporate,East,Electronics,Audio,Noise-Canceling Wireless Headphones,179.0,110.0,3,0.1,483.3,153.3,Debit Card,Delivered
TXN-12584,2023-04-06,CUST-1230,Home Office,Central,Electronics,Audio,Bluetooth Portable Speaker,49.0,26.0,1,0.1,44.1,18.1,Net Banking,Shipped
TXN-12544,2023-01-19,CUST-1082,Home Office,North,Clothing,Clearance,Budget Graphic Polyester Tee,14.0,13.5,2,0.5,14.0,-13.0,Credit Card,Delivered
TXN-12771,05/16/2023,CUST-1314,Consumer,East,Home & Kitchen,Cleaning,Robot Smart Vacuum Cleaner,279.0,215.0,1,0.15,237.15,22.15,UPI / Digital Wallet,Delivered
TXN-10636,09/13/2023,CUST-1939,Consumer,North,Beauty & Personal Care,Oral Care,Rechargeable Sonic Electric Toothbrush,69.0,34.0,1,0.05,65.55,31.55,Debit Card,Cancelled
TXN-10370,06/14/2023,CUST-1215,Corporate,Central,Electronics,Wearables,Smart Fitness Health Watch,$129.00,75.0,1,0.05,122.55,47.55,Cash on Delivery,Cancelled
TXN-10269,11-07-2023,CUST-1530,Consumer,West,Home & Kitchen,Bedding,Orthopedic Memory Foam Pillow,39.0,18.0,-1,0.1,105.3,51.3,UPI / Digital Wallet,Cancelled
TXN-10047,2023-10-02,CUST-1761,Corporate,West,Beauty & Personal Care,Skincare,Revitalizing Night Face Cream,35.0,12.0,1,0.0,35.0,23.0,Net Banking,Pending
TXN-10992,2023-04-22,CUST-1522,Corporate,West,Beauty & Personal Care,Haircare,Argan Oil Repair Shampoo & Conditioner,24.0,8.5,2,0.0,48.0,31.0,UPI / Digital Wallet,Pending
TXN-10877,01/04/2023,CUST-1884,Consumer,Central,Beauty & Personal Care,Skincare,Hydrating Hyaluronic Acid Serum,29.0,9.5,1,0.05,27.55,18.05,Credit Card,Pending
TXN-10774,2023-03-03,CUST-1702,Consumer,South,Home & Kitchen,Cleaning,Robot Smart Vacuum Cleaner,279.0,215.0,3,0.05,795.15,150.15,UPI / Digital Wallet,Shipped
TXN-11220,02/12/2023,CUST-1103,Consumer,West,Electronics,Audio,Bluetooth Portable Speaker,49.0,26.0,2,0.15,83.3,31.3,Net Banking,Cancelled
TXN-11127,2023-04-15,CUST-1554,Corporate,East,Clothing,Men's Apparel,Classic Organic Cotton T-Shirt,22.0,8.5,2,0.05,41.8,24.8,Credit Card,Shipped
TXN-10005,2023-04-18,CUST-1364,Home Office,Central,Beauty & Personal Care,Oral Care,Rechargeable Sonic Electric Toothbrush,69.0,34.0,1,0.0,69.0,35.0,Debit Card,Pending
TXN-11596,2023-07-21,CUST-1765,Consumer,South,Clothing,Men's Apparel,Men's Slim Fit Denim Jeans,49.0,22.0,1,0.0,49.0,27.0,Debit Card,Cancelled
TXN-12312,2023-02-11,CUST-1529,Home Office,Central,Home & Kitchen,Small Appliances,Digital Air Fryer 5.8 Qt,89.0,56.0,1,0.15,75.65,19.65,Net Banking,Delivered
TXN-11078,2023-02-15,CUST-1468,Corporate,Central,Sports & Outdoors,Outdoor Gear,Tactical Multi-Pocket Hiking Backpack,68.0,36.0,2,0.0,136.0,64.0,Net Banking,Shipped
TXN-10838,,CUST-1465,Corporate,North, Sports & Outdoors ,Fitness,Eco-Friendly Yoga Mat with Strap,32.0,14.0,2,0.1,57.6,29.6,Net Banking,Delivered
TXN-10682,2023-03-13,CUST-1011,,South,Electronics,Audio,Bluetooth Portable Speaker,49.0,26.0,8,0.1,352.8,144.8,Credit Card,Delivered
TXN-11716,2023-02-28,CUST-1664,Consumer,WEST,Sports & Outdoors,Camping,Waterproof 4-Person Camping Tent,139.0,88.0,5,0.15,590.75,150.75,Credit Card,Cancelled
TXN-12353,2023-08-04,CUST-1799,Consumer,South,Home & Kitchen,Coffee Makers,Automatic Espresso & Cappuccino Maker,229.0,155.0,2,0.05,435.1,125.1,Net Banking,Delivered
TXN-12362,2023-10-07,CUST-1641,Corporate,  east  ,Beauty & Personal Care,Haircare,Argan Oil Repair Shampoo & Conditioner,24.0,8.5,1,0.1,21.6,13.1,Net Banking,Delivered
TXN-12198,26-09-2023,CUST-1696,Corporate,Central,Beauty & Personal Care,Skincare,Hydrating Hyaluronic Acid Serum,29.0,9.5,1,0.0,29.0,19.5,UPI / Digital Wallet,Delivered
TXN-11149,2023-04-13,CUST-1688,Corporate,EAST,Beauty & Personal Care,Skincare,Hydrating Hyaluronic Acid Serum,29.0,9.5,1,0.1,26.1,16.6,Cash on Delivery,Shipped
TXN-10575,2023-01-01,CUST-1504,Corporate,Central,Electronics,Audio,Bluetooth Portable Speaker,49.0,26.0,1,0.1,44.1,18.1,UPI / Digital Wallet,Cancelled
TXN-10051,,CUST-1217,Home Office,South,Beauty & Personal Care,Oral Care,Rechargeable Sonic Electric Toothbrush,69.0,34.0,1,0.0,69.0,35.0,Credit Card,Delivered
TXN-10854,2023-06-27,CUST-1130,Home Office,North,Clothing,Footwear,Breathable Mesh Running Shoes,79.0,39.0,2,0.15,134.3,56.3,Debit Card,Shipped
TXN-11983,2023-04-18,CUST-1441,Home Office,South, Beauty & Personal Care ,Haircare,Argan Oil Repair Shampoo & Conditioner,24.0,8.5,1,0.0,24.0,15.5,UPI / Digital Wallet,Delivered
TXN-11824,2023-03-17,CUST-1953,,North,Beauty & Personal Care,Haircare,Argan Oil Repair Shampoo & Conditioner,24.0,8.5,4,0.1,86.4,52.4,Credit Card,Delivered
TXN-10834,2023-01-12,CUST-1707,Corporate,East,Electronics,Television,Ultra HD Smart LED TV 55-inch,649.0,490.0,3,0.0,1947.0,477.0,Cash on Delivery,Cancelled
TXN-11116,05-10-2023,CUST-1287,Home Office,East,Beauty & Personal Care,Hair Styling,Ionic Salon Hair Dryer,75.0,36.0,2,0.05,142.5,70.5,Net Banking,Delivered
TXN-11167,2023-11-24,CUST-1615,Consumer,West, Sports & Outdoors ,Camping,Waterproof 4-Person Camping Tent,139.0,88.0,3,0.25,312.75,48.75,Debit Card,Delivered
TXN-11907,2023-07-05,CUST-1386,Consumer,East,Home & Kitchen,Coffee Makers,Automatic Espresso & Cappuccino Maker,229.0,155.0,1,0.1,206.1,51.1,Net Banking,Cancelled
TXN-10972,2023-03-05,CUST-1259,Consumer,North,Clothing,Clearance,Budget Graphic Polyester Tee,14.0,13.5,3,0.5,21.0,-19.5,Debit Card,Delivered
TXN-10400,2023-11-20,CUST-1907,Home Office,NORTH,Electronics,Wearables,Smart Fitness Health Watch,129.0,75.0,1,0.05,122.55,47.55,Net Banking,Delivered
TXN-12369,2023-07-21,CUST-1383,Consumer,Central,Sports & Outdoors,Strength Training,Adjustable Quick-Select Dumbbell Set,159.0,102.0,2,0.1,286.2,82.2,Credit Card,Delivered
TXN-10020,2023-10-16,CUST-1637,Consumer,East,Electronics,Audio,Noise-Canceling Wireless Headphones,179.0,110.0,2,0.15,304.3,84.3,UPI / Digital Wallet,Delivered
TXN-10685,06/01/2023,CUST-1271,Home Office,South, Beauty & Personal Care ,Skincare,Revitalizing Night Face Cream,$35.00,12.0,1,0.15,29.75,17.75,Debit Card,Cancelled
TXN-10036,2023-08-04,CUST-1212,Corporate,Central,Clothing,Clearance,Budget Graphic Polyester Tee,14.0,13.5,4,0.25,42.0,-12.0,Cash on Delivery,Delivered
TXN-12678,2023-11-03,CUST-1147,Corporate,East,Home & Kitchen,Cookware,Stainless Steel 10-Piece Cookware Set,169.0,112.0,2,0.1,304.2,80.2,Credit Card,Cancelled
TXN-10525,,CUST-1281,Corporate,Central,Sports & Outdoors,Hydration,Insulated Vacuum Water Bottle 1L,24.0,9.5,2,0.15,40.8,21.8,Net Banking,Shipped
TXN-12456,,CUST-1717,Consumer,West,Electronics,Smartphones,Smartphone Pro 128GB,$799.00,610.0,1,0.1,719.1,109.1,UPI / Digital Wallet,Pending
TXN-10921,2023-08-26,CUST-1475,Consumer,West,Home & Kitchen,Small Appliances,Digital Air Fryer 5.8 Qt,89.0,56.0,1,0.1,80.1,24.1,Debit Card,Delivered
TXN-11842,2023-02-24,CUST-1065,Corporate,East,Beauty & Personal Care,Skincare,Hydrating Hyaluronic Acid Serum,29.0,9.5,2,0.15,49.3,30.3,Cash on Delivery,Cancelled
TXN-11891,2023-12-08,CUST-1848,Consumer,South,Home & Kitchen,Coffee Makers,Automatic Espresso & Cappuccino Maker,$229.00,155.0,3,0.1,618.3,153.3,Credit Card,Pending
TXN-10538,2023-04-18,CUST-1347,Home Office,East,Clothing,Footwear,Breathable Mesh Running Shoes,79.0,39.0,2,0.05,150.1,72.1,Debit Card,Pending
TXN-11706,2023-11-16,CUST-1185,Home Office,East,Beauty & Personal Care,Skincare,Hydrating Hyaluronic Acid Serum,29.0,9.5,2,0.0,58.0,39.0,Debit Card,Cancelled
TXN-12770,2023-03-22,CUST-1961,Consumer,West,Beauty & Personal Care,Hair Styling,Ionic Salon Hair Dryer,75.0,36.0,3,0.1,202.5,94.5,Debit Card,Shipped
TXN-10246,2023-04-14,CUST-1536,,South,Clothing,Outerwear,Fleece Zip Hooded Sweatshirt,45.0,21.0,2,0.05,85.5,43.5,Net Banking,Shipped
TXN-10785,2023-09-22,CUST-1119,Corporate,South,Beauty & Personal Care,Oral Care,Rechargeable Sonic Electric Toothbrush,$69.00,34.0,2,0.1,124.2,56.2,Net Banking,Delivered
TXN-11410,2023-07-13,CUST-1772,Consumer,South,Home & Kitchen,Cleaning,Robot Smart Vacuum Cleaner,279.0,215.0,1,0.0,279.0,64.0,UPI / Digital Wallet,Cancelled
TXN-10155,2023-05-04,CUST-1153,Corporate,East,Electronics,Wearables,Smart Fitness Health Watch,129.0,75.0,2,0.05,245.1,95.1,Cash on Delivery,Delivered
TXN-11687,2023-04-17,CUST-1550,Consumer,Central,Clothing,Outerwear,Fleece Zip Hooded Sweatshirt,45.0,21.0,1,0.05,42.75,21.75,Net Banking,Delivered
TXN-10626,2023-10-06,CUST-1047,Corporate,South,Beauty & Personal Care,Haircare,Argan Oil Repair Shampoo & Conditioner,24.0,8.5,1,0.05,22.8,14.3,Credit Card,Cancelled
TXN-12718,11/18/2023,CUST-1101,Corporate,West,Beauty & Personal Care,Skincare,Hydrating Hyaluronic Acid Serum,29.0,9.5,1,0.1,26.1,16.6,UPI / Digital Wallet,Delivered
TXN-11347,2023-09-08,CUST-1237,Consumer,South, Home & Kitchen ,Bedding,Orthopedic Memory Foam Pillow,39.0,18.0,2,0.0,78.0,42.0,Net Banking,Delivered
TXN-10570,2023-08-29,CUST-1140,Consumer,North,Electronics,Wearables,Smart Fitness Health Watch,129.0,75.0,1,0.0,129.0,54.0,Net Banking,Cancelled
TXN-11759,2023-01-26,CUST-1271,Consumer,Central,Clothing,Clearance,Budget Graphic Polyester Tee,14.0,13.5,2,0.3,19.6,-7.4,Credit Card,Pending
TXN-11817,2023-07-04,CUST-1418,Corporate,East,Beauty & Personal Care,Skincare,Hydrating Hyaluronic Acid Serum,29.0,9.5,2,0.05,55.1,36.1,Cash on Delivery,Cancelled
TXN-12066,2023-11-10,CUST-1352,Home Office,East,Clothing,Outerwear,Fleece Zip Hooded Sweatshirt,45.0,21.0,1,0.1,40.5,19.5,Debit Card,Cancelled
TXN-10128,2023-10-07,CUST-1351,Corporate,Central,Sports & Outdoors,Fitness,Eco-Friendly Yoga Mat with Strap,32.0,14.0,3,0.05,91.2,49.2,Debit Card,Delivered
TXN-12600,2023-10-10,CUST-1915,Consumer,West,Clothing,Clearance,Budget Graphic Polyester Tee,14.0,13.5,1,0.3,9.8,-3.7,Debit Card,Cancelled
TXN-12007,2023-06-14,CUST-1514,Home Office,West,Clothing,Footwear,Breathable Mesh Running Shoes,79.0,39.0,1,0.0,79.0,40.0,Net Banking,Pending
TXN-10981,2023-05-14,CUST-1376,Home Office,Central, Home & Kitchen ,Coffee Makers,Automatic Espresso & Cappuccino Maker,229.0,155.0,1,0.0,229.0,74.0,Net Banking,Pending
TXN-12223,2023-11-01,CUST-1423,Corporate,South,Clothing,Outerwear,Fleece Zip Hooded Sweatshirt,45.0,21.0,3,0.2,108.0,45.0,UPI / Digital Wallet,Pending
TXN-10191,2023-02-07,CUST-1789,Consumer,East,Electronics,Smartphones,Smartphone Pro 128GB,799.0,610.0,2,0.0,1598.0,378.0,Credit Card,Delivered
TXN-11140,2023-07-03,CUST-1958,Corporate,West, Home & Kitchen ,Cleaning,Robot Smart Vacuum Cleaner,279.0,215.0,1,0.05,265.05,50.05,Debit Card,Delivered
TXN-10993,2023-08-10,CUST-1500,Home Office,Central,Sports & Outdoors,Fitness,Eco-Friendly Yoga Mat with Strap,32.0,14.0,2,0.15,54.4,26.4,Credit Card,Delivered
TXN-10700,2023-04-11,CUST-1147,Consumer,East,Home & Kitchen,Cookware,Stainless Steel 10-Piece Cookware Set,169.0,112.0,2,0.0,338.0,114.0,Credit Card,Shipped
TXN-10607,02/13/2023,CUST-1059,Corporate,North,Beauty & Personal Care,Hair Styling,Ionic Salon Hair Dryer,75.0,36.0,1,0.1,67.5,31.5,Net Banking,Cancelled
TXN-10181,2023-12-14,CUST-1527,Corporate,North,Electronics,Television,Ultra HD Smart LED TV 55-inch,649.0,490.0,5,0.15,2758.25,308.25,Debit Card,Cancelled
TXN-10302,2023-10-05,CUST-1007,Corporate,East,Sports & Outdoors,Hydration,Insulated Vacuum Water Bottle 1L,24.0,9.5,2,0.15,40.8,21.8,Net Banking,Delivered
TXN-12627,2023-02-06,CUST-1989,Home Office,East,Electronics,Accessories,USB-C Multiport Fast Hub,34.0,15.0,2,0.0,68.0,38.0,Net Banking,Delivered
TXN-11061,07/08/2023,CUST-1692,Consumer,East,Clothing,Men's Apparel,Classic Organic Cotton T-Shirt,22.0,8.5,2,0.0,44.0,27.0,Credit Card,Cancelled
TXN-12670,2023-05-01,CUST-1227,Corporate,South,Clothing,Outerwear,Fleece Zip Hooded Sweatshirt,45.0,21.0,1,0.05,42.75,21.75,UPI / Digital Wallet,Cancelled
TXN-12719,2023-05-19,CUST-1444,Consumer,West,Home & Kitchen,Storage,Glass Food Storage Containers (Set of 6),28.0,13.0,3,0.0,84.0,45.0,UPI / Digital Wallet,Cancelled
TXN-11070,2023-04-21,CUST-1965,Consumer,North,Beauty & Personal Care,Skincare,Hydrating Hyaluronic Acid Serum,29.0,9.5,2,0.0,58.0,39.0,Cash on Delivery,Delivered
TXN-12206,2023-07-29,CUST-1188,Home Office,North,Electronics,Laptops & PCs,Ultra-Slim 14-inch Laptop,950.0,740.0,1,0.1,855.0,115.0,Cash on Delivery,Pending
TXN-11244,2023-10-05,CUST-1254,Consumer,South,Electronics,Audio,Noise-Canceling Wireless Headphones,179.0,110.0,2,0.1,322.2,102.2,Net Banking,Delivered
TXN-10017,27-05-2023,CUST-1466,Consumer,WEST, Home & Kitchen ,Cookware,Stainless Steel 10-Piece Cookware Set,169.0,112.0,2,0.15,287.3,63.3,Debit Card,Delivered
TXN-12109,2023-04-15,CUST-1864,Corporate,East,Home & Kitchen,Cleaning,Robot Smart Vacuum Cleaner,279.0,215.0,8,0.15,1897.2,177.2,Credit Card,Shipped
TXN-10547,2023-08-25,CUST-1480,Corporate,South, Clothing ,Men's Apparel,Classic Organic Cotton T-Shirt,22.0,8.5,3,0.05,62.7,37.2,Cash on Delivery,Delivered
TXN-10659,2023-08-23,CUST-1919,Home Office,  north  ,Electronics,Television,Ultra HD Smart LED TV 55-inch,649.0,490.0,2,0.05,1233.1,253.1,Cash on Delivery,Delivered
TXN-12556,2023-09-06,CUST-1128,Consumer,North,Clothing,Women's Apparel,Women's Floral Cotton Dress,59.0,26.0,3,0.0,177.0,99.0,UPI / Digital Wallet,Delivered
TXN-12587,2023-07-16,CUST-1036,Corporate,North,Beauty & Personal Care,Haircare,Argan Oil Repair Shampoo & Conditioner,24.0,8.5,1,0.05,22.8,14.3,Credit Card,Shipped
TXN-11505,2023-09-02,CUST-1567,Corporate,Central,Sports & Outdoors,Hydration,Insulated Vacuum Water Bottle 1L,$24.00,9.5,5,0.15,102.0,54.5,Cash on Delivery,Shipped
TXN-10960,2023-01-18,CUST-1486,Consumer,North,Clothing,Women's Apparel,Women's Floral Cotton Dress,59.0,26.0,1,0.1,53.1,27.1,Credit Card,Delivered
TXN-12332,2023-05-14,CUST-1059,Corporate,North,Sports & Outdoors,Strength Training,Adjustable Quick-Select Dumbbell Set,159.0,102.0,5,0.15,675.75,165.75,Cash on Delivery,Pending
TXN-10798,04/02/2023,CUST-1274,Corporate,West,Clothing,Footwear,Breathable Mesh Running Shoes,79.0,39.0,1,0.0,79.0,40.0,UPI / Digital Wallet,Cancelled
TXN-10226,06/26/2023,CUST-1549,Home Office,West,Sports & Outdoors,Outdoor Gear,Tactical Multi-Pocket Hiking Backpack,68.0,36.0,1,0.1,61.2,25.2,Net Banking,Shipped
TXN-12075,2023-05-29,CUST-1095,Consumer,NORTH,Home & Kitchen,Storage,Glass Food Storage Containers (Set of 6),28.0,13.0,3,0.15,71.4,32.4,Net Banking,Pending
TXN-11800,2023-11-30,CUST-1213,Home Office,North,Electronics,Laptops & PCs,Ultra-Slim 14-inch Laptop,950.0,740.0,2,0.0,1900.0,420.0,Credit Card,Pending
TXN-12486,2023-10-10,CUST-1059,Consumer,  west  ,Home & Kitchen,Small Appliances,Digital Air Fryer 5.8 Qt,89.0,56.0,2,0.0,178.0,66.0,UPI / Digital Wallet,Cancelled
TXN-12798,04/26/2023,CUST-1955,Corporate,West,Beauty & Personal Care,Skincare,Hydrating Hyaluronic Acid Serum,29.0,9.5,2,0.1,52.2,33.2,Credit Card,Cancelled
TXN-12278,2023-04-29,CUST-1463,,South,Home & Kitchen,Storage,Glass Food Storage Containers (Set of 6),28.0,13.0,5,0.0,140.0,75.0,Debit Card,Delivered
TXN-12086,2023-10-22,CUST-1118,Home Office,East,Sports & Outdoors,Strength Training,Adjustable Quick-Select Dumbbell Set,159.0,102.0,1,0.0,159.0,57.0,Debit Card,Delivered
TXN-11694,2023-12-06,CUST-1709,Consumer,West,Home & Kitchen,Coffee Makers,Automatic Espresso & Cappuccino Maker,229.0,155.0,1,0.2,183.2,28.2,Net Banking,Pending
TXN-11046,2023-10-30,CUST-1973,Home Office,South,Home & Kitchen,Storage,Glass Food Storage Containers (Set of 6),28.0,13.0,6,0.1,151.2,73.2,Net Banking,Cancelled
TXN-10470,31-12-2023,CUST-1970,Consumer,West,Home & Kitchen,Bedding,Orthopedic Memory Foam Pillow,39.0,18.0,1,0.15,33.15,15.15,Debit Card,Cancelled
TXN-10955,2023-09-01,CUST-1089,Home Office,South,Clothing,Women's Apparel,Women's Floral Cotton Dress,59.0,26.0,2,0.0,118.0,66.0,Credit Card,Shipped
TXN-12407,26-05-2023,CUST-1542,Home Office,East,Sports & Outdoors,Camping,Waterproof 4-Person Camping Tent,139.0,88.0,3,0.05,396.15,132.15,Cash on Delivery,Cancelled
TXN-10640,2023-10-10,CUST-1874,Home Office,North,Home & Kitchen,Cookware,Stainless Steel 10-Piece Cookware Set,$169.00,112.0,1,0.0,169.0,57.0,Debit Card,Delivered
TXN-12630,2023-06-03,CUST-1893,Consumer,North,Sports & Outdoors,Camping,Waterproof 4-Person Camping Tent,139.0,88.0,4,0.0,556.0,204.0,UPI / Digital Wallet,Delivered
TXN-11219,04/04/2023,CUST-1579,Home Office,North,Beauty & Personal Care,Hair Styling,Ionic Salon Hair Dryer,75.0,36.0,3,0.15,191.25,83.25,UPI / Digital Wallet,Delivered
TXN-11159,2023-08-13,CUST-1383,Corporate,North,Electronics,Smartphones,Smartphone Pro 128GB,799.0,610.0,2,0.0,1598.0,378.0,Net Banking,Delivered
TXN-11416,06/02/2023,CUST-1215,Home Office,North,Home & Kitchen,Coffee Makers,Automatic Espresso & Cappuccino Maker,229.0,155.0,3,0.0,687.0,222.0,Cash on Delivery,Cancelled
TXN-12565,07/25/2023,CUST-1919,Consumer,North,Home & Kitchen,Cleaning,Robot Smart Vacuum Cleaner,279.0,215.0,4,0.15,948.6,88.6,Net Banking,Cancelled
TXN-11528,2023-10-23,CUST-1778,Home Office,South,Electronics,Smartphones,Smartphone Pro 128GB,799.0,610.0,1,0.0,799.0,189.0,Cash on Delivery,Delivered
TXN-12761,2023-11-07,CUST-1815,Home Office,West,Home & Kitchen,Cleaning,Robot Smart Vacuum Cleaner,279.0,215.0,2,0.2,446.4,16.4,Credit Card,Cancelled
TXN-11301,07/04/2023,CUST-1396,Consumer,West,Beauty & Personal Care,Haircare,Argan Oil Repair Shampoo & Conditioner,24.0,8.5,2,0.15,40.8,23.8,Cash on Delivery,Cancelled
TXN-12710,2023-07-21,CUST-1168,Home Office,Central,Electronics,Audio,Bluetooth Portable Speaker,49.0,26.0,1,0.1,44.1,18.1,Net Banking,Pending
TXN-11604,2023-09-28,CUST-1716,Consumer,  north  ,Sports & Outdoors,Strength Training,Adjustable Quick-Select Dumbbell Set,159.0,102.0,1,0.0,159.0,57.0,Net Banking,Shipped
TXN-10161,2023-12-31,CUST-1390,Consumer,East,Electronics,Television,Ultra HD Smart LED TV 55-inch,649.0,490.0,2,0.1,1168.2,188.2,Credit Card,Delivered
TXN-11705,2023-01-02,CUST-1745,Consumer,North,Sports & Outdoors,Strength Training,Adjustable Quick-Select Dumbbell Set,159.0,102.0,4,0.15,540.6,132.6,Net Banking,Cancelled
TXN-10957,2023-05-10,CUST-1050,Consumer,WEST,Home & Kitchen,Storage,Glass Food Storage Containers (Set of 6),28.0,13.0,1,0.15,23.8,10.8,Cash on Delivery,Delivered
TXN-12756,2023-02-06,CUST-1263,Corporate,West,Beauty & Personal Care,Haircare,Argan Oil Repair Shampoo & Conditioner,$24.00,8.5,1,0.05,22.8,14.3,Cash on Delivery,Delivered
TXN-10878,2023-04-03,CUST-1856,Corporate,North,Electronics,Smartphones,Smartphone Pro 128GB,799.0,610.0,2,0.1,1438.2,218.2,Credit Card,Delivered
TXN-11920,2023-11-15,CUST-1500,Home Office,  north  ,Clothing,Men's Apparel,Classic Organic Cotton T-Shirt,22.0,8.5,2,0.15,37.4,20.4,UPI / Digital Wallet,Cancelled
TXN-11885,2023-09-28,CUST-1390,Corporate,North,Sports & Outdoors,Hydration,Insulated Vacuum Water Bottle 1L,24.0,9.5,1,0.1,21.6,12.1,Cash on Delivery,Cancelled
TXN-12201,2023-05-12,CUST-1724,Home Office,North,Sports & Outdoors,Camping,Waterproof 4-Person Camping Tent,139.0,88.0,1,0.0,139.0,51.0,Debit Card,Shipped
TXN-10099,2023-05-09,CUST-1142,Consumer,Central,Electronics,Laptops & PCs,Ultra-Slim 14-inch Laptop,950.0,740.0,2,0.05,1805.0,325.0,Net Banking,Delivered
TXN-12676,08/20/2023,CUST-1632,Consumer,South,Electronics,Audio,Bluetooth Portable Speaker,49.0,26.0,2,0.0,98.0,46.0,UPI / Digital Wallet,Shipped
TXN-12558,2023-05-15,CUST-1482,Home Office,North,Electronics,Audio,Bluetooth Portable Speaker,49.0,26.0,1,0.15,41.65,15.65,Credit Card,Delivered
TXN-10254,2023-02-22,CUST-1019,Home Office,North,Clothing,Clearance,Budget Graphic Polyester Tee,14.0,13.5,1,0.25,10.5,-3.0,Net Banking,Cancelled
TXN-10104,2023-09-17,CUST-1806,Home Office,NORTH,Home & Kitchen,Cleaning,Robot Smart Vacuum Cleaner,279.0,215.0,1,0.1,251.1,36.1,Cash on Delivery,Delivered
TXN-11446,11/19/2023,CUST-1164,Home Office,East,Clothing,Men's Apparel,Men's Slim Fit Denim Jeans,49.0,22.0,1,0.0,49.0,27.0,Cash on Delivery,Delivered
TXN-11444,2023-08-14,CUST-1884,Consumer,West, Electronics ,Accessories,USB-C Multiport Fast Hub,34.0,15.0,2,0.1,61.2,31.2,Net Banking,Delivered
TXN-11649,2023-08-03,CUST-1855,Home Office,North,Beauty & Personal Care,Skincare,Hydrating Hyaluronic Acid Serum,29.0,9.5,5,0.15,123.25,75.75,UPI / Digital Wallet,Delivered
TXN-10587,2023-03-06,CUST-1816,Consumer,South,Home & Kitchen,Bedding,Orthopedic Memory Foam Pillow,39.0,18.0,2,0.15,66.3,30.3,Cash on Delivery,Delivered
TXN-10628,2023-12-03,CUST-1551,Home Office,North,Sports & Outdoors,Fitness,Eco-Friendly Yoga Mat with Strap,32.0,14.0,4,0.2,102.4,46.4,Cash on Delivery,Cancelled
TXN-11697,2023-07-05,CUST-1022,Consumer,West,Beauty & Personal Care,Skincare,Revitalizing Night Face Cream,35.0,12.0,1,0.0,35.0,23.0,Credit Card,Delivered
TXN-12102,2023-02-16,CUST-1289,Home Office,South,Beauty & Personal Care,Skincare,Revitalizing Night Face Cream,35.0,12.0,4,0.05,133.0,85.0,Debit Card,Delivered
TXN-12200,2023-05-22,CUST-1714,Corporate,South,Sports & Outdoors,Strength Training,Adjustable Quick-Select Dumbbell Set,$159.00,102.0,3,0.1,429.3,123.3,Debit Card,Delivered
TXN-10404,04/20/2023,CUST-1330,Consumer,East,Sports & Outdoors,Fitness,Eco-Friendly Yoga Mat with Strap,32.0,14.0,1,0.0,32.0,18.0,Credit Card,Delivered
TXN-11155,17-08-2023,CUST-1626,Corporate,  south  ,Sports & Outdoors,Strength Training,Adjustable Quick-Select Dumbbell Set,159.0,102.0,1,0.05,151.05,49.05,Debit Card,Delivered
TXN-12256,2023-10-24,CUST-1705,Consumer,Central,Clothing,Men's Apparel,Men's Slim Fit Denim Jeans,49.0,22.0,1,0.0,49.0,27.0,Debit Card,Delivered
TXN-11683,2023-06-19,CUST-1854,Home Office,East,Electronics,Wearables,Smart Fitness Health Watch,129.0,75.0,2,0.0,258.0,108.0,,Shipped
TXN-12057,2023-04-22,CUST-1482,Home Office,South,Electronics,Laptops & PCs,Ultra-Slim 14-inch Laptop,950.0,740.0,4,0.1,3420.0,460.0,Debit Card,Delivered
TXN-12713,2023-01-03,CUST-1759,Corporate,North,Electronics,Wearables,Smart Fitness Health Watch,129.0,75.0,1,0.0,129.0,54.0,Cash on Delivery,Delivered
TXN-10453,08/05/2023,CUST-1674,Consumer,East,Home & Kitchen,Storage,Glass Food Storage Containers (Set of 6),28.0,13.0,2,0.1,50.4,24.4,Cash on Delivery,Pending
TXN-12302,2023-09-10,CUST-1884,Corporate,South, Electronics ,Television,Ultra HD Smart LED TV 55-inch,649.0,490.0,1,0.1,584.1,94.1,UPI / Digital Wallet,Delivered
TXN-11328,2023-07-16,CUST-1547,Consumer,Central,Sports & Outdoors,Fitness,Eco-Friendly Yoga Mat with Strap,32.0,14.0,1,0.05,30.4,16.4,Debit Card,Delivered
TXN-12050,2023-06-27,CUST-1306,Corporate,Central,Beauty & Personal Care,Skincare,Hydrating Hyaluronic Acid Serum,29.0,9.5,3,0.05,82.65,54.15,Cash on Delivery,Delivered
TXN-10881,11-07-2023,CUST-1577,Home Office,South,Sports & Outdoors,Hydration,Insulated Vacuum Water Bottle 1L,24.0,9.5,1,0.0,24.0,14.5,Net Banking,Shipped
TXN-12758,26-11-2023,CUST-1375,Consumer,East, Sports & Outdoors ,Outdoor Gear,Tactical Multi-Pocket Hiking Backpack,68.0,36.0,3,0.1,183.6,75.6,Net Banking,Delivered
TXN-10624,2023-12-28,CUST-1979,Home Office,West,Electronics,Wearables,Smart Fitness Health Watch,129.0,75.0,2,0.15,219.3,69.3,Net Banking,Pending
TXN-12394,2023-11-01,CUST-1876,Consumer,East,Sports & Outdoors,Camping,Waterproof 4-Person Camping Tent,139.0,88.0,1,0.25,104.25,16.25,Credit Card,Delivered
TXN-12624,11/06/2023,CUST-1423,Home Office,South,Sports & Outdoors,Camping,Waterproof 4-Person Camping Tent,139.0,88.0,2,0.15,236.3,60.3,Credit Card,Shipped
TXN-11788,2023-06-22,CUST-1106,Corporate,WEST,Clothing,Clearance,Budget Graphic Polyester Tee,$14.00,13.5,2,0.4,16.8,-10.2,UPI / Digital Wallet,Delivered
TXN-10263,2023-09-19,CUST-1244,,North,Sports & Outdoors,Strength Training,Adjustable Quick-Select Dumbbell Set,159.0,102.0,3,0.05,453.15,147.15,Cash on Delivery,Shipped
TXN-11635,2023-06-26,CUST-1834,Home Office,  south  ,Clothing,Men's Apparel,Classic Organic Cotton T-Shirt,22.0,8.5,1,0.05,20.9,12.4,Cash on Delivery,Cancelled
TXN-11439,04/16/2023,CUST-1467,Home Office,South,Electronics,Accessories,USB-C Multiport Fast Hub,34.0,15.0,1,0.0,34.0,19.0,Debit Card,Shipped
TXN-12199,11-07-2023,CUST-1008,Corporate,Central,Clothing,Men's Apparel,Men's Slim Fit Denim Jeans,49.0,22.0,2,0.0,98.0,54.0,Cash on Delivery,Pending
TXN-11970,2023-05-28,CUST-1408,Consumer,South,Electronics,Audio,Bluetooth Portable Speaker,49.0,26.0,2,0.0,98.0,46.0,Debit Card,Delivered
TXN-12521,2023-10-16,CUST-1218,Corporate,West,Home & Kitchen,Coffee Makers,Automatic Espresso & Cappuccino Maker,229.0,155.0,2,0.15,389.3,79.3,UPI / Digital Wallet,Cancelled
TXN-11803,2023-12-19,CUST-1615,Corporate,West,Home & Kitchen,Bedding,Orthopedic Memory Foam Pillow,39.0,18.0,2,0.25,58.5,22.5,Credit Card,Delivered
TXN-10641,12/16/2023,CUST-1679,Consumer,East,Sports & Outdoors,Hydration,Insulated Vacuum Water Bottle 1L,24.0,9.5,1,0.05,22.8,13.3,Credit Card,Delivered
TXN-12386,2023-08-23,CUST-1624,Corporate,South,Clothing,Women's Apparel,Women's Floral Cotton Dress,59.0,26.0,1,0.15,50.15,24.15,Credit Card,Shipped
TXN-12599,23-07-2023,CUST-1103,Consumer,West,Clothing,Women's Apparel,Women's Floral Cotton Dress,59.0,26.0,1,0.15,50.15,24.15,Net Banking,Delivered
TXN-12679,2023-11-01,CUST-1261,Consumer,Central,Sports & Outdoors,Camping,Waterproof 4-Person Camping Tent,139.0,88.0,1,0.0,139.0,51.0,Net Banking,Delivered
TXN-11960,2023-09-11,CUST-1519,Corporate,Central,Beauty & Personal Care,Skincare,Revitalizing Night Face Cream,35.0,12.0,2,0.0,70.0,46.0,Net Banking,Shipped
TXN-10489,2023-01-12,CUST-1433,Corporate,West,Electronics,Audio,Bluetooth Portable Speaker,49.0,26.0,0,0.0,49.0,23.0,Cash on Delivery,Delivered
TXN-11844,2023-11-07,CUST-1223,Home Office,East,Home & Kitchen,Coffee Makers,Automatic Espresso & Cappuccino Maker,229.0,155.0,2,0.1,412.2,102.2,Cash on Delivery,Delivered
TXN-11735,2023-04-30,CUST-1585,Consumer,South,Electronics,Audio,Noise-Canceling Wireless Headphones,179.0,110.0,2,0.1,322.2,102.2,Debit Card,Pending
TXN-10147,26-08-2023,CUST-1826,Home Office,Central,Electronics,Laptops & PCs,Ultra-Slim 14-inch Laptop,950.0,740.0,2,0.1,1710.0,230.0,Debit Card,Shipped
TXN-11535,2023-07-14,CUST-1418,Corporate,  north  ,Electronics,Smartphones,Smartphone Pro 128GB,799.0,610.0,1,0.1,719.1,109.1,Debit Card,Delivered
TXN-11987,2023-01-01,CUST-1212,Consumer,North,Clothing,Women's Apparel,Women's Floral Cotton Dress,$59.00,26.0,1,0.05,56.05,30.05,Cash on Delivery,Delivered
TXN-11370,10/02/2023,CUST-1518,Corporate,West,Clothing,Women's Apparel,Women's Floral Cotton Dress,59.0,26.0,4,0.15,200.6,96.6,UPI / Digital Wallet,Delivered
TXN-12451,2023-09-09,CUST-1771,Corporate,West,Beauty & Personal Care,Haircare,Argan Oil Repair Shampoo & Conditioner,24.0,8.5,2,0.05,45.6,28.6,Debit Card,Pending
TXN-12775,2023-05-23,CUST-1180,Consumer,North,Beauty & Personal Care,Skincare,Hydrating Hyaluronic Acid Serum,29.0,9.5,1,0.15,24.65,15.15,Cash on Delivery,Cancelled
TXN-10660,07-04-2023,CUST-1224,Corporate,Central,Home & Kitchen,Cookware,Stainless Steel 10-Piece Cookware Set,169.0,112.0,2,0.0,338.0,114.0,Debit Card,Delivered
TXN-11795,12/20/2023,CUST-1312,Corporate,CENTRAL,Beauty & Personal Care,Skincare,Hydrating Hyaluronic Acid Serum,29.0,9.5,1,0.2,23.2,13.7,Debit Card,Delivered
TXN-12512,2023-10-24,CUST-1104,Corporate,West,Electronics,Smartphones,Smartphone Pro 128GB,799.0,610.0,1,0.05,759.05,149.05,Debit Card,Pending
TXN-10187,2023-03-10,CUST-1793,Home Office,North,Beauty & Personal Care,Haircare,Argan Oil Repair Shampoo & Conditioner,24.0,8.5,8,0.0,192.0,124.0,Net Banking,Delivered
TXN-11148,2023-10-03,CUST-1117,Home Office,Central,Home & Kitchen,Storage,Glass Food Storage Containers (Set of 6),$28.00,13.0,1,0.05,26.6,13.6,,Shipped
TXN-10609,07-07-2023,CUST-1077,Corporate,North,Sports & Outdoors,Camping,Waterproof 4-Person Camping Tent,139.0,88.0,1,0.05,132.05,44.05,Cash on Delivery,Shipped
TXN-12192,07/18/2023,CUST-1522,Corporate,East,Home & Kitchen,Storage,Glass Food Storage Containers (Set of 6),28.0,13.0,2,0.0,56.0,30.0,Net Banking,Shipped
TXN-11931,2023-09-04,CUST-1397,Home Office,West,Clothing,Women's Apparel,Women's Floral Cotton Dress,59.0,26.0,2,0.1,106.2,54.2,Net Banking,Cancelled
TXN-10198,,CUST-1071,Consumer,East,Sports & Outdoors,Hydration,Insulated Vacuum Water Bottle 1L,24.0,9.5,1,0.05,22.8,13.3,Net Banking,Shipped
TXN-12328,2023-02-04,CUST-1507,Consumer,West, Electronics ,Audio,Bluetooth Portable Speaker,49.0,26.0,3,0.05,139.65,61.65,Cash on Delivery,Delivered
TXN-10294,16-02-2023,CUST-1824,Consumer,  west  ,Sports & Outdoors,Camping,Waterproof 4-Person Camping Tent,139.0,88.0,1,0.15,118.15,30.15,Credit Card,Delivered
TXN-10767,2023-11-11,CUST-1302,Consumer,South,Beauty & Personal Care,Skincare,Hydrating Hyaluronic Acid Serum,29.0,9.5,3,0.2,69.6,41.1,UPI / Digital Wallet,Pending
TXN-10401,2023-06-23,CUST-1038,Consumer,West,Electronics,Laptops & PCs,Ultra-Slim 14-inch Laptop,950.0,740.0,1,0.0,950.0,210.0,Debit Card,Cancelled
TXN-10123,2023-10-13,CUST-1697,Corporate,Central, Clothing ,Clearance,Budget Graphic Polyester Tee,$14.00,13.5,1,0.4,8.4,-5.1,Debit Card,Delivered
TXN-10203,2023-08-26,CUST-1316,Home Office,SOUTH,Clothing,Women's Apparel,Women's Floral Cotton Dress,59.0,26.0,3,0.0,177.0,99.0,UPI / Digital Wallet,Cancelled
TXN-10836,2023-09-16,CUST-1983,Corporate,West,Sports & Outdoors,Hydration,Insulated Vacuum Water Bottle 1L,24.0,9.5,3,0.15,61.2,32.7,Net Banking,Delivered
TXN-12295,2023-09-15,CUST-1634,Corporate,West,Home & Kitchen,Bedding,Orthopedic Memory Foam Pillow,39.0,18.0,5,0.1,175.5,85.5,Net Banking,Delivered
TXN-11440,2023-09-09,CUST-1992,Consumer,East,Electronics,Audio,Bluetooth Portable Speaker,49.0,26.0,1,0.0,49.0,23.0,Net Banking,Pending
TXN-11734,05/12/2023,CUST-1436,,North,Sports & Outdoors,Outdoor Gear,Tactical Multi-Pocket Hiking Backpack,68.0,36.0,1,0.1,61.2,25.2,UPI / Digital Wallet,Pending
TXN-11696,14-07-2023,CUST-1691,Home Office,West,Beauty & Personal Care,Oral Care,Rechargeable Sonic Electric Toothbrush,69.0,34.0,2,0.0,138.0,70.0,Debit Card,Cancelled
TXN-11708,2023-04-23,CUST-1736,Corporate,North, Electronics ,Audio,Noise-Canceling Wireless Headphones,179.0,110.0,8,0.0,1432.0,552.0,Net Banking,Delivered
TXN-12754,2023-08-05,CUST-1455,Consumer,CENTRAL,Electronics,Laptops & PCs,Ultra-Slim 14-inch Laptop,950.0,740.0,1,0.0,950.0,210.0,Cash on Delivery,Pending
TXN-11154,03-09-2023,CUST-1497,Corporate,South,Home & Kitchen,Storage,Glass Food Storage Containers (Set of 6),28.0,13.0,1,0.0,28.0,15.0,Cash on Delivery,Delivered
TXN-11662,2023-06-01,CUST-1630,Consumer,North,Sports & Outdoors,Fitness,Eco-Friendly Yoga Mat with Strap,32.0,14.0,1,0.15,27.2,13.2,Cash on Delivery,Shipped
TXN-12433,2023-04-12,CUST-1811,Consumer,North, Electronics ,Audio,Noise-Canceling Wireless Headphones,179.0,110.0,2,0.05,340.1,120.1,UPI / Digital Wallet,Delivered
TXN-11760,2023-12-23,CUST-1458,Home Office,East,Clothing,Clearance,Budget Graphic Polyester Tee,14.0,13.5,2,0.5,14.0,-13.0,Cash on Delivery,Pending
TXN-10855,2023-07-01,CUST-1763,Home Office,Central,Home & Kitchen,Bedding,Orthopedic Memory Foam Pillow,39.0,18.0,2,0.0,78.0,42.0,Net Banking,Delivered
TXN-11590,2023-02-16,CUST-1308,Home Office,North,Clothing,Clearance,Budget Graphic Polyester Tee,14.0,13.5,3,0.4,25.2,-15.3,UPI / Digital Wallet,Cancelled
TXN-12268,2023-12-11,CUST-1865,Consumer,North,Electronics,Audio,Noise-Canceling Wireless Headphones,179.0,110.0,2,0.0,358.0,138.0,Debit Card,Shipped
TXN-10642,06/03/2023,CUST-1716,Home Office,WEST,Home & Kitchen,Coffee Makers,Automatic Espresso & Cappuccino Maker,229.0,155.0,1,0.05,217.55,62.55,Credit Card,Delivered
TXN-10002,2023-04-12,CUST-1575,Consumer,West,Beauty & Personal Care,Skincare,Revitalizing Night Face Cream,35.0,12.0,2,0.15,59.5,35.5,Cash on Delivery,Pending
TXN-12161,2023-09-12,CUST-1842,Consumer,East,Electronics,Television,Ultra HD Smart LED TV 55-inch,649.0,490.0,1,0.0,649.0,159.0,,Delivered
TXN-10699,2023-08-09,CUST-1006,Corporate,North,Clothing,Outerwear,Fleece Zip Hooded Sweatshirt,45.0,21.0,2,0.0,90.0,48.0,Debit Card,Delivered
TXN-11637,2023-06-24,CUST-1718,Corporate,South,Home & Kitchen,Cookware,Stainless Steel 10-Piece Cookware Set,169.0,112.0,2,0.1,304.2,80.2,UPI / Digital Wallet,Pending
TXN-11292,2023-08-23,CUST-1318,Home Office,South,Clothing,Footwear,Breathable Mesh Running Shoes,79.0,39.0,1,0.1,71.1,32.1,Credit Card,Delivered
TXN-12702,2023-03-16,CUST-1455,Corporate,South,Electronics,Audio,Bluetooth Portable Speaker,49.0,26.0,2,0.0,98.0,46.0,Net Banking,Cancelled
TXN-12490,12-12-2023,CUST-1418,Consumer,West,Sports & Outdoors,Outdoor Gear,Tactical Multi-Pocket Hiking Backpack,68.0,36.0,1,0.0,68.0,32.0,Credit Card,Delivered
TXN-11521,11-10-2023,CUST-1558,Home Office,West,Clothing,Women's Apparel,Women's Floral Cotton Dress,59.0,26.0,2,0.0,118.0,66.0,Net Banking,Delivered
TXN-11854,2023-12-09,CUST-1505,Corporate,South,Beauty & Personal Care,Hair Styling,Ionic Salon Hair Dryer,$75.00,36.0,3,0.25,168.75,60.75,Credit Card,Pending
TXN-11137,23-12-2023,CUST-1014,Consumer,  central  ,Sports & Outdoors,Outdoor Gear,Tactical Multi-Pocket Hiking Backpack,68.0,36.0,2,0.1,122.4,50.4,Debit Card,Delivered
TXN-12739,2023-08-17,CUST-1214,Corporate,East, Electronics ,Laptops & PCs,Ultra-Slim 14-inch Laptop,950.0,740.0,2,0.15,1615.0,135.0,,Delivered
TXN-11632,2023-03-03,CUST-1095,Corporate,EAST,Electronics,Television,Ultra HD Smart LED TV 55-inch,649.0,490.0,3,0.1,1752.3,282.3,Debit Card,Shipped
TXN-11999,2023-10-14,CUST-1592,Consumer,West,Beauty & Personal Care,Haircare,Argan Oil Repair Shampoo & Conditioner,24.0,8.5,4,0.05,91.2,57.2,Debit Card,Delivered
TXN-10664,2023-03-05,CUST-1481,Home Office,West,Clothing,Outerwear,Fleece Zip Hooded Sweatshirt,45.0,21.0,5,0.1,202.5,97.5,Cash on Delivery,Delivered
TXN-10684,2023-03-17,CUST-1883,Home Office,West,Sports & Outdoors,Fitness,Eco-Friendly Yoga Mat with Strap,32.0,14.0,2,0.1,57.6,29.6,Credit Card,Pending
TXN-11258,2023-04-18,CUST-1161,Corporate,South,Clothing,Outerwear,Fleece Zip Hooded Sweatshirt,45.0,21.0,3,0.05,128.25,65.25,Net Banking,Shipped
TXN-10318,2023-06-19,CUST-1033,Corporate,North,Electronics,Audio,Noise-Canceling Wireless Headphones,179.0,110.0,3,0.0,537.0,207.0,,Delivered
TXN-10649,09-03-2023,CUST-1805,Consumer,West, Clothing ,Men's Apparel,Classic Organic Cotton T-Shirt,22.0,8.5,1,0.15,18.7,10.2,Cash on Delivery,Delivered
TXN-11435,2023-12-17,CUST-1428,Home Office,West,Electronics,Television,Ultra HD Smart LED TV 55-inch,$649.00,490.0,1,0.2,519.2,29.2,Net Banking,Shipped
TXN-11480,2023-03-18,CUST-1062,Consumer,  central  ,Home & Kitchen,Small Appliances,Digital Air Fryer 5.8 Qt,89.0,56.0,2,0.0,178.0,66.0,Credit Card,Pending
TXN-10710,2023-03-13,CUST-1364,Consumer,East,Home & Kitchen,Small Appliances,Digital Air Fryer 5.8 Qt,89.0,56.0,3,0.1,240.3,72.3,Debit Card,Delivered
TXN-11283,2023-02-10,CUST-1241,Home Office,Central,Sports & Outdoors,Hydration,Insulated Vacuum Water Bottle 1L,24.0,9.5,1,0.05,22.8,13.3,Net Banking,Pending
TXN-11769,2023-08-04,CUST-1889,Home Office,South,Sports & Outdoors,Outdoor Gear,Tactical Multi-Pocket Hiking Backpack,68.0,36.0,1,0.0,68.0,32.0,Debit Card,Shipped
TXN-10973,2023-08-07,CUST-1053,Corporate,North,Beauty & Personal Care,Haircare,Argan Oil Repair Shampoo & Conditioner,24.0,8.5,6,0.15,122.4,71.4,Cash on Delivery,Shipped
TXN-11307,2023-01-10,CUST-1454,Home Office,  west  ,Clothing,Footwear,Breathable Mesh Running Shoes,$79.00,39.0,2,0.15,134.3,56.3,Net Banking,Pending
TXN-11401,2023-02-14,CUST-1302,Home Office,South,Electronics,Accessories,USB-C Multiport Fast Hub,34.0,15.0,2,0.15,57.8,27.8,UPI / Digital Wallet,Delivered
TXN-11409,02/25/2023,CUST-1423,Corporate,Central,Sports & Outdoors,Strength Training,Adjustable Quick-Select Dumbbell Set,159.0,102.0,2,0.15,270.3,66.3,UPI / Digital Wallet,Delivered
TXN-12238,2023-06-17,CUST-1667,Corporate,West,Home & Kitchen,Bedding,Orthopedic Memory Foam Pillow,39.0,18.0,1,0.15,33.15,15.15,UPI / Digital Wallet,Delivered
TXN-11497,2023-06-16,CUST-1224,Corporate,East, Sports & Outdoors ,Strength Training,Adjustable Quick-Select Dumbbell Set,159.0,102.0,2,0.0,318.0,114.0,Net Banking,Cancelled
TXN-12039,2023-04-12,CUST-1712,Consumer,North,Beauty & Personal Care,Haircare,Argan Oil Repair Shampoo & Conditioner,24.0,8.5,1,0.15,20.4,11.9,Debit Card,Delivered
TXN-11530,2023-08-08,CUST-1649,Home Office,Central,Clothing,Women's Apparel,Women's Floral Cotton Dress,59.0,26.0,3,0.15,150.45,72.45,Credit Card,Delivered
TXN-11664,2023-02-05,CUST-1252,Home Office,Central,Beauty & Personal Care,Oral Care,Rechargeable Sonic Electric Toothbrush,69.0,34.0,1,0.1,62.1,28.1,Cash on Delivery,Delivered
TXN-11355,2023-03-15,CUST-1184,Home Office,West,Electronics,Audio,Noise-Canceling Wireless Headphones,179.0,110.0,1,0.15,152.15,42.15,Net Banking,Pending
TXN-12764,2023-11-29,CUST-1674,Consumer,West,Electronics,Audio,Bluetooth Portable Speaker,49.0,26.0,1,0.2,39.2,13.2,Net Banking,Delivered
TXN-12783,10-06-2023,CUST-1391,Home Office,North, Electronics ,Accessories,USB-C Multiport Fast Hub,$34.00,15.0,3,0.05,96.9,51.9,UPI / Digital Wallet,Shipped
TXN-11644,09/08/2023,CUST-1980,Home Office,West,Home & Kitchen,Cleaning,Robot Smart Vacuum Cleaner,$279.00,215.0,6,0.15,1422.9,132.9,Debit Card,Delivered
TXN-11052,2023-11-28,CUST-1552,Home Office,North,Sports & Outdoors,Strength Training,Adjustable Quick-Select Dumbbell Set,159.0,102.0,2,0.2,254.4,50.4,Debit Card,Delivered
TXN-10796,2023-06-21,CUST-1730,Consumer,North,Sports & Outdoors,Hydration,Insulated Vacuum Water Bottle 1L,$24.00,9.5,2,0.05,45.6,26.6,Cash on Delivery,Pending
TXN-11598,2023-05-21,CUST-1124,Consumer,South,Clothing,Footwear,Breathable Mesh Running Shoes,79.0,39.0,1,0.0,79.0,40.0,UPI / Digital Wallet,Delivered
TXN-12605,2023-02-11,CUST-1510,Home Office,SOUTH,Beauty & Personal Care,Oral Care,Rechargeable Sonic Electric Toothbrush,69.0,34.0,5,0.1,310.5,140.5,UPI / Digital Wallet,Delivered
TXN-12626,31-08-2023,CUST-1011,Consumer,West,Home & Kitchen,Cleaning,Robot Smart Vacuum Cleaner,279.0,215.0,3,0.0,837.0,192.0,Net Banking,Cancelled
TXN-11820,2023-09-15,CUST-1428,Corporate,West,Electronics,Television,Ultra HD Smart LED TV 55-inch,649.0,490.0,1,0.0,649.0,159.0,Cash on Delivery,Delivered
TXN-11723,2023-12-02,CUST-1362,Consumer,West,Home & Kitchen,Cookware,Stainless Steel 10-Piece Cookware Set,$169.00,112.0,2,0.15,287.3,63.3,Cash on Delivery,Shipped
TXN-11184,2023-09-15,CUST-1239,Consumer,East,Clothing,Men's Apparel,Classic Organic Cotton T-Shirt,22.0,8.5,3,0.05,62.7,37.2,Credit Card,Cancelled
TXN-12573,2023-06-06,CUST-1812,Corporate,East,Electronics,Television,Ultra HD Smart LED TV 55-inch,649.0,490.0,2,0.0,1298.0,318.0,Net Banking,Cancelled
TXN-11060,2023-05-09,CUST-1318,Corporate,West,Electronics,Audio,Noise-Canceling Wireless Headphones,179.0,110.0,2,0.0,358.0,138.0,Cash on Delivery,Delivered
TXN-10541,2023-07-11,CUST-1522,Home Office,East,Home & Kitchen,Coffee Makers,Automatic Espresso & Cappuccino Maker,229.0,155.0,2,0.0,458.0,148.0,UPI / Digital Wallet,Pending
TXN-11679,2023-07-27,CUST-1620,Corporate,South,Home & Kitchen,Coffee Makers,Automatic Espresso & Cappuccino Maker,229.0,155.0,2,0.0,458.0,148.0,Credit Card,Delivered
TXN-12729,05/14/2023,CUST-1989,Home Office,West,Electronics,Audio,Noise-Canceling Wireless Headphones,179.0,110.0,1,0.0,179.0,69.0,Cash on Delivery,Delivered
TXN-12533,2023-11-20,CUST-1932,Corporate,WEST,Home & Kitchen,Small Appliances,Digital Air Fryer 5.8 Qt,89.0,56.0,5,0.1,400.5,120.5,Debit Card,Delivered
TXN-11758,2023-02-10,CUST-1707,Home Office,South,Sports & Outdoors,Fitness,Eco-Friendly Yoga Mat with Strap,32.0,14.0,1,0.0,32.0,18.0,Net Banking,Delivered
TXN-11924,2023-12-03,CUST-1550,Consumer,  south  ,Beauty & Personal Care,Skincare,Revitalizing Night Face Cream,35.0,12.0,1,0.1,31.5,19.5,Credit Card,Shipped
TXN-10096,2023-04-09,CUST-1498,Corporate,North,Clothing,Men's Apparel,Men's Slim Fit Denim Jeans,$49.00,22.0,8,0.0,392.0,216.0,Credit Card,Pending
TXN-11021,2023-10-15,CUST-1534,Home Office,CENTRAL,Home & Kitchen,Storage,Glass Food Storage Containers (Set of 6),28.0,13.0,1,0.1,25.2,12.2,UPI / Digital Wallet,Delivered
TXN-10564,2023-06-08,CUST-1128,Consumer,Central,Clothing,Men's Apparel,Men's Slim Fit Denim Jeans,49.0,22.0,2,0.0,98.0,54.0,Credit Card,Delivered
TXN-10864,2023-10-25,CUST-1370,Corporate,North,Sports & Outdoors,Outdoor Gear,Tactical Multi-Pocket Hiking Backpack,68.0,36.0,2,0.1,122.4,50.4,Cash on Delivery,Shipped
TXN-11485,2023-03-13,CUST-1142,Corporate,North,Sports & Outdoors,Camping,Waterproof 4-Person Camping Tent,139.0,88.0,1,0.1,125.1,37.1,Net Banking,Shipped
TXN-11882,01-03-2023,CUST-1864,Consumer,WEST,Home & Kitchen,Cleaning,Robot Smart Vacuum Cleaner,279.0,215.0,1,0.05,265.05,50.05,UPI / Digital Wallet,Delivered
TXN-11039,2023-10-17,CUST-1106,Corporate,SOUTH,Clothing,Men's Apparel,Men's Slim Fit Denim Jeans,49.0,22.0,1,0.0,49.0,27.0,Cash on Delivery,Pending
TXN-10207,2023-08-17,CUST-1287,Home Office,Central,Sports & Outdoors,Outdoor Gear,Tactical Multi-Pocket Hiking Backpack,68.0,36.0,1,0.15,57.8,21.8,Debit Card,Cancelled
TXN-10393,2023-01-30,CUST-1095,Home Office,CENTRAL,Beauty & Personal Care,Skincare,Hydrating Hyaluronic Acid Serum,29.0,9.5,2,0.0,58.0,39.0,Credit Card,Cancelled
TXN-10871,2023-04-26,CUST-1897,Consumer,South,Home & Kitchen,Small Appliances,Digital Air Fryer 5.8 Qt,89.0,56.0,2,0.0,178.0,66.0,UPI / Digital Wallet,Delivered
TXN-10398,2023-07-16,CUST-1004,Home Office,North, Beauty & Personal Care ,Skincare,Revitalizing Night Face Cream,35.0,12.0,3,0.1,94.5,58.5,Net Banking,Delivered
TXN-12723,12/26/2023,CUST-1829,Home Office,North,Sports & Outdoors,Hydration,Insulated Vacuum Water Bottle 1L,24.0,9.5,1,0.1,21.6,12.1,Debit Card,Shipped
TXN-11029,01-01-2023,CUST-1510,Home Office,East,Electronics,Audio,Bluetooth Portable Speaker,49.0,26.0,1,0.0,49.0,23.0,Debit Card,Pending
TXN-12691,12-01-2023,CUST-1087,Home Office,North, Beauty & Personal Care ,Oral Care,Rechargeable Sonic Electric Toothbrush,69.0,34.0,1,0.1,62.1,28.1,Cash on Delivery,Delivered
TXN-11486,01-02-2023,CUST-1192,Home Office,Central,Sports & Outdoors,Fitness,Eco-Friendly Yoga Mat with Strap,32.0,14.0,1,0.0,32.0,18.0,Credit Card,Shipped
TXN-12661,2023-05-04,CUST-1491,Home Office,South,Electronics,Smartphones,Smartphone Pro 128GB,799.0,610.0,3,0.1,2157.3,327.3,Credit Card,Pending
TXN-10961,2023-03-24,CUST-1025,Home Office,West,Electronics,Audio,Noise-Canceling Wireless Headphones,179.0,110.0,2,0.0,358.0,138.0,Net Banking,Delivered
TXN-11571,24-09-2023,CUST-1657,Consumer,East,Sports & Outdoors,Hydration,Insulated Vacuum Water Bottle 1L,24.0,9.5,1,0.15,20.4,10.9,Net Banking,Shipped
TXN-11896,2023-10-13,CUST-1555,Home Office,North,Home & Kitchen,Coffee Makers,Automatic Espresso & Cappuccino Maker,229.0,155.0,1,0.05,217.55,62.55,Credit Card,Delivered
TXN-12147,2023-02-08,CUST-1144,Consumer,East,Sports & Outdoors,Fitness,Eco-Friendly Yoga Mat with Strap,32.0,14.0,1,0.15,27.2,13.2,Debit Card,Delivered
TXN-10805,2023-07-26,CUST-1262,Home Office,NORTH,Electronics,Laptops & PCs,Ultra-Slim 14-inch Laptop,950.0,740.0,2,0.15,1615.0,135.0,Cash on Delivery,Pending
TXN-11752,23-06-2023,CUST-1353,Corporate,West,Clothing,Clearance,Budget Graphic Polyester Tee,14.0,13.5,3,0.3,29.4,-11.1,Cash on Delivery,Delivered
TXN-12455,2023-10-30,CUST-1431,Consumer,West,Beauty & Personal Care,Hair Styling,Ionic Salon Hair Dryer,75.0,36.0,1,0.15,63.75,27.75,Cash on Delivery,Delivered
TXN-10503,10/04/2023,CUST-1029,Home Office,West,Clothing,Men's Apparel,Men's Slim Fit Denim Jeans,49.0,22.0,3,0.05,139.65,73.65,Credit Card,Cancelled
TXN-10780,09/16/2023,CUST-1706,Corporate,East,Home & Kitchen,Cookware,Stainless Steel 10-Piece Cookware Set,169.0,112.0,1,0.0,169.0,57.0,Net Banking,Delivered
TXN-11864,2023-07-21,CUST-1314,Home Office,East,Sports & Outdoors,Fitness,Eco-Friendly Yoga Mat with Strap,32.0,14.0,3,0.1,86.4,44.4,UPI / Digital Wallet,Shipped
TXN-10201,2023-10-18,CUST-1087,Home Office,Central,Beauty & Personal Care,Haircare,Argan Oil Repair Shampoo & Conditioner,24.0,8.5,3,0.0,72.0,46.5,Credit Card,Shipped
TXN-12183,2023-06-29,CUST-1444,Consumer,South,Electronics,Audio,Bluetooth Portable Speaker,49.0,26.0,1,0.05,46.55,20.55,Credit Card,Shipped
TXN-12089,2023-05-14,CUST-1125,Consumer,Central, Clothing ,Outerwear,Fleece Zip Hooded Sweatshirt,45.0,21.0,2,0.0,90.0,48.0,Credit Card,Cancelled
TXN-12279,2023-08-13,CUST-1703,Corporate,East,Clothing,Outerwear,Fleece Zip Hooded Sweatshirt,45.0,21.0,3,0.0,135.0,72.0,Cash on Delivery,Cancelled
TXN-11797,2023-06-10,CUST-1552,Home Office,Central,Beauty & Personal Care,Skincare,Revitalizing Night Face Cream,35.0,12.0,1,0.15,29.75,17.75,Cash on Delivery,Shipped
TXN-10379,2023-11-25,CUST-1936,Home Office,North,Beauty & Personal Care,Skincare,Revitalizing Night Face Cream,35.0,12.0,6,0.1,189.0,117.0,Credit Card,Pending
TXN-12337,2023-02-08,CUST-1181,Corporate,West,Beauty & Personal Care,Oral Care,Rechargeable Sonic Electric Toothbrush,69.0,34.0,1,0.0,69.0,35.0,Debit Card,Cancelled
TXN-10419,2023-07-10,CUST-1065,Consumer,Central,Clothing,Outerwear,Fleece Zip Hooded Sweatshirt,45.0,21.0,2,0.15,76.5,34.5,Cash on Delivery,Cancelled
TXN-11699,2023-08-22,CUST-1613,Corporate,South,Sports & Outdoors,Hydration,Insulated Vacuum Water Bottle 1L,24.0,9.5,2,0.0,48.0,29.0,UPI / Digital Wallet,Pending
TXN-10392,12/20/2023,CUST-1694,Consumer,North,Clothing,Men's Apparel,Classic Organic Cotton T-Shirt,22.0,8.5,2,0.25,33.0,16.0,Credit Card,Shipped
TXN-12641,2023-06-19,CUST-1782,Corporate,East,Clothing,Men's Apparel,Men's Slim Fit Denim Jeans,49.0,22.0,4,0.0,196.0,108.0,Cash on Delivery,Delivered
TXN-11523,10-08-2023,CUST-1861,Corporate,Central,Home & Kitchen,Coffee Makers,Automatic Espresso & Cappuccino Maker,229.0,155.0,1,0.15,194.65,39.65,Credit Card,Pending
TXN-11163,2023-12-04,CUST-1595,Corporate,Central,Clothing,Clearance,Budget Graphic Polyester Tee,14.0,13.5,1,0.25,10.5,-3.0,UPI / Digital Wallet,Pending
TXN-11496,2023-09-29,CUST-1034,Consumer,Central,Electronics,Television,Ultra HD Smart LED TV 55-inch,649.0,490.0,3,0.0,1947.0,477.0,Cash on Delivery,Delivered
TXN-12696,2023-05-24,CUST-1946,Home Office,South,Sports & Outdoors,Fitness,Eco-Friendly Yoga Mat with Strap,32.0,14.0,1,0.0,32.0,18.0,Credit Card,Pending
TXN-12028,2023-07-07,CUST-1106,Home Office,  north  ,Electronics,Accessories,USB-C Multiport Fast Hub,34.0,15.0,1,0.1,30.6,15.6,Credit Card,Shipped
TXN-11153,2023-11-29,CUST-1230,Corporate,West,Home & Kitchen,Storage,Glass Food Storage Containers (Set of 6),28.0,13.0,1,0.0,28.0,15.0,Net Banking,Pending
TXN-11368,2023-01-05,CUST-1220,Corporate,South,Clothing,Women's Apparel,Women's Floral Cotton Dress,59.0,26.0,1,0.1,53.1,27.1,Debit Card,Pending
TXN-12569,10/01/2023,CUST-1869,Consumer,Central,Beauty & Personal Care,Haircare,Argan Oil Repair Shampoo & Conditioner,24.0,8.5,1,0.15,20.4,11.9,Net Banking,Shipped
TXN-10065,,CUST-1635,Corporate,East,Electronics,Television,Ultra HD Smart LED TV 55-inch,649.0,490.0,1,0.25,486.75,-3.25,UPI / Digital Wallet,Cancelled
TXN-12063,09/19/2023,CUST-1590,Corporate,Central,Electronics,Smartphones,Smartphone Pro 128GB,799.0,610.0,2,0.0,1598.0,378.0,Credit Card,Shipped
TXN-11181,2023-09-11,CUST-1729,Home Office,South, Home & Kitchen ,Cleaning,Robot Smart Vacuum Cleaner,279.0,215.0,1,0.0,279.0,64.0,Net Banking,Delivered
TXN-10493,31-12-2023,CUST-1301,Corporate,East,Home & Kitchen,Cookware,Stainless Steel 10-Piece Cookware Set,169.0,112.0,3,0.25,380.25,44.25,Debit Card,Pending
TXN-10380,2023-10-14,CUST-1721,Consumer,North,Clothing,Outerwear,Fleece Zip Hooded Sweatshirt,45.0,21.0,1,0.05,42.75,21.75,Cash on Delivery,Cancelled
TXN-12236,2023-05-20,CUST-1904,Home Office,  north  ,Sports & Outdoors,Outdoor Gear,Tactical Multi-Pocket Hiking Backpack,68.0,36.0,3,0.0,204.0,96.0,Debit Card,Delivered
TXN-10764,04/30/2023,CUST-1581,Corporate,West,Electronics,Laptops & PCs,Ultra-Slim 14-inch Laptop,950.0,740.0,3,0.05,2707.5,487.5,UPI / Digital Wallet,Delivered
TXN-12265,07/01/2023,CUST-1304,Consumer,Central,Sports & Outdoors,Camping,Waterproof 4-Person Camping Tent,139.0,88.0,1,0.05,132.05,44.05,UPI / Digital Wallet,Shipped
TXN-10792,2023-09-08,CUST-1356,Consumer,North,Beauty & Personal Care,Oral Care,Rechargeable Sonic Electric Toothbrush,69.0,34.0,2,0.15,117.3,49.3,Net Banking,Delivered
TXN-11077,2023-11-03,CUST-1775,Home Office,Central,Beauty & Personal Care,Skincare,Hydrating Hyaluronic Acid Serum,29.0,9.5,4,0.15,98.6,60.6,Cash on Delivery,Cancelled
TXN-10879,04-04-2023,CUST-1352,Corporate,West,Electronics,Audio,Bluetooth Portable Speaker,49.0,26.0,1,0.0,49.0,23.0,Cash on Delivery,Delivered
TXN-10338,2023-08-09,CUST-1796,Consumer,North,Clothing,Men's Apparel,Classic Organic Cotton T-Shirt,22.0,8.5,2,0.15,37.4,20.4,Cash on Delivery,Shipped
TXN-12344,2023-08-25,CUST-1509,Home Office,  east  ,Home & Kitchen,Storage,Glass Food Storage Containers (Set of 6),28.0,13.0,1,0.15,23.8,10.8,UPI / Digital Wallet,Cancelled
TXN-11017,2023-10-11,CUST-1685,Corporate,South,Clothing,Outerwear,Fleece Zip Hooded Sweatshirt,45.0,21.0,3,0.05,128.25,65.25,Debit Card,Pending
TXN-11276,2023-08-07,CUST-1169,Home Office,North,Home & Kitchen,Coffee Makers,Automatic Espresso & Cappuccino Maker,229.0,155.0,3,0.0,687.0,222.0,Debit Card,Delivered
TXN-10456,2023-06-04,CUST-1668,Corporate,Central,Home & Kitchen,Bedding,Orthopedic Memory Foam Pillow,39.0,18.0,3,0.1,105.3,51.3,,Shipped
TXN-10816,2023-05-06,CUST-1504,Corporate,West, Sports & Outdoors ,Fitness,Eco-Friendly Yoga Mat with Strap,32.0,14.0,1,0.05,30.4,16.4,Cash on Delivery,Cancelled
TXN-12318,11-01-2023,CUST-1047,Consumer,North,Clothing,Footwear,Breathable Mesh Running Shoes,79.0,39.0,3,0.0,237.0,120.0,UPI / Digital Wallet,Delivered
TXN-10996,2023-11-12,CUST-1351,Home Office,Central,Clothing,Outerwear,Fleece Zip Hooded Sweatshirt,45.0,21.0,3,0.1,121.5,58.5,Net Banking,Cancelled
TXN-11982,08/30/2023,CUST-1003,Consumer,West,Electronics,Television,Ultra HD Smart LED TV 55-inch,649.0,490.0,1,0.15,551.65,61.65,Net Banking,Delivered
TXN-10202,12-06-2023,CUST-1335,Consumer,South,Home & Kitchen,Small Appliances,Digital Air Fryer 5.8 Qt,89.0,56.0,1,0.0,89.0,33.0,Net Banking,Delivered
TXN-10162,2023-07-28,CUST-1525,Consumer,Central, Electronics ,Audio,Bluetooth Portable Speaker,49.0,26.0,1,0.05,46.55,20.55,Net Banking,Pending
TXN-11580,2023-12-02,CUST-1397,Home Office,North,Electronics,Audio,Bluetooth Portable Speaker,49.0,26.0,2,0.05,93.1,41.1,Cash on Delivery,Delivered
TXN-12450,11-02-2023,CUST-1784,Home Office,South,Beauty & Personal Care,Haircare,Argan Oil Repair Shampoo & Conditioner,24.0,8.5,2,0.05,45.6,28.6,UPI / Digital Wallet,Shipped
TXN-10703,2023-01-15,CUST-1473,Consumer,North,Home & Kitchen,Cleaning,Robot Smart Vacuum Cleaner,279.0,215.0,1,0.1,251.1,36.1,Net Banking,Delivered
TXN-11501,2023-12-05,CUST-1847,Corporate,Central,Home & Kitchen,Cleaning,Robot Smart Vacuum Cleaner,279.0,215.0,1,0.1,251.1,36.1,Cash on Delivery,Delivered
TXN-11130,2023-03-08,CUST-1249,Corporate,South,Electronics,Television,Ultra HD Smart LED TV 55-inch,649.0,490.0,1,0.0,649.0,159.0,Cash on Delivery,Cancelled
TXN-12614,2023-11-27,CUST-1721,Home Office,West,Clothing,Footwear,Breathable Mesh Running Shoes,79.0,39.0,1,0.15,67.15,28.15,Credit Card,Pending
TXN-11022,2023-06-03,CUST-1057,Corporate,East, Beauty & Personal Care ,Oral Care,Rechargeable Sonic Electric Toothbrush,69.0,34.0,5,0.0,345.0,175.0,Debit Card,Delivered
TXN-11586,10/01/2023,CUST-1839,Home Office,West,Beauty & Personal Care,Hair Styling,Ionic Salon Hair Dryer,75.0,36.0,1,0.1,67.5,31.5,Cash on Delivery,Pending
TXN-11956,02/07/2023,CUST-1114,Consumer,North,Home & Kitchen,Small Appliances,Digital Air Fryer 5.8 Qt,89.0,56.0,1,0.1,80.1,24.1,UPI / Digital Wallet,Pending
TXN-12254,2023-06-19,CUST-1334,Consumer,South, Clothing ,Men's Apparel,Classic Organic Cotton T-Shirt,22.0,8.5,1,0.1,19.8,11.3,,Shipped
TXN-10035,27-05-2023,CUST-1080,Consumer,Central,Clothing,Men's Apparel,Men's Slim Fit Denim Jeans,49.0,22.0,1,0.05,46.55,24.55,Debit Card,Delivered
TXN-10776,2023-12-01,CUST-1035,Home Office,East,Clothing,Clearance,Budget Graphic Polyester Tee,14.0,13.5,1,0.4,8.4,-5.1,Credit Card,Pending
TXN-12557,2023-04-17,CUST-1499,Corporate,Central,Home & Kitchen,Coffee Makers,Automatic Espresso & Cappuccino Maker,229.0,155.0,1,0.05,217.55,62.55,Cash on Delivery,Shipped
TXN-11479,2023-03-09,CUST-1479,Home Office,West,Beauty & Personal Care,Oral Care,Rechargeable Sonic Electric Toothbrush,69.0,34.0,3,0.0,207.0,105.0,Credit Card,Delivered
TXN-11391,09/28/2023,CUST-1989,Consumer,South,Home & Kitchen,Cookware,Stainless Steel 10-Piece Cookware Set,169.0,112.0,1,0.1,152.1,40.1,Credit Card,Delivered
TXN-12140,2023-06-03,CUST-1927,Corporate,West,Home & Kitchen,Storage,Glass Food Storage Containers (Set of 6),28.0,13.0,3,0.0,84.0,45.0,UPI / Digital Wallet,Shipped
TXN-11364,2023-08-09,CUST-1330,Home Office,West,Electronics,Audio,Noise-Canceling Wireless Headphones,179.0,110.0,1,0.05,170.05,60.05,Debit Card,Delivered
TXN-12613,2023-05-06,CUST-1719,Consumer,East,Beauty & Personal Care,Oral Care,Rechargeable Sonic Electric Toothbrush,69.0,34.0,2,0.15,117.3,49.3,Debit Card,Cancelled
TXN-12042,2023-04-03,CUST-1901,Consumer,West,Electronics,Audio,Noise-Canceling Wireless Headphones,179.0,110.0,1,0.0,179.0,69.0,Cash on Delivery,Delivered
TXN-10242,2023-01-24,CUST-1067,Home Office,Central,Clothing,Footwear,Breathable Mesh Running Shoes,79.0,39.0,4,0.1,284.4,128.4,Net Banking,Delivered
TXN-12062,2023-12-13,CUST-1608,Corporate,West, Electronics ,Accessories,USB-C Multiport Fast Hub,34.0,15.0,1,0.0,34.0,19.0,Credit Card,Cancelled
TXN-12364,04/26/2023,CUST-1813,Home Office,North,Beauty & Personal Care,Haircare,Argan Oil Repair Shampoo & Conditioner,24.0,8.5,2,0.05,45.6,28.6,UPI / Digital Wallet,Shipped
TXN-10601,2023-03-15,CUST-1712,Home Office,South,Home & Kitchen,Cleaning,Robot Smart Vacuum Cleaner,279.0,215.0,1,0.05,265.05,50.05,UPI / Digital Wallet,Pending
TXN-12436,04/06/2023,CUST-1562,Consumer,South, Home & Kitchen ,Storage,Glass Food Storage Containers (Set of 6),28.0,13.0,1,0.15,23.8,10.8,Credit Card,Delivered
TXN-11298,03/30/2023,CUST-1965,Corporate,East,Clothing,Men's Apparel,Men's Slim Fit Denim Jeans,49.0,22.0,2,0.15,83.3,39.3,Debit Card,Delivered
TXN-12215,2023-07-24,CUST-1871,Consumer,South,Clothing,Outerwear,Fleece Zip Hooded Sweatshirt,45.0,21.0,1,0.0,45.0,24.0,Cash on Delivery,Pending
TXN-12069,2023-06-13,CUST-1303,Home Office,North,Electronics,Television,Ultra HD Smart LED TV 55-inch,649.0,490.0,1,0.0,649.0,159.0,Debit Card,Shipped
TXN-10647,2023-07-02,CUST-1401,Corporate,East, Electronics ,Television,Ultra HD Smart LED TV 55-inch,649.0,490.0,2,0.0,1298.0,318.0,Net Banking,Delivered
TXN-11529,2023-09-22,CUST-1398,Consumer,West, Clothing ,Clearance,Budget Graphic Polyester Tee,$14.00,13.5,1,0.25,10.5,-3.0,Credit Card,Shipped
TXN-11268,2023-04-18,CUST-1149,Consumer,South,Electronics,Wearables,Smart Fitness Health Watch,129.0,75.0,6,0.0,774.0,324.0,Net Banking,Delivered
TXN-11900,01-10-2023,CUST-1408,Corporate,East,Electronics,Smartphones,Smartphone Pro 128GB,799.0,610.0,1,0.0,799.0,189.0,Cash on Delivery,Pending
TXN-10563,2023-12-25,CUST-1780,,Central,Home & Kitchen,Coffee Makers,Automatic Espresso & Cappuccino Maker,229.0,155.0,1,0.0,229.0,74.0,Cash on Delivery,Shipped
TXN-12735,2023-03-06,CUST-1843,Home Office,North,Electronics,Accessories,USB-C Multiport Fast Hub,34.0,15.0,1,0.0,34.0,19.0,Cash on Delivery,Delivered
TXN-10190,05/04/2023,CUST-1116,Consumer,Central,Home & Kitchen,Coffee Makers,Automatic Espresso & Cappuccino Maker,229.0,155.0,2,0.0,458.0,148.0,UPI / Digital Wallet,Delivered
TXN-11807,2023-10-01,CUST-1639,Consumer,East,Electronics,Television,Ultra HD Smart LED TV 55-inch,649.0,490.0,1,0.0,649.0,159.0,Debit Card,Delivered
TXN-10976,20-10-2023,CUST-1094,Consumer,North,Clothing,Women's Apparel,Women's Floral Cotton Dress,59.0,26.0,3,0.0,177.0,99.0,,Delivered
TXN-12748,2023-12-05,CUST-1833,Consumer,East,Electronics,Smartphones,Smartphone Pro 128GB,799.0,610.0,3,0.1,2157.3,327.3,Net Banking,Delivered
TXN-12048,2023-12-23,CUST-1984,Home Office,North,Beauty & Personal Care,Skincare,Revitalizing Night Face Cream,35.0,12.0,3,0.15,89.25,53.25,Cash on Delivery,Cancelled
TXN-12559,10/27/2023,CUST-1967,Corporate,South,Electronics,Smartphones,Smartphone Pro 128GB,799.0,610.0,1,0.15,679.15,69.15,Credit Card,Shipped
TXN-11083,2023-02-07,CUST-1646,Corporate,West,Sports & Outdoors,Camping,Waterproof 4-Person Camping Tent,139.0,88.0,1,0.15,118.15,30.15,Credit Card,Cancelled
TXN-10475,2023-07-04,CUST-1288,Corporate,Central,Home & Kitchen,Cookware,Stainless Steel 10-Piece Cookware Set,169.0,112.0,1,0.05,160.55,48.55,Net Banking,Delivered
TXN-10748,2023-04-10,CUST-1551,Consumer,East,Electronics,Smartphones,Smartphone Pro 128GB,799.0,610.0,2,0.0,1598.0,378.0,UPI / Digital Wallet,Pending
TXN-12301,04/02/2023,CUST-1347,Consumer,North,Sports & Outdoors,Strength Training,Adjustable Quick-Select Dumbbell Set,$159.00,102.0,1,0.0,159.0,57.0,Debit Card,Cancelled
TXN-10022,11/21/2023,CUST-1704,Home Office,North,Home & Kitchen,Bedding,Orthopedic Memory Foam Pillow,39.0,18.0,2,0.0,78.0,42.0,Cash on Delivery,Delivered
TXN-10460,2023-12-04,CUST-1285,Consumer,West, Beauty & Personal Care ,Haircare,Argan Oil Repair Shampoo & Conditioner,24.0,8.5,3,0.25,54.0,28.5,Credit Card,Delivered
TXN-11185,2023-02-09,CUST-1866,Home Office,South,Electronics,Audio,Bluetooth Portable Speaker,49.0,26.0,1,0.0,49.0,23.0,Cash on Delivery,Delivered
TXN-12325,08/04/2023,CUST-1868,Home Office,North,Sports & Outdoors,Outdoor Gear,Tactical Multi-Pocket Hiking Backpack,68.0,36.0,2,0.0,136.0,64.0,Cash on Delivery,Cancelled
TXN-10956,2023-04-21,CUST-1463,Home Office,South,Beauty & Personal Care,Skincare,Hydrating Hyaluronic Acid Serum,29.0,9.5,1,0.0,29.0,19.5,Credit Card,Pending
TXN-11216,07/04/2023,CUST-1219,Consumer,East,Home & Kitchen,Small Appliances,Digital Air Fryer 5.8 Qt,89.0,56.0,1,0.0,89.0,33.0,Cash on Delivery,Pending
TXN-12434,2023-08-17,CUST-1502,Corporate,  central  ,Electronics,Laptops & PCs,Ultra-Slim 14-inch Laptop,950.0,740.0,1,0.1,855.0,115.0,Cash on Delivery,Shipped
TXN-11516,2023-01-03,CUST-1946,Consumer,East,Beauty & Personal Care,Skincare,Revitalizing Night Face Cream,35.0,12.0,3,0.1,94.5,58.5,Net Banking,Delivered
TXN-12392,2023-05-21,CUST-1650,Corporate,South,Sports & Outdoors,Outdoor Gear,Tactical Multi-Pocket Hiking Backpack,68.0,36.0,1,0.1,61.2,25.2,UPI / Digital Wallet,Shipped
TXN-10770,2023-07-26,CUST-1786,Home Office,North,Clothing,Women's Apparel,Women's Floral Cotton Dress,59.0,26.0,2,0.0,118.0,66.0,Debit Card,Delivered
TXN-11686,2023-10-20,CUST-1583,Home Office,Central, Sports & Outdoors ,Camping,Waterproof 4-Person Camping Tent,139.0,88.0,1,0.05,132.05,44.05,Net Banking,Delivered
TXN-10131,2023-09-29,CUST-1927,Corporate,North,Clothing,Men's Apparel,Men's Slim Fit Denim Jeans,49.0,22.0,2,0.0,98.0,54.0,UPI / Digital Wallet,Cancelled
TXN-12136,2023-08-12,CUST-1399,Consumer,Central,Clothing,Outerwear,Fleece Zip Hooded Sweatshirt,45.0,21.0,4,0.0,180.0,96.0,Cash on Delivery,Pending
TXN-11483,2023-09-20,CUST-1790,Corporate,West,Home & Kitchen,Small Appliances,Digital Air Fryer 5.8 Qt,$89.00,56.0,2,0.15,151.3,39.3,Debit Card,Pending
TXN-10331,2023-06-15,CUST-1846,Corporate,South,Beauty & Personal Care,Skincare,Hydrating Hyaluronic Acid Serum,29.0,9.5,1,0.15,24.65,15.15,Net Banking,Cancelled
TXN-11239,01/31/2023,CUST-1160,Corporate,West,Clothing,Women's Apparel,Women's Floral Cotton Dress,59.0,26.0,1,0.05,56.05,30.05,Debit Card,Cancelled
TXN-10467,2023-11-26,CUST-1657,Consumer,West,Sports & Outdoors,Strength Training,Adjustable Quick-Select Dumbbell Set,159.0,102.0,2,0.0,318.0,114.0,UPI / Digital Wallet,Delivered
TXN-12170,05/15/2023,CUST-1008,Corporate,West,Home & Kitchen,Small Appliances,Digital Air Fryer 5.8 Qt,89.0,56.0,1,0.1,80.1,24.1,Credit Card,Pending
TXN-11639,2023-09-18,CUST-1388,Corporate,South,Beauty & Personal Care,Haircare,Argan Oil Repair Shampoo & Conditioner,$24.00,8.5,5,0.1,108.0,65.5,Credit Card,Cancelled
TXN-11096,10/06/2023,CUST-1182,Home Office,South,Clothing,Men's Apparel,Classic Organic Cotton T-Shirt,22.0,8.5,1,0.05,20.9,12.4,Cash on Delivery,Cancelled
TXN-11131,2023-12-18,CUST-1622,Corporate,West,Home & Kitchen,Bedding,Orthopedic Memory Foam Pillow,39.0,18.0,2,0.2,62.4,26.4,Debit Card,Cancelled
TXN-11295,24-05-2023,CUST-1625,,West,Home & Kitchen,Cookware,Stainless Steel 10-Piece Cookware Set,169.0,112.0,1,0.0,169.0,57.0,,Delivered
TXN-10861,2023-09-25,CUST-1231,Corporate,Central,Electronics,Audio,Bluetooth Portable Speaker,49.0,26.0,1,0.15,41.65,15.65,Debit Card,Cancelled
